CVE_ESCUELA_ATENCION,NOM_ESCUELA_ATENCION,REF_TURNO_ATENCION,REF_CICLO_ESCOLAR,prioridad_atencion,pct_incompleto,pct_caries,pct_visual,pct_sobrepeso_obesidad,imc_promedio,NUM_MATRICULA_TOTAL_ESCUELA_x,alertas_promedio,NUM_MATRICULA_TOTAL_ESCUELA_y,CLAVECCT,NOMBRE,longitud,latitud,alcaldia,NIVEL,completitud
09DPR4514N,MITLA,MATUTINO,2024-2025 | 2025-2026,43.3333,0.4167,85.4167,86.25,44.5833,19.0169,365.0,85.0,365,09DPR4514N,MITLA,-99.06536389,19.29063611,IZTAPALAPA,Primaria,99.5833
09DPR2208S,REPÚBLICA DE ISLANDIA,MATUTINO,2024-2025 | 2025-2026,43.0882,0.7353,74.2647,74.2647,66.1765,20.6915,141.0,80.1471,141,09DPR2209R,REPÚBLICA DE ISLANDIA,-99.08748056,19.44231111,VENUSTIANO CARRANZA,Primaria,99.2647
09DPR1296W,GREGORIO MARIAS,VESPERTINO,2024-2025 | 2025-2026,43.0612,1.0204,83.6735,87.7551,42.8571,18.9948,174.0,83.6735,174,09DPR1295X,GREGORIO MARÍAS,-99.04033611,19.34008056,IZTAPALAPA,Primaria,98.9796
09DPR5021I,AXAYACATL,MATUTINO,2024-2025 | 2025-2026,42.6637,0.0,76.7494,93.9052,42.6637,18.5227,583.0,82.167,583,09DPR5021I,AXAYACATL,-98.99857778,19.337925,IZTAPALAPA,Primaria,100.0
09DPR2377N,LORENZA ROSALES,MATUTINO,2025-2026,41.9549,0.7519,88.7218,81.9549,38.3459,18.7,158.0,81.203,158,09DPR2377N,LORENZA ROSALES,-99.12542222,19.44951111,VENUSTIANO CARRANZA,Primaria,99.2481
09DPR4163Z,BENITO PÉREZ GALDOS,MATUTINO,2024-2025 | 2025-2026,41.7993,0.346,76.4706,87.8893,44.2907,18.7686,390.0,84.083,390,09DPR4163Z,BENITO PÉREZ GALDOS,-98.98928333,19.34596111,IZTAPALAPA,Primaria,99.654
09DPR5023G,SURINAME,MATUTINO,2024-2025 | 2025-2026,41.7755,0.0,80.4178,76.5013,51.9582,19.3606,483.0,81.7232,483,09DPR5023G,SURINAME,-99.07499444,19.31462778,IZTAPALAPA,Primaria,100.0
09DPR2921F,LIC. JOSÉ MA. LAFRAGUA,MATUTINO,2024-2025 | 2025-2026,41.7143,0.9524,69.5238,87.619,50.4762,19.2534,347.0,80.0,347,09DPR2806O,LIC. JOSÉ MA. LAFRAGUA,-99.01598889,19.3567,IZTAPALAPA,Primaria,99.0476
09DPR2845Q,ANDRÉS MOLINA ENRIQUEZ,MATUTINO,2024-2025 | 2025-2026,41.6807,0.2101,73.3193,81.0924,53.7815,19.6099,609.0,78.9916,609,09DPR2845Q,ANDRÉS MOLINA ENRIQUEZ,-99.02286111,19.34256111,IZTAPALAPA,Primaria,99.7899
09DPR1050C,INSURGENTE PEDRO MORENO,VESPERTINO,2024-2025 | 2025-2026,41.6438,1.3699,79.4521,82.1918,45.2055,19.1324,113.0,79.4521,113,09DPR1049N,INSURGENTE PEDRO MORENO,-99.05126389,19.38991944,IZTAPALAPA,Primaria,98.6301
09DPR5022H,AXAYACATL,VESPERTINO,2024-2025 | 2025-2026,41.6327,0.5102,86.7347,81.6327,39.2857,19.1155,377.0,82.6531,377,09DPR5021I,AXAYACATL,-98.99857778,19.337925,IZTAPALAPA,Primaria,99.4898
09DPR1148N,ALBERTO MASFERRER,MATUTINO,2024-2025 | 2025-2026,41.4765,0.6711,59.0604,92.6174,55.0336,19.9028,241.0,81.2081,241,09DPR1148N,ALBERTO MASFERRER,-99.11871944,19.36605278,IZTAPALAPA,Primaria,99.3289
09DPR0953K,ANAHUAXOCHITL,MATUTINO,2024-2025 | 2025-2026,41.4286,9.0476,70.0,81.9048,46.1905,19.8048,241.0,77.1429,241,09DPR0953K,ANAHUAXOCHITL,-99.09513889,19.43733889,VENUSTIANO CARRANZA,Primaria,90.9524
09DPR3298H,PROFRA. MARÍA HAZAS VARGAS,MATUTINO,2024-2025 | 2025-2026,41.2295,0.4098,79.5082,77.8689,48.3607,19.3033,359.0,79.0984,359,09DPR3299G,PROFRA. MARÍA HAZAS VARGAS,-98.99517778,19.34689722,IZTAPALAPA,Primaria,99.5902
09DPR5049O,WILFRIDO MASSIEU,MATUTINO,2024-2025 | 2025-2026,41.206,1.5075,70.3518,82.4121,51.7588,18.9722,491.0,79.397,491,09DPR2999T,WILFRIDO MASSIEU,-99.16686111,19.33138333,COYOACÁN,Primaria,98.4925
09DPR5046R,JESUS SOTELO INCLAN,MATUTINO,2024-2025 | 2025-2026,40.9155,20.0704,72.5352,73.2394,38.7324,18.9018,267.0,73.2394,267,09PJN3286R,JESUS SOTELO INCLAN,-99.111312,19.222989,XOCHIMILCO,Preescolar,79.9296
09DPR3081J,REPÚBLICA SOCIALISTA DE VIETNAM,VESPERTINO,2024-2025 | 2025-2026,40.8511,0.5319,75.5319,83.5106,44.6809,19.2449,339.0,73.4043,339,09DPR3081J,REPÚBLICA SOCIALISTA DE VIETNAM,-99.01765278,19.339725,IZTAPALAPA,Primaria,99.4681
09DPR5026D,MITLA,VESPERTINO,2024-2025 | 2025-2026,40.5797,0.0,92.7536,73.913,36.2319,18.1328,124.0,79.7101,124,09DPR4514N,MITLA,-99.06536389,19.29063611,IZTAPALAPA,Primaria,100.0
09DPR2764F,FRANCISCO DEL PASO Y TRONCOSO,MATUTINO,2024-2025 | 2025-2026,40.5534,0.3953,65.2174,84.9802,52.1739,19.3841,422.0,79.4466,422,09DPR2764F,FRANCISCO DEL PASO Y TRONCOSO,-99.07276667,19.30278333,IZTAPALAPA,Primaria,99.6047
09DPR2933K,PROFRA. MARÍA ARIAS BERNAL,MATUTINO,2024-2025 | 2025-2026,40.3215,0.3215,66.881,84.8875,49.5177,19.214,443.0,77.492,443,09DPR2933K,PROFRA. MARÍA ARIAS BERNAL,-99.02853333,19.36704722,IZTAPALAPA,Primaria,99.6785
09DPR1269Z,JUAN DE MATA RIVERA,VESPERTINO,2024-2025 | 2025-2026,40.2564,3.8462,73.0769,80.7692,43.5897,19.2427,196.0,76.9231,196,09DPR1272M,JUAN DE MATA RIVERA,-99.06681389,19.30647222,IZTAPALAPA,Primaria,96.1538
09DPR1748H,AQUILES SERDAN,MATUTINO,2024-2025 | 2025-2026,40.25,0.4167,77.0833,78.3333,45.4167,18.9836,242.0,78.3333,242,09DSN0091X,AQUILES SERDÁN,-99.11754722,19.39253056,IZTACALCO,Secundaria,99.5833
09DPR2659V,PROFR. ROBERTO OROPEZA NAJERA,MATUTINO,2024-2025 | 2025-2026,40.1835,11.0092,66.5138,80.2752,43.1193,19.0974,349.0,70.1835,349,09DPR2659V,PROFR. ROBERTO OROPEZA NAJERA,-99.06074444,19.47200556,GUSTAVO A. MADERO,Primaria,88.99080000000001
09DPR5035L,MIGUEL LERDO DE TEJADA,MATUTINO,2024-2025 | 2025-2026,40.1653,0.8264,71.0744,80.9917,47.9339,19.1396,478.0,78.2369,478,09DPR5035L,MIGUEL LERDO DE TEJADA,-99.05549444,19.37445833,IZTAPALAPA,Primaria,99.1736
09DPR3296J,MANUEL RIVERA CAMBAS,MATUTINO,2024-2025 | 2025-2026,40.0,0.3534,75.6184,73.8516,50.1767,,,78.4452,554,09DPR3297I,MANUEL RIVERA CAMBAS,-99.01998611,19.3297,IZTAPALAPA,Primaria,99.6466
09DPR2428D,ESTADO DE TAMAULIPAS,MATUTINO,2024-2025 | 2025-2026,39.8491,0.3774,70.9434,83.0189,44.9057,,,76.2264,263,09DJN1208V,ESTADO DE TAMAULIPAS,-99.18485278,19.26017778,TLALPAN,Preescolar,99.6226
09DPR4517K,UGANDA,MATUTINO,2024-2025 | 2025-2026,39.8413,0.0,61.6402,84.6561,52.9101,19.0536,413.0,75.9259,413,09DPR4517K,UGANDA,-98.99111944,19.33673056,IZTAPALAPA,Primaria,100.0
09DPR2926A,RAZON Y FUERZA DE LA REVOLUCION MEXICANA,MATUTINO,2024-2025 | 2025-2026,39.8361,0.0,58.1967,90.9836,50.0,18.8339,415.0,75.1366,415,09DPR2926A,RAZON Y FUERZA DE LA REVOLUCION MEXICANA,-98.989675,19.34766389,IZTAPALAPA,Primaria,100.0
09DPR5067D,XIUHZITZQUILI,MATUTINO,2024-2025 | 2025-2026,39.7738,0.2262,69.0045,85.7466,43.8914,18.6739,534.0,74.6606,534,09DPR5068C,XIUHZITZQUILI,-98.970025,19.32857778,IZTAPALAPA,Primaria,99.7738
09DPR0836V,PROFR. ANGEL SALAS BONILLA,VESPERTINO,2024-2025 | 2025-2026,39.6491,1.7544,84.2105,64.9123,47.3684,32.8661,119.0,75.4386,119,09DPR0836V,PROFR. ANGEL SALAS BONILLA,-99.04865,19.34058611,IZTAPALAPA,Primaria,98.2456
09DPR5063H,TLALOC,MATUTINO,2025-2026,39.6244,0.0,91.5493,59.1549,47.4178,19.3406,417.0,74.1784,417,09DPR5063H,TLALOC,-99.05151944,19.36743889,IZTAPALAPA,Primaria,100.0
09DPR1271N,JOSÉ MARIANO JIMÉNEZ,MATUTINO,2025-2026,39.5636,0.7273,65.0909,82.5455,49.4545,19.3974,394.0,76.0,394,09DPR1273L,JOSÉ MARIANO JIMÉNEZ,-99.04294167,19.34623889,IZTAPALAPA,Primaria,99.2727
09DPR2829Z,EJERCITO DE ORIENTE,VESPERTINO,2024-2025 | 2025-2026,39.375,0.0,71.875,87.5,37.5,18.2844,153.0,75.0,153,09DPR2829Z,EJERCITO DE ORIENTE,-99.02777778,19.36786389,IZTAPALAPA,Primaria,100.0
09DPR3023T,PROFR. EMILIANO NEGRETE LÓPEZ,VESPERTINO,2024-2025 | 2025-2026,39.3333,0.6667,68.6667,75.3333,52.0,19.1322,231.0,70.6667,231,09DPR3023T,PROFR. EMILIANO NEGRETE LÓPEZ,-99.02243611,19.34180556,IZTAPALAPA,Primaria,99.3333
09DPR5077K,WENCESLAO VICTORIA SOTO,MATUTINO,2024-2025 | 2025-2026,39.3333,10.0,65.6667,84.1667,36.8333,19.4952,597.0,73.0,597,09DES0340F,WENCESLAO VICTORIA SOTO,-99.12645,19.54914167,GUSTAVO A. MADERO,Secundaria,90.0
09DPR2806O,LIC. JOSÉ MA. LAFRAGUA,VESPERTINO,2025-2026,39.1597,2.521,72.2689,87.395,33.6134,18.4292,170.0,74.7899,170,09DPR2806O,LIC. JOSÉ MA. LAFRAGUA,-99.01598889,19.3567,IZTAPALAPA,Primaria,97.479
09DPR1013Z,U. R. S. S.,MATUTINO,2024-2025 | 2025-2026,39.1406,1.5625,49.2188,78.9062,66.0156,21.1524,355.0,73.0469,355,09DPR1013Z,U. R. S. S.,-99.05733333,19.39363333,IZTAPALAPA,Primaria,98.4375
09DPR0051V,GENARO GARCÍA,MATUTINO,2024-2025 | 2025-2026,39.011,1.9231,67.3077,75.2747,50.5495,19.4451,510.0,71.4286,510,09DPR0051V,GENARO GARCÍA,-99.073425,19.31105278,IZTAPALAPA,Primaria,98.0769
09DPR2531Q,ANIBAL PONCE,MATUTINO,2024-2025 | 2025-2026,38.9552,0.7463,69.0299,78.7313,46.2687,18.9761,489.0,76.4925,489,09DPR2531Q,ANIBAL PONCE,-99.01913611,19.336425,IZTAPALAPA,Primaria,99.2537
09DPR2111G,JUAN RODRÍGUEZ PUEBLA,VESPERTINO,2024-2025 | 2025-2026,38.8535,0.0,68.7898,80.8917,44.586,18.7605,208.0,74.5223,208,09DPR2111G,JUAN RODRÍGUEZ PUEBLA,-99.01573333,19.37775833,IZTAPALAPA,Primaria,100.0
09DPR2466G,LEANDRO VALLE,VESPERTINO,2025-2026,38.8,0.0,81.3333,66.6667,46.0,18.7427,248.0,72.0,248,09DPR2466G,LEANDRO VALLE,-99.07012222,19.37734722,IZTAPALAPA,Primaria,100.0
09DPR1603M,ING. GUILLERMO GONZÁLEZ CAMARENA,VESPERTINO,2024-2025,38.6792,29.2453,63.2075,65.0943,35.8491,19.7267,121.0,66.0377,121,09DPR1603M,ING. GUILLERMO GONZÁLEZ CAMARENA,-99.18090556,19.48493611,AZCAPOTZALCO,Primaria,70.7547
09DPR2948M,MIGUEL DE CERVANTES SAAVEDRA,MATUTINO,2024-2025 | 2025-2026,38.662,1.4085,55.6338,85.5634,50.7042,26.1822,390.0,72.5352,390,09PPR0996N,MIGUEL DE CERVANTES SAAVEDRA,-99.081795,19.484407,GUSTAVO A. MADERO,Primaria,98.5915
09DPR2817U,PROFR. JOSÉ ROMERO Y FUENTES,MATUTINO,2024-2025 | 2025-2026,38.5204,4.5918,61.2245,79.0816,47.7041,19.044,617.0,71.6837,617,09DPR2643U,PROFR. JOSÉ ROMERO Y FUENTES,-99.06552222,19.31951944,IZTAPALAPA,Primaria,95.4082
09DPR0954J,AMERICAS UNIDAS,MATUTINO,2024-2025 | 2025-2026,38.481,8.2278,56.962,86.0759,41.1392,19.5806,169.0,72.1519,169,09DPR0954J,AMERICAS UNIDAS,-99.096275,19.44256389,VENUSTIANO CARRANZA,Primaria,91.7722
09DPR5071Q,CARLOS ENRIQUE NERI GUZMÁN,VESPERTINO,2024-2025 | 2025-2026,38.4431,0.5988,73.0539,71.8563,46.7066,19.2098,266.0,68.8623,266,09DPR5072P,CARLOS ENRIQUE NERI GUZMÁN,-99.052025,19.37943333,IZTAPALAPA,Primaria,99.4012
09DPR3024S,ANIBAL PONCE,VESPERTINO,2024-2025 | 2025-2026,38.4286,9.2857,71.4286,67.1429,44.2857,19.2587,310.0,72.8571,310,09DPR2531Q,ANIBAL PONCE,-99.01913611,19.336425,IZTAPALAPA,Primaria,90.7143
09DPR1452X,TURQUIA,MATUTINO,2024-2025 | 2025-2026,38.3237,18.2081,64.7399,71.9653,36.7052,,,69.3642,371,09DPR1452X,TURQUIA,-99.09619444,19.45628056,GUSTAVO A. MADERO,Primaria,81.7919
09DPR1604L,ING. GUILLERMO GONZÁLEZ CAMARENA,MATUTINO,2024-2025,38.3108,24.6622,64.527,68.5811,33.7838,18.9413,302.0,66.8919,302,09DPR1603M,ING. GUILLERMO GONZÁLEZ CAMARENA,-99.18090556,19.48493611,AZCAPOTZALCO,Primaria,75.3378
09DPR1293Z,GUSTAVO A. MADERO,MATUTINO,2024-2025 | 2025-2026,38.2895,0.0,59.8684,84.8684,46.7105,19.155,194.0,74.3421,194,09DES0259E,GUSTAVO A. MADERO,-99.139525,19.52373611,GUSTAVO A. MADERO,Secundaria,100.0
09DPR1216U,ING. ROBERTO GAYOL,MATUTINO,2024-2025 | 2025-2026,38.1991,1.8957,58.7678,82.9384,47.3934,19.0271,510.0,72.5118,510,09DPR1216U,ING. ROBERTO GAYOL,-99.07088333,19.31037778,IZTAPALAPA,Primaria,98.1043
09DPR3074Z,LEANDRO VALLE,MATUTINO,2024-2025 | 2025-2026,38.1203,1.1278,68.797,65.0376,55.6391,19.8878,473.0,70.3008,473,09DPR2466G,LEANDRO VALLE,-99.07012222,19.37734722,IZTAPALAPA,Primaria,98.8722
09DPR1464B,PROFR. TEODORO MONTIEL,MATUTINO,2024-2025 | 2025-2026,38.0952,19.0476,64.881,71.4286,35.119,,,67.8571,200,09DPR1464B,PROFR. TEODORO MONTIEL,-99.11545556,19.48076944,GUSTAVO A. MADERO,Primaria,80.9524
09DPR1330M,CUAUHTÉMOC,VESPERTINO,2025-2026,38.0769,1.9231,72.4359,69.8718,46.1538,18.8874,251.0,69.8718,251,09DES0319C,CUAUHTÉMOC,-99.06195278,19.32543056,IZTAPALAPA,Secundaria,98.0769
09DPR4182O,JULIO CORTAZAR,MATUTINO,2024-2025 | 2025-2026,38.0749,0.0,68.4492,77.5401,44.385,18.8471,296.0,73.7968,296,09DBS0048D,JULIO CORTAZAR,-99.03822222,19.38457778,IZTAPALAPA,Adultos - Secundaria,100.0
09DPR3152N,ADOLFO CISNEROS CAMARA,MATUTINO,2024-2025 | 2025-2026,38.0672,0.4202,61.3445,76.4706,52.1008,19.5523,326.0,70.1681,326,09DPR3152N,ADOLFO CISNEROS CAMARA,-99.0708,19.37623889,IZTAPALAPA,Primaria,99.5798
09DPR0056Q,JESÚS NARVAEZ GALDEANO,MATUTINO,2024-2025 | 2025-2026,38.0328,0.2732,61.7486,77.0492,51.0929,19.2718,594.0,70.765,594,09DPR0056Q,JESÚS NARVAEZ GALDEANO,-99.05834167,19.32968889,IZTAPALAPA,Primaria,99.7268
09DPR3235W,PROFRA. ELISA ACUÑA Y ROSSETTI,MATUTINO,2025-2026,37.9518,0.0,67.1687,76.2048,46.3855,19.0244,515.0,67.7711,515,09DPR3236V,PROFRA. ELISA ACUÑA Y ROSSETTI,-99.00428611,19.35111111,IZTAPALAPA,Primaria,100.0
09DPR2110H,LEOPOLDO KIEL,VESPERTINO,2024-2025 | 2025-2026,37.9487,1.7094,64.9573,80.3419,42.735,18.9913,230.0,69.2308,230,09DPR2109S,LEOPOLDO KIEL,-99.04111111,19.39029722,IZTAPALAPA,Primaria,98.2906
09DPR5081X,MELCHOR OCAMPO,MATUTINO,2024-2025 | 2025-2026,37.931,0.9852,65.0246,73.8916,49.7537,20.0439,222.0,72.4138,222,09DPR5081X,MELCHOR OCAMPO,-98.99296667,19.34795278,IZTAPALAPA,Primaria,99.0148
09DPR1552W,MÁRTIRES DE URUAPAN,MATUTINO,2024-2025 | 2025-2026,37.9227,11.1111,64.0097,75.1208,39.372,18.7398,408.0,70.7729,408,09DPR1552W,MÁRTIRES DE URUAPAN,-99.17221667,19.52541389,GUSTAVO A. MADERO,Primaria,88.8889
09DPR1896Q,ENRIQUE RODRÍGUEZ CANO,MATUTINO,2024-2025 | 2025-2026,37.8947,1.2531,54.6366,88.9724,44.6115,,,70.1754,474,09DPR1896Q,ENRIQUE RODRÍGUEZ CANO,-99.24500556,19.29744167,LA MAGDALENA CONTRERAS,Primaria,98.7469
09DPR4157P,PROFR. EFRAIN BONILLA MANZANO,VESPERTINO,2025-2026,37.8723,1.0638,81.9149,64.8936,41.4894,19.4378,123.0,73.4043,123,09DPR4157P,PROFR. EFRAIN BONILLA MANZANO,-99.01038056,19.36241111,IZTAPALAPA,Primaria,98.9362
09DPR0979S,EMPERADOR ITZCOATL,MATUTINO,2024-2025 | 2025-2026,37.8431,0.9804,57.1895,86.2745,44.7712,18.7257,506.0,72.549,506,09DPR0980H,EMPERADOR ITZCOATL,-99.03611389,19.37771389,IZTAPALAPA,Primaria,99.0196
09DPR2568D,FRAY BARTOLOMÉ DE LAS CASAS,VESPERTINO,2024-2025 | 2025-2026,37.8182,10.9091,74.5455,67.2727,36.3636,18.702,150.0,74.5455,150,09DPR2568D,FRAY BARTOLOMÉ DE LAS CASAS,-99.11003333,19.37703056,IZTAPALAPA,Primaria,89.0909
09DPR1385P,LUIS ENRIQUE ERRO,MATUTINO,2024-2025 | 2025-2026,37.807,23.2456,57.4561,69.7368,38.5965,19.9206,184.0,64.9123,184,09DPR1385P,LUIS ENRIQUE ERRO,-99.09908056,19.50542778,GUSTAVO A. MADERO,Primaria,76.7544
09DPR1029Z,ROBERTO LARA Y LÓPEZ,MATUTINO,2025-2026,37.7931,9.6552,54.4828,77.2414,47.5862,20.7565,153.0,67.5862,153,09DPR1029Z,ROBERTO LARA Y LÓPEZ,-99.09803611,19.444275,VENUSTIANO CARRANZA,Primaria,90.34479999999999
09DPR1086R,HÉROES DEL MOLINO DEL REY,MATUTINO,2024-2025 | 2025-2026,37.7381,0.2976,55.9524,83.3333,49.1071,19.7937,612.0,69.9405,612,09DBS0049C,HEROES DEL MOLINO DEL REY,-99.052025,19.37943333,IZTAPALAPA,Adultos - Secundaria,99.7024
09DPR2643U,PROFR. JOSÉ ROMERO Y FUENTES,VESPERTINO,2024-2025 | 2025-2026,37.7273,0.3788,63.6364,73.4848,51.1364,19.651,440.0,70.8333,440,09DPR2643U,PROFR. JOSÉ ROMERO Y FUENTES,-99.06552222,19.31951944,IZTAPALAPA,Primaria,99.6212
09DPR5041W,MIGUEL LERDO DE TEJADA,VESPERTINO,2024-2025 | 2025-2026,37.6923,1.5385,75.3846,62.3077,49.2308,19.3016,325.0,69.2308,325,09DPR5035L,MIGUEL LERDO DE TEJADA,-99.05549444,19.37445833,IZTAPALAPA,Primaria,98.4615
09DPR3238T,ENRIQUE GARCÍA GALLEGOS,MATUTINO,2024-2025 | 2025-2026,37.6744,0.0,74.4186,79.0698,34.8837,17.4302,257.0,73.2558,257,09DPR0030I,ENRIQUE GARCÍA GALLEGOS,-99.10153056,19.37428889,IZTAPALAPA,Primaria,100.0
09DPR2311E,REPÚBLICA DE HAITÍ,MATUTINO,2024-2025 | 2025-2026,37.4545,0.9091,59.0909,84.5455,42.7273,18.8555,228.0,73.1818,228,09DPR2311E,REPÚBLICA DE HAITÍ,-99.20659444,19.45495278,MIGUEL HIDALGO,Primaria,99.0909
09DPR5094A,PROFR. JUAN RAMÍREZ MARQUEZ,MATUTINO,2024-2025 | 2025-2026,37.4257,2.9703,64.3564,72.2772,47.5248,19.3487,512.0,68.3168,512,09DPR5097Y,PROFR. JUAN RAMÍREZ MARQUEZ,-99.02914444,19.34785,IZTAPALAPA,Primaria,97.0297
09DPR1190C,VIRGILIO URIBE,MATUTINO,2024-2025 | 2025-2026,37.4222,0.8889,61.3333,73.7778,51.1111,20.2434,365.0,66.6667,365,09DPR1190C,VIRGILIO URIBE,-99.11843333,19.37367778,IZTAPALAPA,Primaria,99.1111
09DPR4230H,JOSÉ GUADALUPE POSADA,VESPERTINO,2024-2025 | 2025-2026,37.3913,1.4493,57.971,81.1594,46.3768,19.1672,166.0,65.2174,166,09DPR4229S,JOSÉ GUADALUPE POSADA,-99.00493889,19.34259167,IZTAPALAPA,Primaria,98.5507
09DPR1680R,COMODORO MANUEL AZUETA PERILLOS,MATUTINO,2024-2025 | 2025-2026,37.3889,0.2778,49.4444,86.1111,51.1111,19.3507,428.0,70.0,428,09DPR1680R,COMODORO MANUEL AZUETA PERILLOS,-99.20554167,19.45795,MIGUEL HIDALGO,Primaria,99.7222
09DPR2319X,NARCISO MENDOZA,MATUTINO,2024-2025 | 2025-2026,37.362,9.5092,53.3742,50.0,73.9264,22.0741,336.0,65.3374,336,09PPR0397S,NARCISO MENDOZA,-99.026057,19.385624,IZTAPALAPA,Primaria,90.49080000000001
09DPR4197Q,HERMANOS FLORES MAGON,MATUTINO,2025-2026,37.3568,0.0,49.3392,87.6652,49.7797,19.4066,340.0,68.7225,340,09DPR4222Z,HERMANOS FLORES MAGON,-98.999125,19.34258611,IZTAPALAPA,Primaria,100.0
09DPR2995X,ARTURO ROSENBLUETH,MATUTINO,2024-2025 | 2025-2026,37.3494,0.0,58.4337,81.1245,47.1888,19.0311,619.0,69.8795,619,09DPR2995X,ARTURO ROSENBLUETH,-98.99645833,19.35264722,IZTAPALAPA,Primaria,100.0
09DPR2702T,PROFR. TEODOMIRO MANZANO CAMPERO,MATUTINO,2024-2025 | 2025-2026,37.3487,21.3256,56.7723,64.8415,43.804,19.8731,369.0,63.6888,369,09DPR2702T,PROFR. TEODOMIRO MANZANO CAMPERO,-99.09965833,19.50532778,GUSTAVO A. MADERO,Primaria,78.67439999999999
09DPR1286P,HOLANDA,MATUTINO,2024-2025 | 2025-2026,37.321,0.6928,57.0439,79.2148,49.6536,19.2889,488.0,69.746,488,09DJN0120K,HOLANDA,-99.15705833,19.37932222,BENITO JUÁREZ,Preescolar,99.3072
09DPR2724E,PROFRA. PAULA ALEGRIA GARZA,MATUTINO,2024-2025 | 2025-2026,37.2973,2.7027,62.1622,78.3784,43.2432,22.1389,181.0,70.2703,181,09DPR2724E,PROFRA. PAULA ALEGRIA GARZA,-99.02745278,19.37053889,IZTAPALAPA,Primaria,97.2973
09DPR2844R,LIC. ANTONIO DÍAZ SOTO Y GAMA,MATUTINO,2024-2025 | 2025-2026,37.2727,1.2121,49.697,85.1515,50.303,19.185,401.0,70.0,401,09DPR2844R,LIC. ANTONIO DÍAZ SOTO Y GAMA,-99.05629722,19.33646389,IZTAPALAPA,Primaria,98.7879
09DPR0111T,PROFRA. COLUMBA RIVERA,MATUTINO,2024-2025 | 2025-2026,37.2696,1.0239,57.6792,79.1809,48.4642,,,67.2355,399,09DPR0111T,PROFRA. COLUMBA RIVERA,-99.05334167,19.38558333,IZTAPALAPA,Primaria,98.9761
09DPR2904P,REPÚBLICA POPULAR DE POLONIA,MATUTINO,2024-2025 | 2025-2026,37.2059,1.4706,60.2941,83.8235,40.4412,18.6201,271.0,67.6471,271,09DPR2904P,REPÚBLICA POPULAR DE POLONIA,-99.03894167,19.34530278,IZTAPALAPA,Primaria,98.5294
09DPR0013S,PROFR. LAUREANO JIMENEZ Y CORIA,MATUTINO,2024-2025 | 2025-2026,37.193,8.0702,60.7018,76.1404,41.0526,18.9112,287.0,70.1754,287,09DPR4101N,PROFR. LAUREANO JIMENEZ Y CORIA,-99.14146667,19.51338333,GUSTAVO A. MADERO,Primaria,91.9298
09DPR0994K,GENERAL FRANCISCO MENENDEZ,MATUTINO,2024-2025 | 2025-2026,37.069,3.4483,81.0345,50.8621,50.0,20.2791,181.0,68.9655,181,09DPR1768V,GENERAL FRANCISCO MENENDEZ,-99.18438056,19.39218889,BENITO JUÁREZ,Primaria,96.5517
09DPR5076L,LOS SIMBOLOS PATRIOS,MATUTINO,2024-2025 | 2025-2026,37.0455,1.1364,55.303,78.4091,50.3788,,,69.697,402,09DPR5076L,LOS SIMBOLOS PATRIOS,-99.025725,19.33386389,IZTAPALAPA,Primaria,98.8636
09DPR2361M,RODOLFO MENENDEZ,MATUTINO,2024-2025 | 2025-2026,37.0182,0.0,61.0909,68.0,56.0,20.3543,341.0,70.9091,341,09DPR2342Y,RODOLFO MENENDEZ,-99.12868889,19.43606389,CUAUHTÉMOC,Primaria,100.0
09DPR1129Z,ALFREDO BERNARDO NOBEL,MATUTINO,2024-2025 | 2025-2026,37.0166,7.1823,37.5691,89.5028,50.8287,20.2125,380.0,68.5083,380,09DPR1129Z,ALFREDO BERNARDO NOBEL,-99.21505,19.45084722,MIGUEL HIDALGO,Primaria,92.8177
09DPR2743T,ANDRÉS MOLINA ENRIQUEZ,VESPERTINO,2024-2025 | 2025-2026,37.0079,0.7874,63.7795,77.9528,42.5197,18.6849,255.0,69.2913,255,09DPR2845Q,ANDRÉS MOLINA ENRIQUEZ,-99.02286111,19.34256111,IZTAPALAPA,Primaria,99.2126
09DPR2469D,PROFR. RAFAEL LÓPEZ,VESPERTINO,2025-2026,37.0,0.0,77.5,82.5,25.0,20.075,71.0,72.5,71,09DPR2470T,PROFR. RAFAEL LÓPEZ,-98.99379444,19.36643056,IZTAPALAPA,Primaria,100.0
09DPR5043U,JUAN RULFO,MATUTINO,2024-2025 | 2025-2026,36.9832,1.1173,72.067,65.3631,46.3687,19.2475,243.0,70.9497,243,09DPR5073O,JUAN RULFO,-99.03578333,19.36853333,IZTAPALAPA,Primaria,98.8827
09DPR5122G,XOCHITL PALOMINO,MATUTINO,2024-2025 | 2025-2026,36.9388,0.6803,55.7823,72.1088,56.1224,20.6014,426.0,67.0068,426,09DPR5122G,XOCHITL PALOMINO,-99.0691,19.33590556,IZTAPALAPA,Primaria,99.3197
09DPR4000P,PROFR. FELIPE LÓPEZ,MATUTINO,2024-2025 | 2025-2026,36.9378,0.0,73.6842,71.7703,39.2344,19.505,314.0,70.8134,314,09DPR4000P,PROFR. FELIPE LÓPEZ,-99.02380556,19.33391389,IZTAPALAPA,Primaria,100.0
09DPR1064F,MTRO. LAURO AGUIRRE,MATUTINO,2024-2025 | 2025-2026,36.9167,1.6667,62.0833,78.75,42.0833,19.6211,263.0,67.9167,263,09DPR1064F,MTRO. LAURO AGUIRRE,-99.08418611,19.43895,VENUSTIANO CARRANZA,Primaria,98.3333
09DPR1321E,EL AMO TORRES,MATUTINO,2024-2025 | 2025-2026,36.8203,1.3825,61.0599,75.3456,46.3134,19.7294,656.0,66.8203,656,09DPR1321E,EL AMO TORRES,-99.04124722,19.34197778,IZTAPALAPA,Primaria,98.6175
09DPR1332K,CUAUHTÉMOC,MATUTINO,2024-2025 | 2025-2026,36.7946,0.0,60.2709,75.1693,48.5327,19.2632,585.0,65.9142,585,09DES0319C,CUAUHTÉMOC,-99.06195278,19.32543056,IZTAPALAPA,Secundaria,100.0
09DPR3252M,ADOLFO CISNEROS CAMARA,VESPERTINO,2024-2025 | 2025-2026,36.7785,1.3423,72.4832,59.0604,51.0067,,,70.4698,237,09DPR3152N,ADOLFO CISNEROS CAMARA,-99.0708,19.37623889,IZTAPALAPA,Primaria,98.6577
09DPR3187C,MANUEL SABINO CRESPO,MATUTINO,2024-2025 | 2025-2026,36.7754,8.6957,58.1522,73.5507,43.4783,,,64.6739,530,09DPR3187C,MANUEL SABINO CRESPO,-99.15141111,19.55212778,GUSTAVO A. MADERO,Primaria,91.3043
09DPR0050W,PROFR. LUIS G. RAMÍREZ VALADEZ,MATUTINO,2024-2025 | 2025-2026,36.7521,1.7094,54.7009,83.7607,43.5897,19.5456,187.0,70.0855,187,09DPR0050W,PROFR. LUIS G. RAMÍREZ VALADEZ,-99.06506111,19.37428056,IZTAPALAPA,Primaria,98.2906
09DIX0032H,ESCUELA DE PARTICIPACIÓN SOCIAL NUMERO 4,MATUTINO,2024-2025 | 2025-2026,36.747,0.6024,52.4096,82.5301,48.1928,,,68.0723,174,09DIX0032H,ESCUELA DE PARTICIPACIÓN SOCIAL NUMERO 4,-99.12256389,19.45683333,VENUSTIANO CARRANZA,Primaria,99.3976
09DPR3297I,MANUEL RIVERA CAMBAS,VESPERTINO,2024-2025 | 2025-2026,36.7327,1.9802,59.901,83.6634,38.1188,20.351,350.0,66.8317,350,09DPR3297I,MANUEL RIVERA CAMBAS,-99.01998611,19.3297,IZTAPALAPA,Primaria,98.0198
09DPR1194Z,UNIDAD MODELO,MATUTINO,2024-2025 | 2025-2026,36.7143,6.4286,56.4286,76.4286,44.2857,19.7953,242.0,65.0,242,09DPR1194Z,UNIDAD MODELO,-99.12405,19.36761111,IZTAPALAPA,Primaria,93.5714
09DPR5095Z,TLALOC,VESPERTINO,2025-2026,36.7105,0.6579,68.4211,67.1053,47.3684,19.002,341.0,68.4211,341,09DPR5063H,TLALOC,-99.05151944,19.36743889,IZTAPALAPA,Primaria,99.3421
09DPR5072P,CARLOS ENRIQUE NERI GUZMÁN,MATUTINO,2024-2025 | 2025-2026,36.6921,0.2545,75.5725,66.9211,40.7125,19.0324,494.0,67.9389,494,09DPR5072P,CARLOS ENRIQUE NERI GUZMÁN,-99.052025,19.37943333,IZTAPALAPA,Primaria,99.7455
09DPR0971Z,ESTADO DE MÉXICO,VESPERTINO,2024-2025 | 2025-2026,36.6667,29.6296,62.963,62.963,27.7778,18.3079,80.0,62.963,80,09PPR0235G,ESTADO DE MÉXICO,-99.186578,19.467968,AZCAPOTZALCO,Primaria,70.3704
09DPR1534G,PRESIDENTE PASCUAL ORTIZ RUBIO,MATUTINO,2024-2025 | 2025-2026,36.6505,20.3883,53.6408,72.3301,36.8932,18.8826,391.0,62.8641,391,09DPR1534G,PRESIDENTE PASCUAL ORTIZ RUBIO,-99.12356389,19.49764444,GUSTAVO A. MADERO,Primaria,79.6117
09DPR2943R,FRANCISCO GABILONDO SOLER,MATUTINO,2024-2025 | 2025-2026,36.6337,0.0,63.6139,76.7327,42.8218,18.5984,421.0,69.802,421,09DPR2943R,FRANCISCO GABILONDO SOLER,-99.10873611,19.38710833,IZTACALCO,Primaria,100.0
09DPR2289T,REVOLUCIÓN MEXICANA,MATUTINO,2025-2026,36.6225,0.0,64.2384,76.1589,42.7152,19.2409,338.0,67.8808,338,09DPR2289T,REVOLUCIÓN MEXICANA,-99.11411389,19.40091944,IZTACALCO,Primaria,100.0
09DPR2629A,GENERAL LUCIO BLANCO,VESPERTINO,2024-2025 | 2025-2026,36.5657,0.0,54.5455,77.7778,50.5051,19.0779,283.0,63.6364,283,09DPR1257U,GENERAL LUCIO BLANCO,-99.01864167,19.36348889,IZTAPALAPA,Primaria,100.0
09DPR3258G,DR. ANTONIO CASTRO LEAL,MATUTINO,2025-2026,36.5385,0.0,61.5385,78.2051,42.9487,18.3266,236.0,64.1026,236,09DPR3258G,DR. ANTONIO CASTRO LEAL,-99.03611944,19.38148889,IZTAPALAPA,Primaria,100.0
09DPR2879G,JESUS MASTACHE ROMÁN,MATUTINO,2025-2026,36.4948,0.0,67.0103,66.4948,48.9691,19.9913,207.0,68.5567,207,09DPR2879G,JESUS MASTACHE ROMÁN,-99.11365833,19.38304444,IZTACALCO,Primaria,100.0
09DPR0860V,PROFR. LUIS ÁLVAREZ BARRET,MATUTINO,2025-2026,36.4516,0.0,47.5806,87.0968,47.5806,18.9105,270.0,69.3548,270,09DPR0860V,PROFR. LUIS ÁLVAREZ BARRET,-99.060125,19.35736389,IZTAPALAPA,Primaria,100.0
09DPR1155X,AUSTRALIA,MATUTINO,2024-2025 | 2025-2026,36.4246,1.3966,56.4246,76.257,48.0447,18.831,540.0,66.2011,540,09DPR1155X,AUSTRALIA,-99.07024444,19.379125,IZTAPALAPA,Primaria,98.6034
09DPR3058I,PROFR. EMILIANO NEGRETE LÓPEZ,MATUTINO,2025-2026,36.3721,0.0,60.4651,77.2093,44.186,19.0986,286.0,67.4419,286,09DPR3023T,PROFR. EMILIANO NEGRETE LÓPEZ,-99.02243611,19.34180556,IZTAPALAPA,Primaria,100.0
09DPR2324I,30 DE SEPTIEMBRE,MATUTINO,2025-2026,36.3485,0.0,63.4855,89.2116,29.0456,17.8904,251.0,71.3693,251,09DPR2324I,30 DE SEPTIEMBRE,-99.13238889,19.46150556,CUAUHTÉMOC,Primaria,100.0
09DPR2804Q,ISAAC NEWTON,MATUTINO,2024-2025 | 2025-2026,36.3173,0.5666,62.0397,74.5042,44.4759,18.9272,530.0,65.7224,530,09DPR2801T,ISAAC NEWTON,-99.03754722,19.37344444,IZTAPALAPA,Primaria,99.4334
09DPR2142Z,EJÉRCITO MEXICANO,MATUTINO,2024-2025 | 2025-2026,36.3145,0.4914,54.0541,86.9779,40.0491,18.5785,398.0,66.3391,398,09DIX0002N,EJERCITO MEXICANO,-99.17883889,19.48940278,AZCAPOTZALCO,Primaria,99.5086
09DPR5075M,FELIPE CARRILLO PUERTO,MATUTINO,2024-2025 | 2025-2026,36.3095,2.9762,50.0,80.3571,48.2143,19.5956,270.0,69.0476,270,09DPR5075M,FELIPE CARRILLO PUERTO,-99.06245556,19.32100278,IZTAPALAPA,Primaria,97.0238
09DPR4204J,MÉXICO-JAPÓN,VESPERTINO,2025-2026,36.3043,6.5217,68.2065,62.5,44.2935,19.753,627.0,65.2174,627,09DBS0041K,MÉXICO-JAPÓN,-99.04960833,19.32438889,IZTAPALAPA,Adultos - Secundaria,93.4783
09DPR1389L,LIBERTADORES DE MÉXICO,MATUTINO,2024-2025 | 2025-2026,36.2918,8.5106,64.1337,68.997,39.8176,19.1171,305.0,65.6535,305,09DPR1389L,LIBERTADORES DE MÉXICO,-99.1047,19.45721111,GUSTAVO A. MADERO,Primaria,91.4894
09DPR1529V,PROFR. RAFAEL RAMIREZ,VESPERTINO,2024-2025,36.1905,0.0,66.6667,76.1905,38.0952,17.5667,109.0,64.2857,109,09DPR1529V,PROFR. RAFAEL RAMIREZ,-99.09654722,19.49922222,GUSTAVO A. MADERO,Primaria,100.0
09DPR5124E,BEATRIZ DE LA FUENTE,MATUTINO,2025-2026,36.1818,0.6061,52.7273,81.2121,46.3636,19.7617,335.0,69.697,335,09DPR5124E,BEATRIZ DE LA FUENTE,-99.02357778,19.3279,IZTAPALAPA,Primaria,99.3939
09DPR2274R,CONSTITUCIÓN DE 1917,MATUTINO,2024-2025 | 2025-2026,36.1693,1.1136,51.0022,85.5234,43.2071,18.5957,632.0,66.147,632,09DJN0553Y,CONSTITUCIÓN DE 1917,-98.99372778,19.36541111,IZTAPALAPA,Preescolar,98.8864
09DPR2651C,REPÚBLICA DE GUATEMALA,MATUTINO,2025-2026,36.1667,1.6667,46.6667,80.8333,51.6667,19.6589,199.0,65.8333,199,09DES0057I,REPÚBLICA DE GUATEMALA,-99.11147778,19.46148889,GUSTAVO A. MADERO,Secundaria,98.3333
09DPR1303P,ESTHER R. MACEDA,VESPERTINO,2025-2026,36.1644,1.3699,72.6027,64.3836,42.4658,18.8394,165.0,65.7534,165,09DPR1306M,ESTHER R. MACEDA,-99.08775278,19.36321667,IZTAPALAPA,Primaria,98.6301
09DIX0017P,FRANCISCO I. MADERO,MATUTINO,2024-2025 | 2025-2026,36.1224,5.102,53.0612,85.7143,36.7347,19.3793,134.0,66.3265,134,09DPR1986I,FRANCISCO I. MADERO,-99.20555278,19.21824722,TLALPAN,Primaria,94.898
09DPR4186K,PROFR. MARCELINO RENTERIA,VESPERTINO,2024-2025 | 2025-2026,36.0736,1.8405,73.0061,70.5521,34.9693,,,62.5767,368,09DPR0054S,PROFR. MARCELINO RENTERIA,-99.05372222,19.32675556,IZTAPALAPA,Primaria,98.1595
09DPR3188B,MANUEL SABINO CRESPO,VESPERTINO,2024-2025 | 2025-2026,36.0456,8.365,57.4144,75.6654,38.7833,,,64.6388,309,09DPR3187C,MANUEL SABINO CRESPO,-99.15141111,19.55212778,GUSTAVO A. MADERO,Primaria,91.635
09DPR1573I,DEFENSOR DE ANAHUAC,MATUTINO,2024-2025 | 2025-2026,36.0199,13.4328,52.7363,71.6418,42.2886,20.0265,230.0,62.1891,230,09DPR1573I,DEFENSOR DE ANAHUAC,-99.14245833,19.47479444,GUSTAVO A. MADERO,Primaria,86.5672
09DPR2912Y,MIXCOATL,VESPERTINO,2024-2025 | 2025-2026,35.9574,3.1915,85.1064,41.4894,50.0,19.0494,145.0,60.6383,145,09DPR2914W,MIXCOATL,-99.05880833,19.32035,IZTAPALAPA,Primaria,96.8085
09DPR5082W,MELCHOR OCAMPO,VESPERTINO,2024-2025 | 2025-2026,35.9322,0.0,64.4068,79.661,35.5932,18.4678,123.0,67.7966,123,09DPR5081X,MELCHOR OCAMPO,-98.99296667,19.34795278,IZTAPALAPA,Primaria,100.0
09DPR2920G,REPÚBLICA SOCIALISTA DE VIETNAM,MATUTINO,2024-2025 | 2025-2026,35.9091,0.5051,45.9596,82.5758,50.5051,19.3331,584.0,64.6465,584,09DPR3081J,REPÚBLICA SOCIALISTA DE VIETNAM,-99.01765278,19.339725,IZTAPALAPA,Primaria,99.4949
09DPR2286W,ACAMAPICHTLI,MATUTINO,2024-2025 | 2025-2026,35.8824,2.7149,72.1719,70.362,34.1629,18.2902,441.0,67.6471,441,09DPR2286W,ACAMAPICHTLI,-99.06768611,19.40477778,IZTACALCO,Primaria,97.2851
09DPR2198B,PROFR. OCAMPO NABOR BOLAÑOS SOTO,MATUTINO,2024-2025,35.8757,2.5424,44.9153,87.2881,44.6328,18.5507,434.0,65.5367,434,09DPR2198B,PROFR. OCAMPO NABOR BOLAÑOS SOTO,-99.06811667,19.47041389,GUSTAVO A. MADERO,Primaria,97.4576
09DPR0113R,J. CONCEPCIÓN RIVERA,MATUTINO,2024-2025 | 2025-2026,35.8549,1.8135,54.6632,76.6839,46.114,19.0427,400.0,63.9896,400,09DPR0113R,J. CONCEPCIÓN RIVERA,-99.03136944,19.35630833,IZTAPALAPA,Primaria,98.1865
09DPR0054S,PROFR. MARCELINO RENTERIA,MATUTINO,2024-2025 | 2025-2026,35.8296,0.2242,49.5516,78.9238,50.4484,19.7984,615.0,67.2646,615,09DPR0054S,PROFR. MARCELINO RENTERIA,-99.05372222,19.32675556,IZTAPALAPA,Primaria,99.7758
09DPR5084U,TIERRA Y LIBERTAD,VESPERTINO,2024-2025 | 2025-2026,35.8065,4.8387,56.4516,67.7419,50.0,22.1138,202.0,61.2903,202,09DPR5083V,TIERRA Y LIBERTAD,-98.99007778,19.35247778,IZTAPALAPA,Primaria,95.1613
09DPR1071P,JUAN B MOLINA,MATUTINO,2024-2025 | 2025-2026,35.7994,9.7179,47.6489,75.8621,45.768,19.186,420.0,63.3229,420,09DPR1071P,JUAN B MOLINA,-99.06415278,19.39284722,IZTACALCO,Primaria,90.2821
09DPR2585U,LUIS PASTEUR,MATUTINO,2024-2025 | 2025-2026,35.7447,0.0,47.1631,82.9787,48.5816,18.9601,434.0,64.8936,434,09DBA0184I,LUIS PASTEUR,-98.999325,19.37146944,IZTAPALAPA,Adultos - Primaria,100.0
09DPR4241N,ALEJANDRO VOLTA,VESPERTINO,2025-2026,35.7353,0.0,81.6176,43.3824,53.6765,22.8301,205.0,66.9118,205,09DPR4162A,ALEJANDRO VOLTA,-98.98836389,19.33743611,IZTAPALAPA,Primaria,100.0
09DPR1272M,JUAN DE MATA RIVERA,MATUTINO,2024-2025 | 2025-2026,35.7143,0.0,50.4202,81.0924,47.0588,19.9323,483.0,65.1261,483,09DPR1272M,JUAN DE MATA RIVERA,-99.06681389,19.30647222,IZTAPALAPA,Primaria,100.0
09DPR2055E,PLAN DE GUADALUPE,MATUTINO,2024-2025 | 2025-2026,35.7033,2.046,53.4527,73.913,49.1049,19.3107,542.0,65.7289,542,09DBA0165U,PLAN DE GUADALUPE,-99.0369,19.29743333,TLÁHUAC,Adultos - Primaria,97.954
09DPR1516R,REPÚBLICA MEXICANA,MATUTINO,2024-2025,35.6466,9.2672,53.2328,69.3966,46.3362,19.6188,483.0,62.2845,483,09DJN0823A,REPÚBLICA MEXICANA,-99.13653056,19.55665,GUSTAVO A. MADERO,Preescolar,90.7328
09DPR2146W,REPÚBLICA DE PANAMA,MATUTINO,2024-2025 | 2025-2026,35.5947,0.0,69.6035,70.0441,38.326,19.9917,149.0,67.8414,149,09DES0077W,REPÚBLICA DE PANAMÁ,-99.242,19.38348611,ÁLVARO OBREGÓN,Secundaria,100.0
09DPR5107O,IGNACIO MANUEL ALTAMIRANO,VESPERTINO,2024-2025 | 2025-2026,35.5689,1.1976,59.2814,74.8503,42.515,18.9295,305.0,66.4671,305,09DJN0773J,IGNACIO MANUEL ALTAMIRANO,-99.07253889,19.40213889,IZTACALCO,Preescolar,98.8024
09DPR0007H,PROFR. CARLOS ESPINOSA ROMERO,MATUTINO,2024-2025 | 2025-2026,35.5556,0.0,59.7222,72.2222,45.8333,18.7873,320.0,63.8889,320,09DPR0007H,PROFR. CARLOS ESPINOSA ROMERO,-99.05931389,19.33147778,IZTAPALAPA,Primaria,100.0
09DPR5055Z,CENTAURO DEL NORTE,VESPERTINO,2024-2025 | 2025-2026,35.5556,0.0,68.6275,67.9739,41.1765,18.4889,386.0,67.3203,386,09DPR5055Z,CENTAURO DEL NORTE,-99.07241389,19.29275556,IZTAPALAPA,Primaria,100.0
09DPR1307L,ESTADO DE MORELOS,MATUTINO,2024-2025 | 2025-2026,35.5556,11.7284,39.8148,80.2469,45.9877,20.1605,422.0,60.1852,422,09DPR1307L,ESTADO DE MORELOS,-99.01167778,19.36212222,IZTAPALAPA,Primaria,88.2716
09DPR1420E,JUAN RUIZ DE ALARCON,MATUTINO,2024-2025 | 2025-2026,35.5556,7.1111,52.8889,74.6667,43.1111,19.6814,203.0,64.4444,203,09PPR1370S,JUAN RUÍZ DE ALARCÓN,-99.065077,19.336796,IZTAPALAPA,Primaria,92.8889
09DPR2914W,MIXCOATL,MATUTINO,2024-2025 | 2025-2026,35.5556,1.1494,60.5364,62.8352,53.2567,19.8235,412.0,63.6015,412,09DPR2914W,MIXCOATL,-99.05880833,19.32035,IZTAPALAPA,Primaria,98.8506
09DPR2841U,PROFRA. MA. DE LA LUZ MERCADO MENDEZ,MATUTINO,2025-2026,35.5294,0.0,57.0588,65.8824,54.7059,19.724,355.0,65.2941,355,09DPR2841U,PROFRA. MA. DE LA LUZ MERCADO MENDEZ,-99.05208611,19.35399722,IZTAPALAPA,Primaria,100.0
09DPR2897W,ARQUELES VELA SALVATIERRA,VESPERTINO,2024-2025 | 2025-2026,35.5172,1.7241,74.1379,55.1724,46.5517,23.263,82.0,65.5172,82,09DPR2897W,ARQUELES VELA SALVATIERRA,-99.07007778,19.39435556,IZTACALCO,Primaria,98.27590000000001
09DPR2913X,GUILLERMO PRIETO,MATUTINO,2024-2025 | 2025-2026,35.4899,0.1555,51.0109,80.7154,45.5677,19.1528,820.0,64.3857,820,09DJN1423L,GUILLERMO PRIETO,-98.997025,19.35471111,IZTAPALAPA,Preescolar,99.8445
09DPR4190X,RAFAEL DONDE,VESPERTINO,2024-2025 | 2025-2026,35.4651,0.0,74.4186,51.7442,51.1628,19.4924,274.0,62.7907,274,09DPR4017P,RAFAEL DONDE,-98.997525,19.35018611,IZTAPALAPA,Primaria,100.0
09DPR2909K,DR. OCTAVIO VEJAR VAZQUEZ,MATUTINO,2024-2025 | 2025-2026,35.4545,0.4132,42.562,86.7769,47.5207,18.8426,420.0,62.8099,420,09DPR2909K,DR. OCTAVIO VEJAR VAZQUEZ,-99.08250278,19.390475,IZTAPALAPA,Primaria,99.5868
09DPR1361F,ANA MARIA BERLANGA,MATUTINO,2024-2025 | 2025-2026,35.4467,14.121,48.415,79.8271,34.8703,,,63.4006,351,09DES0002F,ANA MARÍA BERLANGA,-99.16163611,19.44471389,CUAUHTÉMOC,Secundaria,85.879
09DPR4018O,PABLO PICASSO,VESPERTINO,2025-2026,35.4362,2.0134,59.0604,75.8389,40.2685,18.3465,305.0,63.0872,305,09DPR0120A,PABLO PICASSO,-99.04627222,19.33695556,IZTAPALAPA,Primaria,97.9866
09DPR2646R,MAESTRO DOMINGO TIRADO BENEDI,VESPERTINO,2025-2026,35.4286,0.0,74.2857,52.8571,50.0,19.2214,107.0,61.4286,107,09DPR2646R,MAESTRO DOMINGO TIRADO BENEDI,-99.06817222,19.34065278,IZTAPALAPA,Primaria,100.0
09DPR4162A,ALEJANDRO VOLTA,MATUTINO,2024-2025 | 2025-2026,35.3698,0.3215,81.672,47.91,46.9453,18.7183,399.0,63.6656,399,09DPR4162A,ALEJANDRO VOLTA,-98.98836389,19.33743611,IZTAPALAPA,Primaria,99.6785
09DPR2876J,ERMILO ABREU GOMEZ,MATUTINO,2024-2025,35.3459,21.0692,50.6289,69.4969,35.5346,18.7709,358.0,58.1761,358,09DES0143E,ERMILO ABREU GÓMEZ,-99.20785833,19.48997778,AZCAPOTZALCO,Secundaria,78.9308
09DPR1862Z,"""ESC. PRIM. ANEXA A LA BENM """"REPÚBLICA DEL BRASIL""""""",MATUTINO,2025-2026,35.3416,0.0,39.1304,88.8199,48.7578,19.4078,445.0,65.8385,445,09DPR1862Z,"ESC. PRIM. ANEXA A LA BENM ""REPÚBLICA DEL BRASIL""",-99.16828056,19.44533889,MIGUEL HIDALGO,Primaria,100.0
09DPR5033N,SURINAME,VESPERTINO,2024-2025 | 2025-2026,35.3398,0.9709,48.5437,84.466,42.7184,19.2549,201.0,64.0777,201,09DPR5023G,SURINAME,-99.07499444,19.31462778,IZTAPALAPA,Primaria,99.0291
09DPR0898H,COPIAPO,MATUTINO,2024-2025 | 2025-2026,35.3293,0.5988,70.0599,52.994,52.994,19.6991,658.0,64.6707,658,09DPR0898H,COPIAPO,-99.05476389,19.36064444,IZTAPALAPA,Primaria,99.4012
09DPR2522I,GRAL. FELIPE ANGELES,MATUTINO,2024-2025 | 2025-2026,35.2381,15.6463,41.2698,79.5918,39.6825,18.8404,440.0,58.9569,440,09DPR1985J,GENERAL FELIPE ANGELES,-99.17483611,19.29858889,TLALPAN,Primaria,84.3537
09DPR2276P,COCONENCALLI,MATUTINO,2024-2025 | 2025-2026,35.2066,0.4132,62.6033,65.9091,47.1074,19.3101,502.0,63.2231,502,09DPR2276P,COCONENCALLI,-99.05716111,19.42895556,VENUSTIANO CARRANZA,Primaria,99.5868
09DPR5006Q,ANTONIO CISNEROS Y CISNEROS,MATUTINO,2024-2025 | 2025-2026,35.2066,9.2562,55.8678,72.562,38.3471,,,62.6446,608,09DPR5006Q,ANTONIO CISNEROS Y CISNEROS,-99.12429444,19.54795278,GUSTAVO A. MADERO,Primaria,90.7438
09DPR2889N,REPÚBLICA DEL ECUADOR,MATUTINO,2025-2026,35.1837,0.0,62.0408,70.6122,43.2653,18.9787,307.0,68.9796,307,09DPR2889N,REPÚBLICA DEL ECUADOR,-99.11635278,19.41898056,VENUSTIANO CARRANZA,Primaria,100.0
09DPR3289Z,LUIS VARGAS PIÑEIRA,MATUTINO,2024-2025 | 2025-2026,35.1832,0.0,46.5969,81.1518,48.1675,19.038,262.0,62.8272,262,09DPR3289Z,LUIS VARGAS PIÑEIRA,-99.04848333,19.38628056,IZTAPALAPA,Primaria,100.0
09DPR2093H,FRANCISCO VILLA,MATUTINO,2024-2025 | 2025-2026,35.1773,2.1277,59.5745,63.8298,50.3546,,,65.9574,338,09DPR2093H,FRANCISCO VILLA,-99.06078333,19.33928889,IZTAPALAPA,Primaria,97.8723
09DPR3282G,PROFR. ROBERTO MARTÍNEZ  FLORES,VESPERTINO,2024-2025 | 2025-2026,35.1163,11.6279,51.1628,72.093,40.6977,,,61.6279,109,09DPR2681X,PROFR. ROBERTO MARTÍNEZ FLORES,-99.14220278,19.536725,GUSTAVO A. MADERO,Primaria,88.3721
09DPR4180Q,JOSÉ RUBEN ROMERO,VESPERTINO,2024-2025 | 2025-2026,35.1049,0.3497,64.3357,71.6783,39.1608,18.7875,366.0,64.6853,366,09DPR0119L,JOSÉ RUBEN ROMERO,-99.058425,19.41465,IZTACALCO,Primaria,99.6503
09DPR2185Y,TRINIDAD Y TOBAGO,VESPERTINO,2024-2025 | 2025-2026,35.0943,32.0755,51.8868,57.5472,33.9623,19.3986,96.0,55.6604,96,09DPR2184Z,TRINIDAD Y TOBAGO,-99.08663333,19.47290278,GUSTAVO A. MADERO,Primaria,67.9245
09DPR1081W,GRAL. JUAN DE LA LUZ ENRIQUEZ,VESPERTINO,2024-2025 | 2025-2026,35.0617,1.6461,58.4362,79.0123,36.214,18.7547,279.0,66.6667,279,09DPR1080X,GRAL. JUAN DE LA LUZ ENRIQUEZ,-99.06160278,19.40627778,IZTACALCO,Primaria,98.3539
09DPR3043G,LEONA VICARIO,MATUTINO,2024-2025 | 2025-2026,35.0481,14.1827,67.5481,56.9712,36.5385,,,62.7404,389,09DPR3048B,LEONA VICARIO,-99.15285,19.54879444,GUSTAVO A. MADERO,Primaria,85.8173
09DPR2567E,GRAL. FRANCISCO J. MUJICA,MATUTINO,2024-2025 | 2025-2026,35.0156,0.3115,52.648,79.4393,42.6791,19.4744,339.0,66.0436,339,09DPR2567E,GRAL. FRANCISCO J. MUJICA,-99.07163056,19.42169444,VENUSTIANO CARRANZA,Primaria,99.6885
09DPR0908Y,TLILALPACATL,MATUTINO,2024-2025 | 2025-2026,35.0,4.386,63.5965,67.1053,39.9123,18.563,335.0,62.7193,335,09DPR0908Y,TLILALPACATL,-99.10504167,19.37264444,IZTAPALAPA,Primaria,95.614
09DPR1404N,LA PRENSA,MATUTINO,2024-2025 | 2025-2026,34.9833,11.7057,74.5819,54.5151,34.1137,17.4751,278.0,66.2207,278,09DPR1404N,LA PRENSA,-99.12959722,19.46625278,GUSTAVO A. MADERO,Primaria,88.29429999999999
09DPR4229S,JOSÉ GUADALUPE POSADA,MATUTINO,2024-2025 | 2025-2026,34.9541,0.0,38.5321,90.367,45.8716,19.3329,372.0,58.7156,372,09DPR4229S,JOSÉ GUADALUPE POSADA,-99.00493889,19.34259167,IZTAPALAPA,Primaria,100.0
09DPR2940U,PROFRA. CARMEN RAMOS DEL RIO,MATUTINO,2025-2026,34.9474,1.0526,44.2105,74.7368,54.7368,20.0861,393.0,63.8596,393,09DPR2642V,PROFRA. CARMEN RAMOS DEL RIO,-99.05248889,19.38660833,IZTAPALAPA,Primaria,98.9474
09DPR2861H,SIERRA LEONA,MATUTINO,2024-2025,34.9345,20.524,45.1965,72.4891,36.4629,18.7755,473.0,58.0786,473,09DPR2861H,SIERRA LEONA,-99.00737222,19.19288611,MILPA ALTA,Primaria,79.476
09DPR2207T,PROFR. ABEL GAMIZ OLIVAS,MATUTINO,2025-2026,34.9,0.5,76.0,58.0,40.0,19.6179,216.0,66.0,216,09DPR2207T,PROFR. ABEL GAMIZ OLIVAS,-99.07956389,19.44301111,VENUSTIANO CARRANZA,Primaria,99.5
09DPR2050J,MELCHOR OCAMPO,MATUTINO,2024-2025 | 2025-2026,34.8643,8.977,53.0271,70.5637,41.7537,18.4268,494.0,61.5866,494,09DPR5081X,MELCHOR OCAMPO,-98.99296667,19.34795278,IZTAPALAPA,Primaria,91.023
09DPR2575N,PLAN DE AYALA,VESPERTINO,2024-2025,34.8235,8.2353,64.7059,52.3529,48.8235,20.1378,310.0,61.7647,310,09PPR1488Q,PLAN DE AYALA,-99.075159,19.187855,MILPA ALTA,Primaria,91.7647
09DPR1018U,FRANCISCO SARABIA Y TINOCO,MATUTINO,2024-2025 | 2025-2026,34.7899,0.0,61.7647,75.2101,36.9748,18.981,264.0,64.7059,264,09DPR1018U,FRANCISCO SARABIA Y TINOCO,-99.09082222,19.43048333,VENUSTIANO CARRANZA,Primaria,100.0
09DPR3225P,PROFR. MAXIMINO MARTÍNEZ ESTRELLA,MATUTINO,2024-2025 | 2025-2026,34.7826,0.0,58.6957,63.4058,51.8116,19.4564,391.0,61.9565,391,09DPR3225P,PROFR. MAXIMINO MARTÍNEZ ESTRELLA,-99.01904444,19.37870556,IZTAPALAPA,Primaria,100.0
09DPR3189A,PROFR. FAUSTO ARROYO PÉREZ,MATUTINO,2024-2025 | 2025-2026,34.7482,10.6115,58.9928,62.5899,41.5468,19.4122,597.0,60.4317,597,09DPR3189A,PROFR. FAUSTO ARROYO PÉREZ,-99.12869444,19.55590278,GUSTAVO A. MADERO,Primaria,89.3885
09DPR1637C,GRAL. GORDIANO GUZMÁN,VESPERTINO,2024-2025 | 2025-2026,34.7059,27.9412,58.8235,55.8824,30.8824,,,55.8824,95,09DPR1637C,GRAL. GORDIANO GUZMÁN,-99.20494722,19.47516944,AZCAPOTZALCO,Primaria,72.0588
09DPR1555T,LUIS CASTILLO LEDON,MATUTINO,2024-2025 | 2025-2026,34.7023,0.2053,60.5749,73.306,39.4251,19.0829,481.0,66.3244,481,09DPR1555T,LUIS CASTILLO LEDON,-99.20213611,19.44805278,MIGUEL HIDALGO,Primaria,99.7947
09DPR2288U,JUAN RODRÍGUEZ PUEBLA,MATUTINO,2024-2025 | 2025-2026,34.6667,0.0,51.5686,74.3137,47.451,19.2429,644.0,63.7255,644,09DPR2111G,JUAN RODRÍGUEZ PUEBLA,-99.01573333,19.37775833,IZTAPALAPA,Primaria,100.0
09DPR1752U,ANGELA PERALTA,MATUTINO,2024-2025 | 2025-2026,34.6552,0.0,62.931,69.8276,40.5172,18.999,156.0,66.3793,156,09DPR1584O,ANGELA PERALTA,-99.14853056,19.47877778,AZCAPOTZALCO,Primaria,100.0
09DPR2710B,FRANCISCO DE P. MIRANDA,MATUTINO,2025-2026,34.6125,0.0,67.8967,68.2657,36.9004,18.9326,271.0,67.8967,271,09DPR2710B,FRANCISCO DE P. MIRANDA,-99.09323056,19.41629444,VENUSTIANO CARRANZA,Primaria,100.0
09DPR1154Y,BANDERA DE MÉXICO,MATUTINO,2025-2026,34.6067,0.5618,49.4382,78.6517,44.382,19.096,275.0,64.0449,275,09DPR1154Y,BANDERA DE MÉXICO,-99.11218889,19.36725833,IZTAPALAPA,Primaria,99.4382
09DPR4161B,RAFAEL DELGADO,VESPERTINO,2024-2025 | 2025-2026,34.6067,0.0,46.0674,80.8989,46.0674,51.6352,181.0,62.9213,181,09DPR4160C,RAFAEL DELGADO,-99.00900556,19.34101667,IZTAPALAPA,Primaria,100.0
09DPR0913J,LIC. ALFREDO V. BONFIL,MATUTINO,2024-2025 | 2025-2026,34.578,0.5115,46.8031,83.6317,41.9437,18.6824,422.0,62.1483,422,09DPR0913J,LIC. ALFREDO V. BONFIL,-99.08976944,19.39150278,IZTACALCO,Primaria,99.4885
09DPR0029T,PROFRA. ALICIA MARTÍNEZ MONTOYA,MATUTINO,2024-2025 | 2025-2026,34.5669,0.0,62.2047,64.9606,45.6693,18.873,366.0,63.7795,366,09DPR4153T,PROFRA. ALICIA MARTÍNEZ MONTOYA,-99.02378333,19.37379444,IZTAPALAPA,Primaria,100.0
09DPR3248Z,LUIS BRAILLE,MATUTINO,2024-2025 | 2025-2026,34.5657,5.1225,64.1425,63.2517,40.3118,18.5687,538.0,59.2428,538,09DJN0392B,LUIS BRAILLE,-99.20343056,19.51436111,AZCAPOTZALCO,Preescolar,94.8775
09DPR1574H,DEFENSORES DE LA REPÚBLICA,MATUTINO,2024-2025 | 2025-2026,34.5562,24.8521,46.1538,60.9467,40.8284,25.5811,198.0,53.2544,198,09DPR1574H,DEFENSORES DE LA REPÚBLICA,-99.14263611,19.47421111,GUSTAVO A. MADERO,Primaria,75.14789999999999
09DPR2642V,PROFRA. CARMEN RAMOS DEL RIO,VESPERTINO,2024-2025 | 2025-2026,34.5455,0.0,72.7273,57.1429,42.8571,18.7233,212.0,58.4416,212,09DPR2642V,PROFRA. CARMEN RAMOS DEL RIO,-99.05248889,19.38660833,IZTAPALAPA,Primaria,100.0
09DPR1508I,MTRO. SILIO R. ESCALANTE,MATUTINO,2024-2025 | 2025-2026,34.537,4.6296,62.2685,61.5741,44.213,,,62.5,400,09DPR1508I,MTRO. SILIO R. ESCALANTE,-99.09245278,19.49827778,GUSTAVO A. MADERO,Primaria,95.3704
09DPR3150P,AUGUSTO COMTE,MATUTINO,2024-2025 | 2025-2026,34.5363,0.5013,58.6466,69.6742,43.8596,18.9698,448.0,63.6591,448,09DPR3150P,AUGUSTO COMTE,-99.06933333,19.39136389,IZTACALCO,Primaria,99.4987
09DPR3192O,BRUNO TRAVEN,MATUTINO,2024-2025 | 2025-2026,34.527,0.3378,52.3649,80.4054,39.527,18.3624,299.0,63.5135,299,09DPR3192O,BRUNO TRAVEN,-99.04986667,19.39601389,IZTAPALAPA,Primaria,99.6622
09DPR3012N,PROFRA. JUSTINA GONZÁLEZ MARTINEZ,MATUTINO,2024-2025 | 2025-2026,34.5254,12.1413,47.2406,74.3929,38.8521,,,60.9272,405,09DPR3012N,PROFRA. JUSTINA GONZÁLEZ MARTINEZ,-99.1385,19.52385,GUSTAVO A. MADERO,Primaria,87.8587
09DPR2708N,REPÚBLICA ARABE UNIDA,MATUTINO,2024-2025 | 2025-2026,34.4654,0.9434,60.6918,67.9245,42.7673,19.3,420.0,66.0377,420,09DPR1033M,REPÚBLICA ARABE UNIDA,-99.06414167,19.427875,VENUSTIANO CARRANZA,Primaria,99.0566
09DPR2805P,ISIDRO FABELA,MATUTINO,2024-2025 | 2025-2026,34.4138,0.0,54.8276,71.7241,45.5172,19.129,336.0,62.7586,336,09DPR2805P,ISIDRO FABELA,-99.02515278,19.38039722,IZTAPALAPA,Primaria,100.0
09DPR2641W,FRANCISCO MARQUEZ,MATUTINO,2024-2025 | 2025-2026,34.4,1.7778,46.2222,83.1111,40.8889,18.6005,381.0,61.7778,381,09DPR2641W,FRANCISCO MARQUEZ,-99.01433056,19.36083333,IZTAPALAPA,Primaria,98.2222
09DPR1065E,LEON GUZMÁN,MATUTINO,2024-2025 | 2025-2026,34.3929,0.0,45.2539,76.6004,50.1104,19.2013,512.0,63.5762,512,09DJN0664C,LEON GUZMÁN,-99.21363889,19.37187222,ÁLVARO OBREGÓN,Preescolar,100.0
09DPR3226O,PROFR. MAXIMINO MARTÍNEZ ESTRELLA,VESPERTINO,2024-2025 | 2025-2026,34.3902,0.0,61.5854,70.7317,39.6341,18.5485,290.0,57.3171,290,09DPR3225P,PROFR. MAXIMINO MARTÍNEZ ESTRELLA,-99.01904444,19.37870556,IZTAPALAPA,Primaria,100.0
09DPR3082I,PROFR. VICTORIANO GONZÁLEZ GARZON,MATUTINO,2024-2025 | 2025-2026,34.375,0.9375,59.0625,72.1875,39.6875,19.0996,428.0,65.9375,428,09DPR3079V,PROFR. VICTORIANO GONZÁLEZ GARZON,-99.05874444,19.43138056,VENUSTIANO CARRANZA,Primaria,99.0625
09DPR0899G,ESTADO DE TLAXCALA,MATUTINO,2025-2026,34.3396,0.0,55.6604,72.6415,43.3962,18.6936,120.0,65.0943,120,09DPR2442X,ESTADO DE TLAXCALA,-99.12740833,19.40860556,CUAUHTÉMOC,Primaria,100.0
09DPR2894Z,DAVID ALFARO SIQUEIROS,VESPERTINO,2025-2026,34.2857,0.0,66.2338,68.8312,36.3636,19.5788,90.0,70.1299,90,09DPR2734L,DAVID ALFARO SIQUEIROS,-99.10483889,19.38313333,IZTACALCO,Primaria,100.0
09DPR4192V,FRANCISCO SOSA,VESPERTINO,2024-2025 | 2025-2026,34.2857,0.0,59.0476,73.3333,39.0476,18.8647,265.0,64.7619,265,09DPR4191W,FRANCISCO SOSA,-99.07173611,19.31676944,IZTAPALAPA,Primaria,100.0
09DPR2681X,PROFR. ROBERTO MARTÍNEZ FLORES,MATUTINO,2024-2025,34.2857,30.662,43.9024,61.6725,35.1916,20.2075,329.0,53.3101,329,09DPR2681X,PROFR. ROBERTO MARTÍNEZ FLORES,-99.14220278,19.536725,GUSTAVO A. MADERO,Primaria,69.338
09DPR2406S,GRAL. MIGUEL ALEMAN,MATUTINO,2025-2026,34.2857,24.2857,47.619,58.0952,41.4286,19.6248,240.0,55.2381,240,09DPR2372S,GRAL. MIGUEL ALEMAN,-99.12265833,19.44278056,VENUSTIANO CARRANZA,Primaria,75.71430000000001
09DPR1005Q,BELGICA,MATUTINO,2024-2025 | 2025-2026,34.218,0.0,61.1374,70.1422,39.8104,19.1163,342.0,65.8768,342,09DJN0380X,BELGICA,-99.043025,19.34668611,IZTAPALAPA,Preescolar,100.0
09DPR0911L,MAESTROS DE MÉXICO,MATUTINO,2024-2025 | 2025-2026,34.1985,0.0,51.9084,78.626,40.458,19.043,197.0,67.9389,197,09DPR2230U,MAESTROS DE MÉXICO,-99.28223333,19.34231667,CUAJIMALPA DE MORELOS,Primaria,100.0
09DPR2964D,PROFR. FRANCISCO DE LA MAZA CUADRA,MATUTINO,2024-2025 | 2025-2026,34.1895,22.7368,51.5789,62.3158,34.3158,,,55.1579,463,09DPR2964D,PROFR. FRANCISCO DE LA MAZA CUADRA,-99.06288611,19.4661,GUSTAVO A. MADERO,Primaria,77.2632
09DPR1175K,EJERCITO DE ORIENTE,MATUTINO,2024-2025 | 2025-2026,34.1818,1.8182,41.4545,88.0,39.6364,18.4574,470.0,60.7273,470,09DPR2829Z,EJERCITO DE ORIENTE,-99.02777778,19.36786389,IZTAPALAPA,Primaria,98.1818
09DPR0940G,LUIS CABRERA,MATUTINO,2024-2025 | 2025-2026,34.1791,0.3731,65.1119,66.6045,38.806,18.9804,686.0,62.6866,686,09PJN4911A,LUIS CABRERA,-99.002215,19.35047,IZTAPALAPA,Preescolar,99.6269
09DPR0960U,PINTOR GERARDO MURILLO,VESPERTINO,2024-2025 | 2025-2026,34.1772,1.2658,58.2278,74.6835,36.7089,17.6949,199.0,59.4937,199,09DPR0960U,PINTOR GERARDO MURILLO,-99.04325,19.3926,IZTAPALAPA,Primaria,98.7342
09DPR2162N,PROFR. ALFONSO ANZORENA GONZÁLEZ,VESPERTINO,2024-2025 | 2025-2026,34.1772,13.9241,62.0253,64.557,30.3797,,,62.0253,87,09DPR2161O,PROFR. ALFONSO ANZORENA GONZÁLEZ,-99.09924722,19.50765833,GUSTAVO A. MADERO,Primaria,86.0759
09DPR1360G,MANUEL GUTIERREZ NAJERA,MATUTINO,2024-2025 | 2025-2026,34.1687,8.6747,52.2892,66.747,43.1325,19.5479,299.0,61.2048,299,09DPR1360G,MANUEL GUTIERREZ NAJERA,-99.08584167,19.50059167,GUSTAVO A. MADERO,Primaria,91.3253
09DPR1003S,BENITO FENTANES,MATUTINO,2024-2025 | 2025-2026,34.1667,0.2976,52.6786,80.3571,37.5,18.431,99.0,62.5,99,09DPR1003S,BENITO FENTANES,-99.08183611,19.40053333,IZTACALCO,Primaria,99.7024
09DPR1396V,DR. CARLOS BAUER,VESPERTINO,2024-2025 | 2025-2026,34.1667,8.3333,56.9444,69.4444,36.1111,,,59.7222,92,09DPR1396V,DR. CARLOS BAUER,-99.09823889,19.48599722,GUSTAVO A. MADERO,Primaria,91.6667
09DPR2099B,CEYLAN,MATUTINO,2024-2025 | 2025-2026,34.1489,1.5957,53.9894,74.4681,40.6915,19.1651,408.0,63.0319,408,09DPR2099B,CEYLAN,-99.11319444,19.42287222,VENUSTIANO CARRANZA,Primaria,98.4043
09DPR0858G,PROFR. ANGEL SALAS BONILLA,MATUTINO,2024-2025 | 2025-2026,34.1126,0.0,58.4416,59.7403,52.381,20.0969,437.0,61.4719,437,09DPR0836V,PROFR. ANGEL SALAS BONILLA,-99.04865,19.34058611,IZTAPALAPA,Primaria,100.0
09DPR3291O,PROFR. GAUDENCIO PERAZA,MATUTINO,2025-2026,34.1089,0.495,55.4455,76.4851,38.1188,19.3369,383.0,63.8614,383,09DPR3263S,PROFR. GAUDENCIO PERAZA,-98.98970278,19.34816944,IZTAPALAPA,Primaria,99.505
09DPR0914I,GRAL. FELIPE BERRIOZABAL,MATUTINO,2024-2025 | 2025-2026,34.1083,8.7186,47.5561,73.3157,40.9511,,,59.9736,758,09DPR0914I,GRAL. FELIPE BERRIOZABAL,-99.12901667,19.55631944,GUSTAVO A. MADERO,Primaria,91.2814
09DPR2478L,LUIS MURILLO,MATUTINO,2024-2025 | 2025-2026,34.104,0.0,46.8208,55.4913,68.2081,22.4485,172.0,62.4277,172,09DPR2478L,LUIS MURILLO,-99.13653333,19.44021944,CUAUHTÉMOC,Primaria,100.0
09DPR2442X,ESTADO DE TLAXCALA,VESPERTINO,2024-2025 | 2025-2026,34.1026,5.1282,73.0769,60.2564,32.0513,18.7015,96.0,65.3846,96,09DPR2442X,ESTADO DE TLAXCALA,-99.12740833,19.40860556,CUAUHTÉMOC,Primaria,94.87180000000001
09DPR0952L,MTRO. ANDRES JUÁREZ SANTOS,MATUTINO,2024-2025 | 2025-2026,34.087,0.0,39.1304,81.7391,49.5652,19.7608,126.0,60.8696,126,09DPR0952L,MTRO. ANDRES JUÁREZ SANTOS,-99.09668333,19.42368889,VENUSTIANO CARRANZA,Primaria,100.0
09DPR1082V,HEROES DE 1914,MATUTINO,2024-2025 | 2025-2026,34.086,0.0,27.4194,84.4086,58.6022,20.4497,243.0,63.4409,243,09DPR1082V,HEROES DE 1914,-99.09636111,19.42509444,VENUSTIANO CARRANZA,Primaria,100.0
09DPR1575G,DEFENSOR DE ANAHUAC,VESPERTINO,2024-2025 | 2025-2026,34.0845,32.3944,52.1127,54.9296,30.9859,,,54.9296,81,09DPR1573I,DEFENSOR DE ANAHUAC,-99.14245833,19.47479444,GUSTAVO A. MADERO,Primaria,67.60560000000001
09DPR0862T,VICENTE GUERRERO,MATUTINO,2024-2025 | 2025-2026,34.081,0.9346,57.9439,62.3053,49.2212,19.9406,490.0,57.9439,490,09DPR1779A,VICENTE GUERRERO,-99.28051944,19.34280833,CUAJIMALPA DE MORELOS,Primaria,99.0654
09DPR1800N,NACIONES UNIDAS,MATUTINO,2025-2026,34.0633,0.0,47.6886,72.5061,50.1217,19.4217,427.0,61.3139,427,09DPR1800N,NACIONES UNIDAS,-99.18629722,19.39604167,MIGUEL HIDALGO,Primaria,100.0
09DPR5019U,INVESTIGACION EDUCATIVA,MATUTINO,2024-2025 | 2025-2026,34.0132,4.9342,71.3816,56.5789,37.1711,18.0879,281.0,61.8421,281,09DPR5019U,INVESTIGACION EDUCATIVA,-99.28036111,19.37051667,CUAJIMALPA DE MORELOS,Primaria,95.0658
09DPR0965P,LIC. FERNANDO CASAS ALEMAN,VESPERTINO,2025-2026,34.0,0.0,56.25,76.25,37.5,23.5797,105.0,65.0,105,09DPR0965P,LIC. FERNANDO CASAS ALEMAN,-99.09217778,19.44783611,VENUSTIANO CARRANZA,Primaria,100.0
09DPR1349K,MTRO. JOSÉ HELIODORO BRAVO,MATUTINO,2024-2025 | 2025-2026,33.9837,32.5203,39.8374,56.9106,40.6504,19.5301,123.0,52.0325,123,09DPR1349K,MTRO. JOSÉ HELIODORO BRAVO,-99.08984444,19.45888056,GUSTAVO A. MADERO,Primaria,67.47970000000001
09DPR1295X,GREGORIO MARIAS,MATUTINO,2024-2025 | 2025-2026,33.9701,0.0,61.791,67.7612,40.2985,19.0179,472.0,63.8806,472,09DPR1295X,GREGORIO MARÍAS,-99.04033611,19.34008056,IZTAPALAPA,Primaria,100.0
09DPR3249Z,LUIS BRAILLE,VESPERTINO,2024-2025 | 2025-2026,33.9659,0.9732,81.5085,44.2822,43.0657,20.6368,470.0,60.3406,470,09DJN0392B,LUIS BRAILLE,-99.20343056,19.51436111,AZCAPOTZALCO,Preescolar,99.0268
09DPR1002T,PROFR. BRAULIO RODRÍGUEZ,MATUTINO,2024-2025 | 2025-2026,33.9375,3.75,40.9375,87.1875,37.8125,18.4227,535.0,58.125,535,09DPR1002T,PROFR. BRAULIO RODRÍGUEZ,-99.03013056,19.38370833,IZTAPALAPA,Primaria,96.25
09DPR0970A,ESTADO DE PUEBLA,MATUTINO,2024-2025 | 2025-2026,33.931,0.3448,42.7586,84.1379,42.4138,18.9353,308.0,58.9655,308,09DPR0970A,ESTADO DE PUEBLA,-99.10538056,19.42911944,VENUSTIANO CARRANZA,Primaria,99.6552
09DPR2566F,JUAN JACOBO ROUSSEAU,MATUTINO,2024-2025 | 2025-2026,33.9276,41.7827,47.9109,52.9248,27.0195,,,50.4178,303,09DPR2566F,JUAN JACOBO ROUSSEAU,-99.06687778,19.47952222,GUSTAVO A. MADERO,Primaria,58.2173
09DPR2471S,MI PATRIA ES PRIMERO,VESPERTINO,2025-2026,33.913,0.0,67.3913,65.2174,36.9565,18.4239,73.0,58.6957,73,09DPR3045E,MI PATRIA ES PRIMERO,-99.06026111,19.36169167,IZTAPALAPA,Primaria,100.0
09DPR0980H,EMPERADOR ITZCOATL,VESPERTINO,2024-2025 | 2025-2026,33.913,6.087,66.9565,66.087,30.4348,18.8667,299.0,64.3478,299,09DPR0980H,EMPERADOR ITZCOATL,-99.03611389,19.37771389,IZTAPALAPA,Primaria,93.913
09DPR3055L,LAZARO CARDENAS,VESPERTINO,2024-2025 | 2025-2026,33.8926,9.7315,55.7047,70.1342,33.8926,,,62.0805,308,09DPR3090R,LAZARO CARDENAS,-99.15,19.54074722,GUSTAVO A. MADERO,Primaria,90.2685
09DPR1892U,ALFONSO TEJA ZABRE,MATUTINO,2024-2025,33.8653,9.9751,52.1197,63.591,43.6409,19.1374,435.0,59.1022,435,09DPR1892U,ALFONSO TEJA ZABRE,-99.2285,19.30939722,LA MAGDALENA CONTRERAS,Primaria,90.0249
09DPR2680Y,HERMANOS SERDAN,MATUTINO,2024-2025 | 2025-2026,33.8583,0.2625,46.1942,75.0656,47.769,19.0482,610.0,61.1549,610,09DPR2680Y,HERMANOS SERDAN,-99.01268889,19.34476389,IZTAPALAPA,Primaria,99.7375
09DPR2094G,GUADALUPE CENICEROS DE PÉREZ ZAVALETA,VESPERTINO,2024-2025 | 2025-2026,33.8462,0.0,46.1538,76.9231,46.1538,18.5344,88.0,58.4615,88,09DPR2094G,GUADALUPE CENICEROS DE PÉREZ ZAVALETA,-99.05848889,19.35068889,IZTAPALAPA,Primaria,100.0
09DPR2386V,JULIO ZARATE,MATUTINO,2024-2025 | 2025-2026,33.8462,1.7094,62.3932,67.5214,37.6068,18.9837,117.0,63.2479,117,09DPR2386V,JULIO ZARATE,-99.11955278,19.44046944,VENUSTIANO CARRANZA,Primaria,98.2906
09DPR4191W,FRANCISCO SOSA,MATUTINO,2024-2025 | 2025-2026,33.8326,0.4405,41.4097,75.3304,51.9824,19.5646,399.0,59.9119,399,09DPR4191W,FRANCISCO SOSA,-99.07173611,19.31676944,IZTAPALAPA,Primaria,99.5595
09DPR3177W,JUANA PAVON DE MORELOS,MATUTINO,2024-2025 | 2025-2026,33.7975,0.0,39.8734,78.481,50.6329,19.2848,300.0,60.7595,300,09DJN0047S,JUANA PAVON DE MORELOS,-99.13075278,19.36947778,IZTAPALAPA,Preescolar,100.0
09DPR2826B,LIC. JOSE ANGEL CENICEROS,MATUTINO,2025-2026,33.7949,0.0,55.641,70.2564,43.0769,19.1234,447.0,63.5897,447,09DPR2826B,LIC. JOSÉ ANGEL CENICEROS,-99.07299722,19.302125,IZTAPALAPA,Primaria,100.0
09DPR5086S,NICOLAS BRAVO,VESPERTINO,2024-2025 | 2025-2026,33.7838,1.3514,70.2703,63.5135,33.7838,18.7418,239.0,60.8108,239,09DBN0079B,NICOLAS BRAVO,-99.08130278,19.49550278,GUSTAVO A. MADERO,Primaria,98.6486
09DPR3255J,PROFR. GERARDO BRUNO SEVILLA HERNÁNDEZ,VESPERTINO,2024-2025 | 2025-2026,33.7736,0.0,66.9811,57.5472,44.3396,19.6306,164.0,66.9811,164,09DBS0042J,PROFR. GERARDO BRUNO SEVILLA HERNÁNDEZ,-99.07276667,19.30278333,IZTAPALAPA,Adultos - Secundaria,100.0
09DPR1839Z,"""ESC. PRIM. ANEXA A LA BENM """"LUIS HIDALGO MONROY""""""",MATUTINO,2025-2026,33.7339,0.0,33.691,90.1288,44.8498,18.7194,509.0,60.9442,509,09DPR1839Z,"ESC. PRIM. ANEXA A LA BENM ""LUIS HIDALGO MONROY""",-99.16828056,19.44533889,MIGUEL HIDALGO,Primaria,100.0
09DPR1409I,JULIO S. HERNANDEZ,MATUTINO,2024-2025 | 2025-2026,33.7255,22.0044,52.2876,59.695,34.6405,18.9184,413.0,54.4662,413,09DPR1409I,JULIO S. HERNANDEZ,-99.06605833,19.47439722,GUSTAVO A. MADERO,Primaria,77.9956
09DPR2388T,MAESTRO JULIAN CARRILLO,MATUTINO,2024-2025 | 2025-2026,33.7037,2.3148,54.1667,63.8889,48.1481,19.7137,245.0,58.7963,245,09DPR2388T,MAESTRO JULIAN CARRILLO,-99.13258611,19.46054722,CUAUHTÉMOC,Primaria,97.6852
09DPR5008O,CALPULLI CALTONGO,MATUTINO,2024-2025 | 2025-2026,33.6667,5.0,70.5556,48.3333,44.4444,,,54.4444,215,09DPR5008O,CALPULLI CALTONGO,-99.0794,19.26101111,XOCHIMILCO,Primaria,95.0
09DPR2747P,MAESTRO DOMINGO TIRADO BENEDI,MATUTINO,2024-2025 | 2025-2026,33.662,0.3521,58.0986,62.3239,47.5352,19.3037,390.0,58.8028,390,09DPR2646R,MAESTRO DOMINGO TIRADO BENEDI,-99.06817222,19.34065278,IZTAPALAPA,Primaria,99.6479
09DPR1238F,OMETECUHTLI,VESPERTINO,2024-2025 | 2025-2026,33.6364,1.2987,64.9351,65.5844,36.3636,18.7962,225.0,63.6364,225,09DPR1236H,OMETECUHTLI,-99.09575556,19.35441389,IZTAPALAPA,Primaria,98.7013
09DPR1379E,LUIS MARTÍNEZ  MURILLO,MATUTINO,2024-2025 | 2025-2026,33.6364,28.5714,42.5325,64.9351,32.1429,18.6382,281.0,52.2727,281,09DPR1379E,LUIS MARTÍNEZ  MURILLO,-99.07515556,19.47205,GUSTAVO A. MADERO,Primaria,71.4286
09DPR5013Z,NUEVA ZELANDIA,MATUTINO,2024-2025 | 2025-2026,33.622,2.7559,42.5197,71.2598,51.5748,19.6973,706.0,58.6614,706,09DPR5013Z,NUEVA ZELANDIA,-98.97598056,19.33048889,IZTAPALAPA,Primaria,97.2441
09DPR0945B,ANTONIO DE MENDOZA,MATUTINO,2024-2025 | 2025-2026,33.6201,0.3584,60.2151,67.7419,39.7849,19.7835,339.0,63.7993,339,09DPR0945B,ANTONIO DE MENDOZA,-99.07314444,19.39434167,IZTACALCO,Primaria,99.6416
09DPR5093B,PROFR. LEOPOLDO VELAZQUEZ ACUÑA,MATUTINO,2025-2026,33.6111,1.3889,47.2222,65.2778,54.1667,19.1225,181.0,59.7222,181,09DPR5093B,PROFR. LEOPOLDO VELAZQUEZ ACUÑA,-99.07602778,19.36111389,IZTAPALAPA,Primaria,98.6111
09DPR1408J,JOSÉ CLEMENTE OROZCO,MATUTINO,2024-2025 | 2025-2026,33.6076,13.6076,59.1772,64.557,30.6962,19.2279,324.0,59.8101,324,09DPR1408J,JOSÉ CLEMENTE OROZCO,-99.10118611,19.45361667,GUSTAVO A. MADERO,Primaria,86.3924
09DPR1628V,SOTERO PRIETO,MATUTINO,2024-2025,33.5793,22.1402,38.3764,70.4797,36.9004,18.9787,268.0,54.6125,268,09DPR1631I,SOTERO PRIETO,-99.17723611,19.49135278,AZCAPOTZALCO,Primaria,77.8598
09DPR2225I,GAMBIA,MATUTINO,2024-2025,33.574,1.8051,66.065,51.9856,48.0144,18.6674,286.0,59.9278,286,09DPR2225I,GAMBIA,-99.24966667,19.31568611,LA MAGDALENA CONTRERAS,Primaria,98.1949
09DPR2851A,LIC. JOSE ANGEL CENICEROS,VESPERTINO,2024-2025 | 2025-2026,33.5664,0.6993,76.9231,42.6573,47.5524,19.3993,281.0,59.4406,281,09DPR2826B,LIC. JOSÉ ANGEL CENICEROS,-99.07299722,19.302125,IZTAPALAPA,Primaria,99.3007
09DPR1023F,FRANCISCO GOITIA,MATUTINO,2024-2025 | 2025-2026,33.5664,0.0,48.2517,76.2238,43.3566,18.8963,313.0,61.5385,313,09DPR3044F,FRANCISCO GOITIA,-99.15157778,19.52920556,GUSTAVO A. MADERO,Primaria,100.0
09DPR2939E,REPÚBLICA POPULAR SOCIALISTA DE ALBANIA,VESPERTINO,2024-2025 | 2025-2026,33.5664,3.4965,65.035,67.1329,32.1678,18.4939,217.0,64.3357,217,09DPR2939E,REPÚBLICA POPULAR SOCIALISTA DE ALBANIA,-99.02520556,19.35540556,IZTAPALAPA,Primaria,96.5035
09DPR2935I,JUAN ANTONIO DE LA FUENTE,MATUTINO,2024-2025 | 2025-2026,33.5294,4.4118,55.8824,77.9412,29.4118,17.1186,543.0,64.7059,543,09DBA0199K,JUAN ANTONIO DE LA FUENTE,-99.07806944,19.38701111,IZTAPALAPA,Adultos - Primaria,95.5882
09DPR5037J,RAFAEL SOLANA,MATUTINO,2024-2025 | 2025-2026,33.5013,5.5416,48.8665,69.2695,43.8287,19.0558,573.0,59.4458,573,09DPR5059V,RAFAEL SOLANA,-99.00646389,19.37054722,IZTAPALAPA,Primaria,94.4584
09DPR2847O,PROFR. PABLO DAMIAN GONZÁLEZ,VESPERTINO,2024-2025 | 2025-2026,33.4694,42.8571,39.7959,27.551,57.1429,,,47.9592,126,09DPR2825C,PROFR. PABLO DAMIAN GONZÁLEZ,-99.07673889,19.49731667,GUSTAVO A. MADERO,Primaria,57.1429
09DPR3020W,IGNACIO MARISCAL,MATUTINO,2024-2025 | 2025-2026,33.4583,15.6729,46.8484,70.5281,34.2419,18.2985,522.0,56.0477,522,09DPR3020W,IGNACIO MARISCAL,-99.055075,19.45634167,GUSTAVO A. MADERO,Primaria,84.3271
09DPR1450Z,FUERTE DE LORETO,MATUTINO,2024-2025 | 2025-2026,33.4048,13.941,50.9383,68.9008,33.244,,,58.445,342,09DPR1450Z,FUERTE DE LORETO,-99.12859722,19.51777778,GUSTAVO A. MADERO,Primaria,86.059
09DPR3138U,ALBERTO EINSTEIN,MATUTINO,2024-2025 | 2025-2026,33.4012,0.2037,55.6008,72.0978,39.1039,18.6577,610.0,61.9145,610,09DPR3138U,ALBERTO EINSTEIN,-98.9994,19.34212778,IZTAPALAPA,Primaria,99.7963
09DPR1774F,EL PIPILA,MATUTINO,2024-2025 | 2025-2026,33.3953,0.4651,67.4419,59.0698,40.0,,,59.5349,190,09DPR1774F,EL PIPILA,-99.1921,19.412475,MIGUEL HIDALGO,Primaria,99.5349
09DPR1732G,CENTRO ESCOLAR MÉXICO,MATUTINO,2024-2025 | 2025-2026,33.3775,1.3245,43.0464,69.5364,52.9801,19.6286,158.0,58.2781,158,09PPR1710Z,CENTRO ESCOLAR MÉXICO,-98.99792,19.348589,IZTAPALAPA,Primaria,98.6755
09DPR1526Y,CHICOMOSTOC,VESPERTINO,2024-2025 | 2025-2026,33.3333,29.697,58.1818,52.1212,26.6667,,,53.9394,154,09DPR1521C,CHICOMOSTOC,-99.096525,19.50433333,GUSTAVO A. MADERO,Primaria,70.303
09DPR3044F,FRANCISCO GOITIA,VESPERTINO,2024-2025 | 2025-2026,33.2903,7.7419,41.9355,74.1935,42.5806,19.7759,165.0,59.3548,165,09DPR3044F,FRANCISCO GOITIA,-99.15157778,19.52920556,GUSTAVO A. MADERO,Primaria,92.2581
09DPR5027C,LEONA VICARIO,MATUTINO,2024-2025 | 2025-2026,33.271,19.0031,47.6636,63.2399,36.4486,18.4335,345.0,52.648,345,09DPR3048B,LEONA VICARIO,-99.15285,19.54879444,GUSTAVO A. MADERO,Primaria,80.9969
09DPR1369Y,ALEJANDRO DE HUMBOLDT,VESPERTINO,2024-2025 | 2025-2026,33.2609,15.2174,64.1304,59.2391,27.7174,19.5427,164.0,56.5217,164,09DPR1365B,ALEJANDRO DE HUMBOLDT,-99.12674444,19.503825,GUSTAVO A. MADERO,Primaria,84.7826
09DPR2563I,TLAMACHIHUAPAN,MATUTINO,2024-2025,33.244,7.5893,41.6667,76.0417,40.9226,18.3654,668.0,57.7381,668,09DPR2655Z,TLAMACHIHUAPAN,-99.07363056,19.24300278,XOCHIMILCO,Primaria,92.4107
09DPR1044S,PLAN DE AYUTLA,MATUTINO,2024-2025 | 2025-2026,33.2292,1.5625,62.5,54.1667,47.9167,20.2673,274.0,61.9792,274,09DPR1044S,PLAN DE AYUTLA,-99.09669444,19.445675,VENUSTIANO CARRANZA,Primaria,98.4375
09DPR2409P,DR. MIGUEL SILVA,MATUTINO,2025-2026,33.2189,6.0086,51.073,66.0944,42.9185,19.3535,220.0,58.3691,220,09DPR1725X,DR. MIGUEL SILVA,-99.20656389,19.45525833,MIGUEL HIDALGO,Primaria,93.9914
09DPR1695T,MAESTRO ANTONIO CASO,MATUTINO,2024-2025 | 2025-2026,33.2039,0.0,57.2816,66.9903,41.7476,18.9939,129.0,62.1359,129,09DPR1695T,MAESTRO ANTONIO CASO,-99.19488056,19.44243611,MIGUEL HIDALGO,Primaria,100.0
09DPR1935B,JOSEFA ORTIZ DE DOMÍNGUEZ,MATUTINO,2024-2025 | 2025-2026,33.2,6.5714,38.2857,74.8571,46.2857,18.4309,351.0,58.0,351,09DJN1098F,JOSEFA ORTIZ DE DOMÍNGUEZ,-99.01217778,19.34653056,IZTAPALAPA,Preescolar,93.4286
09DPR2706P,PROFR. RAFAEL CRUZ MANJARREZ,VESPERTINO,2024-2025 | 2025-2026,33.1878,0.4367,84.2795,37.5546,43.6681,18.6722,321.0,58.0786,321,09DPR2713Z,PROFR. RAFAEL CRUZ MANJARREZ,-99.16844722,19.266075,TLALPAN,Primaria,99.5633
09DPR1927T,MARIANO ABASOLO,MATUTINO,2024-2025,33.1805,10.3152,51.8625,58.1662,45.5587,19.3121,401.0,54.7278,401,09DPR1926U,MARIANO ABASOLO,-99.23381389,19.30567222,LA MAGDALENA CONTRERAS,Primaria,89.6848
09DPR5038I,RUFINO TAMAYO,MATUTINO,2024-2025 | 2025-2026,33.1801,0.1916,56.1303,65.5172,44.0613,18.9408,604.0,59.5785,604,09DPR5038I,RUFINO TAMAYO,-99.00551389,19.37272222,IZTAPALAPA,Primaria,99.8084
09DPR1754S,CATORCE DE ABRIL,MATUTINO,2024-2025 | 2025-2026,33.1599,0.3717,47.5836,75.8364,42.0074,19.3742,310.0,61.71,310,09DPR1754S,CATORCE DE ABRIL,-99.18056944,19.40478333,MIGUEL HIDALGO,Primaria,99.6283
09DPR2148U,MAGISTERIO MEXICANO,MATUTINO,2024-2025 | 2025-2026,33.1282,31.2821,36.4103,62.5641,35.3846,19.0784,209.0,50.7692,209,09DPR2148U,MAGISTERIO MEXICANO,-99.197675,19.49001389,AZCAPOTZALCO,Primaria,68.7179
09DPR4193U,DANIEL RAMIREZ PÉREZ,MATUTINO,2024-2025,33.0435,19.222,62.4714,47.1396,36.3844,18.7462,461.0,51.2586,461,09DPR4193U,DANIEL RAMIREZ PÉREZ,-99.12149722,19.21893333,XOCHIMILCO,Primaria,80.77799999999999
09DPR2267H,MANUEL C. TELLO,MATUTINO,2024-2025 | 2025-2026,33.0091,0.304,56.8389,62.614,45.2888,19.4198,500.0,59.5745,500,09DPR2267H,MANUEL C. TELLO,-99.02779444,19.38387778,IZTAPALAPA,Primaria,99.696
09DPR0977U,LIC. ERNESTO ENRIQUEZ,MATUTINO,2025-2026,33.0088,2.6549,49.5575,74.7788,38.0531,17.9274,233.0,55.7522,233,09DPR0977U,LIC. ERNESTO ENRIQUEZ,-99.09784167,19.44365278,VENUSTIANO CARRANZA,Primaria,97.3451
09DPR1049N,INSURGENTE PEDRO MORENO,MATUTINO,2025-2026,32.9843,0.5236,56.5445,61.7801,46.0733,20.6145,213.0,62.3037,213,09DPR1049N,INSURGENTE PEDRO MORENO,-99.05126389,19.38991944,IZTAPALAPA,Primaria,99.4764
09DPR3032A,ALBERTO EINSTEIN,VESPERTINO,2024-2025 | 2025-2026,32.967,2.7473,60.4396,63.1868,38.4615,17.9466,329.0,55.4945,329,09DPR3138U,ALBERTO EINSTEIN,-98.9994,19.34212778,IZTAPALAPA,Primaria,97.2527
09DPR2109S,LEOPOLDO KIEL,MATUTINO,2024-2025 | 2025-2026,32.963,2.4691,48.7654,71.6049,41.9753,17.9968,586.0,58.642,586,09DPR2109S,LEOPOLDO KIEL,-99.04111111,19.39029722,IZTAPALAPA,Primaria,97.5309
09DPR2650D,NICOLÁS GARCÍA DE SAN VICENTE,MATUTINO,2024-2025 | 2025-2026,32.8707,2.2082,64.3533,59.6215,38.1703,18.7385,398.0,59.9369,398,09DPR2649O,NICOLÁS GARCÍA DE SAN VICENTE,-98.99713056,19.36394722,IZTAPALAPA,Primaria,97.7918
09DPR2184Z,TRINIDAD Y TOBAGO,MATUTINO,2024-2025 | 2025-2026,32.8696,28.2609,38.2609,65.6522,32.1739,,,50.0,241,09DPR2184Z,TRINIDAD Y TOBAGO,-99.08663333,19.47290278,GUSTAVO A. MADERO,Primaria,71.73910000000001
09DPR1223D,REPÚBLICA DE BRASIL,MATUTINO,2025-2026,32.861,0.545,45.7766,69.7548,48.2289,18.9718,442.0,56.6757,442,09DJN1115F,REPÚBLICA DE BRASIL,-99.00451667,19.25905556,TLÁHUAC,Preescolar,99.455
09DPR1924W,MELCHOR MUZQUIZ,MATUTINO,2024-2025 | 2025-2026,32.8571,0.5714,64.5714,52.8571,46.2857,18.7921,334.0,60.0,334,09DPR1924W,MELCHOR MUZQUIZ,-99.19110556,19.34251667,ÁLVARO OBREGÓN,Primaria,99.4286
09DPR2538J,VICTOR MARIA FLORES,MATUTINO,2025-2026,32.8467,0.0,54.0146,68.6131,41.6058,19.3579,157.0,59.854,157,09DPR2538J,VICTOR MARIA FLORES,-99.15360833,19.42792222,CUAUHTÉMOC,Primaria,100.0
09DPR1052A,PONCIANO QUIROZ HERRERA,MATUTINO,2024-2025 | 2025-2026,32.8205,5.7692,43.5897,68.5897,46.1538,19.7468,385.0,58.3333,385,09DPR1052A,PONCIANO QUIROZ HERRERA,-99.0733,19.39359444,IZTACALCO,Primaria,94.2308
09DPR1198V,TEOFILO CEDILLO GRANADOS,MATUTINO,2024-2025 | 2025-2026,32.803,4.1667,55.303,61.3636,43.1818,19.2289,449.0,56.0606,449,09DBA0048E,TEOFILO CEDILLO GRANADOS,-99.09682222,19.35934722,IZTAPALAPA,Adultos - Primaria,95.8333
09DPR1907F,RUBEN DARIO,MATUTINO,2024-2025 | 2025-2026,32.8017,5.6034,37.069,80.1724,41.1638,18.7822,495.0,53.8793,495,09DPR1907F,RUBEN DARIO,-99.24196667,19.316625,LA MAGDALENA CONTRERAS,Primaria,94.3966
09DPR2262M,ESTADO DE LESOTHO,MATUTINO,2024-2025 | 2025-2026,32.7933,0.5587,34.3575,79.8883,49.162,19.0665,478.0,60.3352,478,09DPR2262M,ESTADO DE LESOTHO,-99.04795556,19.39475278,IZTAPALAPA,Primaria,99.4413
09DPR2271U,LOS DERECHOS DEL NIÑO,MATUTINO,2025-2026,32.7913,2.168,48.5095,71.5447,41.7344,19.0228,498.0,57.1816,498,09DPR2271U,LOS DERECHOS DEL NIÑO,-99.03585,19.34562222,IZTAPALAPA,Primaria,97.832
09DPR0961T,PROFR. GONZALO PEÑA TRONCOSO,MATUTINO,2025-2026,32.7798,0.0,43.6823,73.2852,46.9314,19.7263,303.0,62.4549,303,09DPR0961T,PROFR. GONZALO PEÑA TRONCOSO,-99.07615556,19.41346389,VENUSTIANO CARRANZA,Primaria,100.0
09DPR1096Y,EL CHAMIZAL,MATUTINO,2024-2025 | 2025-2026,32.7759,0.3344,52.8428,66.8896,43.8127,20.131,289.0,57.5251,289,09DPR1096Y,EL CHAMIZAL,-99.21656389,19.43289722,MIGUEL HIDALGO,Primaria,99.6656
09DPR1229Y,PLAN DE SAN LUIS,MATUTINO,2024-2025 | 2025-2026,32.77,0.4695,48.8263,68.5446,46.0094,19.1469,463.0,58.6854,463,09DPR2864E,PLAN DE SAN LUIS,-99.10947778,19.34435,IZTAPALAPA,Primaria,99.5305
09DPR2205V,MARRUECOS,MATUTINO,2024-2025 | 2025-2026,32.7619,4.7619,53.8095,58.5714,46.6667,,,56.1905,233,09DPR2205V,MARRUECOS,-99.08576667,19.43855278,VENUSTIANO CARRANZA,Primaria,95.2381
09DPR2209R,REPÚBLICA DE ISLANDIA,VESPERTINO,2025-2026,32.7536,43.4783,52.1739,50.7246,17.3913,18.0769,43.0,50.7246,43,09DPR2209R,REPÚBLICA DE ISLANDIA,-99.08748056,19.44231111,VENUSTIANO CARRANZA,Primaria,56.5217
09DPR2334P,ESTADO DE DURANGO,MATUTINO,2025-2026,32.7224,0.0,53.9084,62.8032,46.9003,19.9048,404.0,61.7251,404,09DPR2334P,ESTADO DE DURANGO,-99.13395,19.44626667,CUAUHTÉMOC,Primaria,100.0
09DPR2056D,PLAN DE GUADALUPE,VESPERTINO,2024-2025,32.7027,6.3063,51.3514,65.7658,40.0901,19.1601,340.0,56.7568,340,09DBA0165U,PLAN DE GUADALUPE,-99.0369,19.29743333,TLÁHUAC,Adultos - Primaria,93.6937
09DPR2329D,PROFR. DAVID VILCHIS,MATUTINO,2024-2025 | 2025-2026,32.7014,0.9479,49.763,76.3033,36.4929,18.5567,243.0,57.346,243,09DPR2329D,PROFR. DAVID VILCHIS,-99.13980278,19.46215556,CUAUHTÉMOC,Primaria,99.0521
09DPR2435N,FRANCISCO GONZÁLEZ BOCANEGRA,MATUTINO,2024-2025 | 2025-2026,32.7007,0.7299,63.5036,58.3942,40.8759,18.3886,137.0,59.854,137,09DES4316G,FRANCISCO GONZÁLEZ BOCANEGRA,-99.02251667,19.33143056,IZTAPALAPA,Secundaria,99.2701
09DPR0837U,"""ESC. PRIM. ANEXA A LA BENM """"MANUEL M. ACOSTA""""""",VESPERTINO,2025-2026,32.6667,0.0,58.3333,68.3333,36.6667,19.0017,153.0,51.6667,153,09DPR0837U,"ESC. PRIM. ANEXA A LA BENM ""MANUEL M. ACOSTA""",-99.16828056,19.44533889,MIGUEL HIDALGO,Primaria,100.0
09DPR2509O,ANDRES BELLO,MATUTINO,2024-2025 | 2025-2026,32.6601,0.2463,53.4483,69.7044,39.9015,,,59.1133,426,09DPR2509O,ANDRES BELLO,-99.154525,19.44710556,CUAUHTÉMOC,Primaria,99.7537
09DPR1773G,EL PIPILA,MATUTINO,2024-2025 | 2025-2026,32.6377,0.2899,48.1159,75.6522,39.1304,19.101,398.0,59.4203,398,09DPR1774F,EL PIPILA,-99.1921,19.412475,MIGUEL HIDALGO,Primaria,99.7101
09DPR1122F,FELIPE CARRILLO PUERTO,MATUTINO,2024-2025 | 2025-2026,32.6316,0.0,54.067,68.4211,40.6699,19.1228,254.0,59.8086,254,09DPR5075M,FELIPE CARRILLO PUERTO,-99.06245556,19.32100278,IZTAPALAPA,Primaria,100.0
09DPR1008N,24 DE FEBRERO,MATUTINO,2024-2025 | 2025-2026,32.625,18.125,55.625,58.125,31.25,19.6282,229.0,56.25,229,09DPR2087X,24 DE FEBRERO,-99.01290556,19.36859167,IZTAPALAPA,Primaria,81.875
09DPR2896X,CANADA,MATUTINO,2025-2026,32.6246,0.3322,59.1362,61.794,41.8605,19.303,314.0,58.1395,314,09DJN0732J,CANADA,-99.13153889,19.37596111,IZTAPALAPA,Preescolar,99.6678
09DPR4001O,PROFR. FELIPE LÓPEZ,VESPERTINO,2024-2025 | 2025-2026,32.6214,0.9709,76.699,56.3107,29.1262,18.2196,189.0,57.2816,189,09DPR4000P,PROFR. FELIPE LÓPEZ,-99.02380556,19.33391389,IZTAPALAPA,Primaria,99.0291
09DPR1771I,CLUB DE LEONES NUMERO 8 ESTADO DE OAXACA,MATUTINO,2024-2025 | 2025-2026,32.619,0.0,53.9683,69.0476,40.0794,19.9917,268.0,60.3175,268,09DPR1771I,CLUB DE LEONES NUMERO 8 ESTADO DE OAXACA,-99.18858056,19.40406389,MIGUEL HIDALGO,Primaria,100.0
09DPR0922R,REPÚBLICA POPULAR CHINA,MATUTINO,2025-2026,32.6,1.0,64.0,66.0,32.0,18.5608,139.0,65.0,139,09DES0118F,REPÚBLICA POPULAR CHINA,-99.07278333,19.31084167,IZTAPALAPA,Secundaria,99.0
09DPR0846B,JOSÉ ARTURO PICHARDO,VESPERTINO,2024-2025 | 2025-2026,32.5926,7.4074,77.7778,41.9753,35.8025,18.0967,198.0,56.1728,198,09DPR0847A,JOSÉ ARTURO PICHARDO,-99.18842222,19.46781389,AZCAPOTZALCO,Primaria,92.5926
09DPR2159Z,PROFR. VALENTÍN ZAMORA OROZCO,MATUTINO,2024-2025 | 2025-2026,32.5191,25.6997,49.3639,56.4885,31.0433,18.9527,376.0,48.6005,376,09DPR2159Z,PROFR. VALENTÍN ZAMORA OROZCO,-99.10213889,19.51055833,GUSTAVO A. MADERO,Primaria,74.3003
09DPR4521X,AARON CAMACHO LÓPEZ,VESPERTINO,2024-2025,32.5185,17.4074,57.7778,47.7778,39.6296,18.2859,355.0,52.963,355,09DPR4521X,AARON CAMACHO LÓPEZ,-99.02798333,19.25085833,XOCHIMILCO,Primaria,82.5926
09DPR5120I,MIGUEL HIDALGO Y COSTILLA,VESPERTINO,2024-2025,32.5128,0.5128,45.641,76.9231,39.4872,18.1835,339.0,60.0,339,09DJN0214Z,MIGUEL HIDALGO Y COSTILLA,-99.14521111,19.47839722,GUSTAVO A. MADERO,Preescolar,99.4872
09DPR1465A,MAESTRA DIONISIA ZAMORA PALLARES,MATUTINO,2024-2025 | 2025-2026,32.4923,0.0,32.6154,85.2308,44.6154,18.707,368.0,60.0,368,09DPR1465A,MAESTRA DIONISIA ZAMORA PALLARES,-99.21277222,19.44616667,MIGUEL HIDALGO,Primaria,100.0
09DPR2343X,SARA MANZANO,MATUTINO,2024-2025 | 2025-2026,32.4887,2.2624,43.4389,80.0905,36.6516,18.4005,240.0,55.6561,240,09DPR2343X,SARA MANZANO,-99.12899167,19.43858333,CUAUHTÉMOC,Primaria,97.7376
09DPR3090R,LAZARO CARDENAS,MATUTINO,2024-2025,32.4806,31.5891,42.0543,60.4651,28.2946,18.7139,524.0,51.7442,524,09DPR3090R,LAZARO CARDENAS,-99.15,19.54074722,GUSTAVO A. MADERO,Primaria,68.4109
09DPR5099W,FELIPE CARRILLO PUERTO,VESPERTINO,2024-2025 | 2025-2026,32.4615,0.7692,65.3846,49.2308,46.9231,20.0625,254.0,56.9231,254,09DPR5075M,FELIPE CARRILLO PUERTO,-99.06245556,19.32100278,IZTAPALAPA,Primaria,99.2308
09DPR1073N,MTRO. JOSÉ MARIANO PONTON,VESPERTINO,2024-2025 | 2025-2026,32.4528,3.7736,54.717,60.3774,43.3962,19.2216,59.0,60.3774,59,09DPR1073N,MTRO. JOSÉ MARIANO PONTON,-99.08633611,19.41612222,VENUSTIANO CARRANZA,Primaria,96.2264
09DPR2260O,JOSÉ MANCISIDOR ORTIZ,MATUTINO,2024-2025 | 2025-2026,32.429,0.9464,66.877,52.9968,41.3249,18.6922,338.0,54.8896,338,09DPR2260O,JOSÉ MANCISIDOR ORTIZ,-99.08062222,19.39634444,IZTACALCO,Primaria,99.0536
09DPR2161O,PROFR. ALFONSO ANZORENA GONZÁLEZ,MATUTINO,2024-2025 | 2025-2026,32.4188,24.5487,46.2094,56.6787,34.657,,,51.2635,263,09DPR2161O,PROFR. ALFONSO ANZORENA GONZÁLEZ,-99.09924722,19.50765833,GUSTAVO A. MADERO,Primaria,75.4513
09DPR3000I,AÑO INTERNACIONAL DEL NIÑO,MATUTINO,2024-2025 | 2025-2026,32.4103,0.5128,44.8718,75.3846,41.2821,19.6655,348.0,59.4872,348,09DPR3000I,AÑO INTERNACIONAL DEL NIÑO,-98.99802222,19.366975,IZTAPALAPA,Primaria,99.4872
09DPR2477M,GABINO BARREDA,MATUTINO,2025-2026,32.3684,0.0,65.1316,59.8684,36.8421,20.357,166.0,58.5526,166,09PJN5055N,GABINO BARREDA,-99.001835,19.366569,IZTAPALAPA,Preescolar,100.0
09DPR2176Q,REPÚBLICA DE BIRMANIA,VESPERTINO,2024-2025 | 2025-2026,32.3684,2.6316,48.6842,73.6842,36.8421,18.1135,113.0,56.5789,113,09DPR2176Q,REPÚBLICA DE BIRMANIA,-99.06849444,19.47458056,GUSTAVO A. MADERO,Primaria,97.3684
09DPR2950A,DR. CONRADO MENENDEZ MENA,VESPERTINO,2024-2025,32.3457,27.1605,49.3827,49.3827,35.8025,18.8475,107.0,53.0864,107,09DPR2976I,DR. CONRADO MENENDEZ MENA,-99.25503333,19.38253611,CUAJIMALPA DE MORELOS,Primaria,72.8395
09DPR2450F,ERASMO CASTELLANOS QUINTO,MATUTINO,2024-2025 | 2025-2026,32.3256,0.5814,49.4186,63.9535,47.6744,19.3215,398.0,56.3953,398,09PJN3988I,ERASMO CASTELLANOS QUINTO,-99.023579,19.341611,IZTAPALAPA,Preescolar,99.4186
09DPR5014Z,NUEVA ZELANDIA,VESPERTINO,2024-2025 | 2025-2026,32.3175,0.3175,54.9206,66.0317,40.3175,18.8265,661.0,58.7302,661,09DPR5013Z,NUEVA ZELANDIA,-98.97598056,19.33048889,IZTAPALAPA,Primaria,99.6825
09DPR2649O,NICOLÁS GARCÍA DE SAN VICENTE,VESPERTINO,2025-2026,32.3077,0.0,75.3846,50.7692,35.3846,18.3733,114.0,58.4615,114,09DPR2649O,NICOLÁS GARCÍA DE SAN VICENTE,-98.99713056,19.36394722,IZTAPALAPA,Primaria,100.0
09DPR0047I,PROFR. BRUNO MARTINEZ,VESPERTINO,2024-2025 | 2025-2026,32.3077,0.0,61.5385,53.8462,46.1538,19.8026,279.0,56.4103,279,09DPR0105I,PROFR. BRUNO MARTÍNEZ,-99.02033056,19.33008056,IZTAPALAPA,Primaria,100.0
09DPR2833L,REPÚBLICA POPULAR SOCIALISTA DE ALBANIA,MATUTINO,2024-2025 | 2025-2026,32.3028,0.0,48.5804,70.6625,42.2713,18.6051,407.0,56.7823,407,09DPR2939E,REPÚBLICA POPULAR SOCIALISTA DE ALBANIA,-99.02520556,19.35540556,IZTAPALAPA,Primaria,100.0
09DPR1984K,REPÚBLICA DE BULGARIA,MATUTINO,2024-2025 | 2025-2026,32.2989,0.0,72.9885,39.6552,48.8506,19.092,264.0,59.7701,264,09DPR1984K,REPÚBLICA DE BULGARIA,-99.17293333,19.34442778,COYOACÁN,Primaria,100.0
09DPR5045S,CENTAURO DEL NORTE,MATUTINO,2024-2025 | 2025-2026,32.2973,0.3378,59.7973,64.1892,37.1622,17.7514,514.0,56.7568,514,09DPR5055Z,CENTAURO DEL NORTE,-99.07241389,19.29275556,IZTAPALAPA,Primaria,99.6622
09DPR2820H,REPÚBLICA DE ARGELIA,VESPERTINO,2024-2025 | 2025-2026,32.2727,0.0,92.0455,25.0,44.3182,19.272,126.0,53.4091,126,09DPR2312D,REPÚBLICA DE ARGELIA,-99.11891667,19.38267222,IZTACALCO,Primaria,100.0
09DPR2436M,ESTADO DE MICHOACÁN,MATUTINO,2024-2025 | 2025-2026,32.2605,21.0728,56.705,38.6973,44.8276,20.2158,375.0,49.4253,375,09DJN0245S,ESTADO DE MICHOACAN,-99.13014444,19.46014167,CUAUHTÉMOC,Preescolar,78.9272
09DPR1392Z,LIC. LAURO G. CALOCA,MATUTINO,2024-2025 | 2025-2026,32.2581,17.9724,43.318,58.9862,41.0138,,,54.3779,221,09DPR1556S,LIC. LAURO G. CALOCA,-99.10557222,19.486975,GUSTAVO A. MADERO,Primaria,82.0276
09DPR4222Z,HERMANOS FLORES MAGON,VESPERTINO,2024-2025 | 2025-2026,32.2404,1.0929,44.2623,75.4098,40.4372,18.8451,265.0,56.2842,265,09DPR4222Z,HERMANOS FLORES MAGON,-98.999125,19.34258611,IZTAPALAPA,Primaria,98.9071
09DPR3259F,DR. ANTONIO CASTRO LEAL,VESPERTINO,2025-2026,32.2222,1.3889,45.8333,68.0556,45.8333,19.1193,101.0,61.1111,101,09DPR3258G,DR. ANTONIO CASTRO LEAL,-99.03611944,19.38148889,IZTAPALAPA,Primaria,98.6111
09DPR5062I,ACAHUALTEPEC,VESPERTINO,2025-2026,32.2013,0.0,72.956,47.1698,40.8805,18.3199,340.0,57.2327,340,09DPR5062I,ACAHUALTEPEC,-99.00918333,19.34266667,IZTAPALAPA,Primaria,100.0
09DPR4101N,PROFR. LAUREANO JIMENEZ Y CORIA,VESPERTINO,2024-2025 | 2025-2026,32.1875,29.6875,45.3125,57.8125,28.125,19.18,59.0,50.0,59,09DPR4101N,PROFR. LAUREANO JIMENEZ Y CORIA,-99.14146667,19.51338333,GUSTAVO A. MADERO,Primaria,70.3125
09DPR2248T,MARIANO HIDALGO,VESPERTINO,2024-2025 | 2025-2026,32.1569,0.0,60.7843,68.6275,31.3725,18.2494,260.0,65.1961,260,09DBA0223U,MARIANO HIDALGO,-99.00424444,19.35640278,IZTAPALAPA,Adultos - Primaria,100.0
09DPR0937T,MTRO. LUIS CHAVEZ OROZCO,MATUTINO,2025-2026,32.09,0.3215,36.6559,77.1704,46.3023,19.5198,350.0,61.4148,350,09DPR0937T,MTRO. LUIS CHAVEZ OROZCO,-99.09473611,19.39044722,IZTACALCO,Primaria,99.6785
09DPR2903Q,REPÚBLICA POPULAR DE POLONIA,VESPERTINO,2024-2025 | 2025-2026,32.0792,0.9901,40.5941,70.297,48.5149,19.4061,154.0,52.4752,154,09DPR2904P,REPÚBLICA POPULAR DE POLONIA,-99.03894167,19.34530278,IZTAPALAPA,Primaria,99.0099
09DPR1401Q,PROFR. CARLOS B. MUNGUIA,MATUTINO,2024-2025 | 2025-2026,32.065,11.6009,48.2599,60.7889,39.6752,19.57,350.0,57.0766,350,09DPR1401Q,PROFR. CARLOS B. MUNGUIA,-99.07864444,19.48583889,GUSTAVO A. MADERO,Primaria,88.3991
09DPR2335O,MARCELINO DAVALOS,MATUTINO,2024-2025 | 2025-2026,32.0261,0.0,42.4837,75.1634,42.4837,19.3583,167.0,60.1307,167,09DPR2335O,MARCELINO DAVALOS,-99.128675,19.43363611,CUAUHTÉMOC,Primaria,100.0
09DPR1104Q,PROFR. FAUSTO BRAVO GOMEZ,MATUTINO,2024-2025 | 2025-2026,32.012,0.3003,36.3363,83.1832,40.2402,,,57.3574,368,09DPR1104Q,PROFR. FAUSTO BRAVO GOMEZ,-99.21060833,19.44158889,MIGUEL HIDALGO,Primaria,99.6997
09DPR1365B,ALEJANDRO DE HUMBOLDT,MATUTINO,2024-2025 | 2025-2026,31.9697,14.3939,54.5455,60.101,30.8081,19.5629,367.0,57.0707,367,09DPR1365B,ALEJANDRO DE HUMBOLDT,-99.12674444,19.503825,GUSTAVO A. MADERO,Primaria,85.6061
09DPR3086E,PROFR. MARCELINO HERNANDEZ ESPINOSA,MATUTINO,2024-2025 | 2025-2026,31.9697,6.8182,46.9697,66.6667,39.3939,18.9476,123.0,56.8182,123,09DPR3086E,PROFR. MARCELINO HERNANDEZ ESPINOSA,-99.11872222,19.414275,VENUSTIANO CARRANZA,Primaria,93.1818
09DPR4155R,GENARO GARCÍA,VESPERTINO,2024-2025 | 2025-2026,31.9565,2.1739,65.2174,56.5217,35.8696,,,59.7826,213,09DPR0051V,GENARO GARCÍA,-99.073425,19.31105278,IZTAPALAPA,Primaria,97.8261
09DPR2336N,LIC. MIGUEL SERRANO,MATUTINO,2024-2025 | 2025-2026,31.9231,0.0,47.1154,69.2308,43.2692,18.6435,137.0,62.5,137,09DPR2338L,LIC. MIGUEL SERRANO,-99.1342,19.43676944,CUAUHTÉMOC,Primaria,100.0
09DPR2193G,EMPERADOR CUAUHTÉMOC,MATUTINO,2024-2025,31.9048,37.963,35.8466,56.6138,29.1005,18.9819,788.0,45.6349,788,09DPR2193G,EMPERADOR CUAUHTÉMOC,-99.05802222,19.44798611,GUSTAVO A. MADERO,Primaria,62.037
09DPR4248G,ANTONIO CISNEROS Y CISNEROS,VESPERTINO,2024-2025 | 2025-2026,31.8898,33.8583,49.2126,53.937,22.4409,17.8803,555.0,47.2441,555,09DPR5006Q,ANTONIO CISNEROS Y CISNEROS,-99.12429444,19.54795278,GUSTAVO A. MADERO,Primaria,66.1417
09DPR2597Z,PLAN DE IGUALA,MATUTINO,2025-2026,31.8571,3.5714,60.7143,45.7143,49.2857,19.7223,319.0,57.1429,319,09DPR2597Z,PLAN DE IGUALA,-99.06310833,19.36241944,IZTAPALAPA,Primaria,96.4286
09DPR4002N,LUIS PENICHE VALLADO,MATUTINO,2024-2025,31.8565,11.6034,70.6751,30.8017,46.2025,19.5007,646.0,53.3755,646,09DPR4002N,LUIS PENICHE VALLADO,-99.03741111,19.31199444,TLÁHUAC,Primaria,88.3966
09DPR1733F,CENTRO ESCOLAR MÉXICO,MATUTINO,2024-2025 | 2025-2026,31.8269,0.0,57.6923,56.7308,44.7115,19.6122,269.0,61.0577,269,09PPR1710Z,CENTRO ESCOLAR MÉXICO,-98.99792,19.348589,IZTAPALAPA,Primaria,100.0
09DPR1531J,PRESIDENTE JUÁREZ,MATUTINO,2024-2025 | 2025-2026,31.8063,23.6499,43.7616,59.0317,32.5885,,,50.4655,476,09DPR1531J,PRESIDENTE JUÁREZ,-99.16032778,19.51630833,GUSTAVO A. MADERO,Primaria,76.3501
09DPR2470T,PROFR. RAFAEL LÓPEZ,MATUTINO,2024-2025 | 2025-2026,31.7949,0.4274,64.5299,55.5556,38.4615,,,55.1282,305,09DPR2470T,PROFR. RAFAEL LÓPEZ,-98.99379444,19.36643056,IZTAPALAPA,Primaria,99.5726
09DPR1128Z,GERTRUDIS ARMENDARIZ DE HIDALGO,MATUTINO,2024-2025 | 2025-2026,31.7899,22.179,39.2996,62.8405,34.6304,18.9058,474.0,51.3619,474,09DPR1128Z,GERTRUDIS ARMENDARIZ DE HIDALGO,-99.14160833,19.54114722,GUSTAVO A. MADERO,Primaria,77.821
09DPR2673O,PROFR. RAMON ANDRADE CARMONA,MATUTINO,2024-2025 | 2025-2026,31.7816,17.3851,55.0287,53.1609,33.3333,,,54.023,641,09DPR3270B,PROFR. RAMON ANDRADE CARMONA,-99.13305833,19.56748611,GUSTAVO A. MADERO,Primaria,82.6149
09DPR1490Z,PROFR. EFREN VALENZUELA,MATUTINO,2024-2025 | 2025-2026,31.773,33.3333,33.3333,63.1206,29.078,,,47.5177,141,09DPR1490Z,PROFR. EFREN VALENZUELA,-99.09144444,19.45439444,GUSTAVO A. MADERO,Primaria,66.66669999999999
09DPR2891B,MARÍA ENRIQUETA CAMARILLO,MATUTINO,2024-2025 | 2025-2026,31.7647,0.0,47.0588,67.3203,44.4444,18.3276,262.0,57.5163,262,09DPR2891B,MARÍA ENRIQUETA CAMARILLO,-99.00199444,19.36436111,IZTAPALAPA,Primaria,100.0
09DPR0924P,REPÚBLICA DE VENEZUELA,MATUTINO,2024-2025 | 2025-2026,31.7603,0.7491,54.3071,67.0412,36.7041,19.7316,313.0,58.0524,313,09DES0086D,REPÚBLICA DE VENEZUELA,-99.09195,19.35573611,IZTAPALAPA,Secundaria,99.2509
09DPR2778I,MTRA. ROSARIO CASTELLANOS FIGUEROA,MATUTINO,2024-2025 | 2025-2026,31.7447,30.6383,31.0638,65.1064,31.9149,18.6294,271.0,46.383,271,09DPR2778I,MTRA. ROSARIO CASTELLANOS FIGUEROA,-99.19055278,19.48863056,AZCAPOTZALCO,Primaria,69.3617
09DPR1048O,PEDRO ROMERO DE TERREROS,MATUTINO,2024-2025 | 2025-2026,31.7381,4.0632,52.3702,64.5598,37.6975,18.5981,466.0,57.1106,466,09DPR1048O,PEDRO ROMERO DE TERREROS,-99.06292778,19.41101389,IZTACALCO,Primaria,95.9368
09DPR1458R,TEZOZOMOC,MATUTINO,2024-2025 | 2025-2026,31.7377,44.918,43.4426,47.7049,22.623,19.1748,400.0,45.2459,400,09DBN0117O,TEZOZOMOC,-99.09321389,19.49100556,GUSTAVO A. MADERO,Primaria,55.082
09DPR2235P,LEGION AMERICANA,MATUTINO,2024-2025 | 2025-2026,31.7114,0.5034,69.9664,45.9732,42.1141,19.0745,638.0,55.3691,638,09DPR2235P,LEGION AMERICANA,-99.18150278,19.23320833,TLALPAN,Primaria,99.4966
09DPR2068I,ITZCOATL,MATUTINO,2024-2025,31.6804,3.0303,60.6061,45.1791,49.5868,19.3994,433.0,52.6171,433,09DPR5012A,ITZCOATL,-99.09598056,19.24245,XOCHIMILCO,Primaria,96.9697
09DPR2229E,MAESTROS DE MÉXICO,MATUTINO,2024-2025 | 2025-2026,31.6667,8.6207,64.6552,41.092,43.9655,20.2208,318.0,49.4253,318,09DPR2230U,MAESTROS DE MÉXICO,-99.28223333,19.34231667,CUAJIMALPA DE MORELOS,Primaria,91.3793
09DPR1556S,LIC. LAURO G. CALOCA,VESPERTINO,2024-2025 | 2025-2026,31.6667,13.3333,55.8333,60.8333,28.3333,,,56.6667,92,09DPR1556S,LIC. LAURO G. CALOCA,-99.10557222,19.486975,GUSTAVO A. MADERO,Primaria,86.6667
09DPR1120H,GRAL. PLUTARCO ELIAS CALLES,MATUTINO,2024-2025 | 2025-2026,31.6564,0.0,53.3742,67.4847,37.4233,18.8921,172.0,58.8957,172,09DPR1120H,GRAL. PLUTARCO ELIAS CALLES,-99.21808056,19.44479444,MIGUEL HIDALGO,Primaria,100.0
09DPR2195E,FORJADORES DE LA CULTURA,MATUTINO,2024-2025 | 2025-2026,31.6539,10.1781,46.5649,64.8855,36.6412,19.4086,411.0,53.944,411,09DPR2195E,FORJADORES DE LA CULTURA,-99.087525,19.45756944,GUSTAVO A. MADERO,Primaria,89.8219
09DPR2411D,DOLORES CORREA ZAPATA,MATUTINO,2025-2026,31.6239,0.0,68.3761,54.7009,35.0427,17.9733,134.0,56.4103,134,09DPR2411D,DOLORES CORREA ZAPATA,-99.13629167,19.44509722,CUAUHTÉMOC,Primaria,100.0
09DPR2083A,TONALAMATL,MATUTINO,2024-2025 | 2025-2026,31.6129,1.2097,45.5645,70.1613,41.129,19.7592,283.0,60.8871,283,09DPR2083A,TONALAMATL,-99.1097,19.39341389,IZTACALCO,Primaria,98.7903
09DPR1033M,REPÚBLICA ARABE UNIDA,VESPERTINO,2024-2025 | 2025-2026,31.6049,0.0,67.9012,53.0864,37.037,18.6081,93.0,54.321,93,09DPR1033M,REPÚBLICA ARABE UNIDA,-99.06414167,19.427875,VENUSTIANO CARRANZA,Primaria,100.0
09DPR5097Y,PROFR. JUAN RAMÍREZ MARQUEZ,VESPERTINO,2024-2025 | 2025-2026,31.5942,1.4493,57.4879,63.7681,35.2657,18.6203,290.0,57.971,290,09DPR5097Y,PROFR. JUAN RAMÍREZ MARQUEZ,-99.02914444,19.34785,IZTAPALAPA,Primaria,98.5507
09DPR1208L,PROFR. ANTONIO BARBOSA HELDT,MATUTINO,2024-2025 | 2025-2026,31.5789,0.8772,65.7895,40.3509,50.8772,19.5922,160.0,56.1404,160,09DPR1208L,PROFR. ANTONIO BARBOSA HELDT,-99.13020556,19.36930556,IZTAPALAPA,Primaria,99.1228
09DPR2937G,HERMANOS SERDAN,VESPERTINO,2024-2025 | 2025-2026,31.5702,2.4793,64.4628,56.1983,34.7107,18.1276,247.0,53.719,247,09DPR2680Y,HERMANOS SERDAN,-99.01268889,19.34476389,IZTAPALAPA,Primaria,97.5207
09DPR0117N,LIC. ADOLFO LÓPEZ MATEOS,MATUTINO,2024-2025 | 2025-2026,31.547,32.3204,45.3039,53.5912,26.5193,,,48.3425,305,09PES0434Z,LIC. ADOLFO LÓPEZ MATEOS,-99.125843,19.376084,IZTAPALAPA,Secundaria,67.6796
09DPR3039U,FRANCISCO DEL PASO Y TRONCOSO,VESPERTINO,2024-2025 | 2025-2026,31.5464,3.0928,62.8866,51.5464,40.2062,18.7226,175.0,49.4845,175,09DPR2764F,FRANCISCO DEL PASO Y TRONCOSO,-99.07276667,19.30278333,IZTAPALAPA,Primaria,96.9072
09DPR2086Y,GUILLERMO BONILLA S.,VESPERTINO,2024-2025 | 2025-2026,31.5436,0.0,67.7852,49.6644,40.2685,18.9489,188.0,53.6913,188,09DPR1091C,GUILLERMO BONILLA S.,-99.06549444,19.38488333,IZTACALCO,Primaria,100.0
09DPR2835J,LIC. ALVARO GALVEZ Y FUENTES,VESPERTINO,2025-2026,31.5385,0.0,61.5385,55.7692,40.3846,18.6404,94.0,55.7692,94,09DJN0217W,LIC. ALVARO GALVEZ Y FUENTES,-99.15388056,19.47079444,AZCAPOTZALCO,Preescolar,100.0
09DPR2385W,JULIO ZARATE,VESPERTINO,2024-2025 | 2025-2026,31.5294,5.8824,61.1765,54.1176,36.4706,18.9306,100.0,58.8235,100,09DPR2386V,JULIO ZARATE,-99.11955278,19.44046944,VENUSTIANO CARRANZA,Primaria,94.1176
09DPR1010B,VOCEADORES DE MÉXICO,MATUTINO,2024-2025 | 2025-2026,31.5274,0.0,49.2795,68.5879,39.7695,19.2354,362.0,55.6196,362,09DPR1010B,VOCEADORES DE MÉXICO,-99.03273056,19.38782778,IZTAPALAPA,Primaria,100.0
09DPR4183N,JULIO CORTAZAR,VESPERTINO,2025-2026,31.5254,0.0,59.322,52.5424,45.7627,20.8128,42.0,62.7119,42,09DBS0048D,JULIO CORTAZAR,-99.03822222,19.38457778,IZTAPALAPA,Adultos - Secundaria,100.0
09DPR2454B,FRANCISCO GINER DE LOS RIOS,MATUTINO,2024-2025 | 2025-2026,31.5228,0.2538,46.4467,65.2284,45.6853,19.9973,427.0,56.3452,427,09DBN0099P,FRANCISCO GINER DE LOS RIOS,-99.13886389,19.41193611,CUAUHTÉMOC,Primaria,99.7462
09DPR4250V,NIÑOS HEROES,VESPERTINO,2024-2025,31.5152,12.1212,56.9697,55.1515,33.3333,18.2862,166.0,50.9091,166,09PJN3382U,NIÑOS HEROES,-99.008727,19.338357,IZTAPALAPA,Preescolar,87.8788
09DPR5127B,MEDICO BERNARDO SEPULVEDA GUTIERREZ,MATUTINO,2024-2025 | 2025-2026,31.4859,16.8675,44.1767,54.6185,41.7671,18.7237,238.0,49.3976,238,09DPR5127B,MEDICO BERNARDO SEPULVEDA GUTIERREZ,-99.26652222,19.30593889,LA MAGDALENA CONTRERAS,Primaria,83.1325
09DPR1032N,REPÚBLICA DE PERU,MATUTINO,2024-2025 | 2025-2026,31.4851,3.4653,46.5347,69.3069,38.1188,19.397,229.0,56.4356,229,09DJN0736F,REPÚBLICA DE PERU,-99.10100556,19.45396111,GUSTAVO A. MADERO,Preescolar,96.5347
09DPR0990O,CLUB DE LEONES NUMERO 2,MATUTINO,2025-2026,31.4754,2.1858,40.4372,69.3989,45.3552,19.1131,200.0,55.7377,200,09DPR0990O,CLUB DE LEONES NUMERO 2,-99.09156667,19.44745556,VENUSTIANO CARRANZA,Primaria,97.8142
09DPR2441Y,FRAY LUIS DE LEON,MATUTINO,2024-2025 | 2025-2026,31.4754,0.0,62.2951,61.8852,33.1967,19.3153,259.0,63.5246,259,09DPR2441Y,FRAY LUIS DE LEON,-99.14636667,19.44226667,CUAUHTÉMOC,Primaria,100.0
09DPR2167I,KOWEIT,MATUTINO,2024-2025 | 2025-2026,31.4667,29.8667,41.6,56.0,29.8667,,,46.4,330,09DPR2167I,KOWEIT,-99.07586111,19.49757222,GUSTAVO A. MADERO,Primaria,70.13329999999999
09DPR1459Q,FRANCISCO ZARCO,MATUTINO,2024-2025 | 2025-2026,31.4545,12.0455,48.1818,60.2273,36.8182,,,55.2273,415,09DPR1459Q,FRANCISCO ZARCO,-99.16025556,19.52395556,GUSTAVO A. MADERO,Primaria,87.9545
09DPR1093A,ALBERTO M. ALVARADO,MATUTINO,2025-2026,31.4444,0.0,50.5556,66.6667,40.0,18.5562,189.0,60.0,189,09DPR1093A,ALBERTO M. ALVARADO,-99.22964722,19.39553611,MIGUEL HIDALGO,Primaria,100.0
09DPR2318Y,NIÑO JESUS GUARNEROS,MATUTINO,2024-2025 | 2025-2026,31.4409,11.3978,36.9892,66.8817,41.9355,19.1693,505.0,51.6129,505,09DPR2318Y,NIÑO JESUS GUARNEROS,-99.11390833,19.44551944,VENUSTIANO CARRANZA,Primaria,88.6022
09DPR0112S,PROFR. RAMIRO SÁNCHEZ LÓPEZ,MATUTINO,2024-2025 | 2025-2026,31.4378,0.3231,56.5428,55.5735,44.7496,19.1675,664.0,55.412,664,09DPR0112S,PROFR. RAMIRO SÁNCHEZ LÓPEZ,-99.02755833,19.33089722,IZTAPALAPA,Primaria,99.6769
09DPR0998G,CALMECAC,MATUTINO,2024-2025 | 2025-2026,31.435,1.7937,41.2556,75.3363,38.7892,18.7402,452.0,58.0717,452,09PJN4582Z,CALMECAC,-99.088725,19.35324,IZTAPALAPA,Preescolar,98.2063
09DPR1448K,FUERTE DE LORETO,VESPERTINO,2024-2025 | 2025-2026,31.4286,22.449,47.3469,61.6327,25.7143,18.4719,241.0,53.0612,241,09DPR1450Z,FUERTE DE LORETO,-99.12859722,19.51777778,GUSTAVO A. MADERO,Primaria,77.551
09DPR1425Z,LIC. JUAN ANTONIO DE LA FUENTE,VESPERTINO,2024-2025 | 2025-2026,31.4286,33.6406,47.9263,51.1521,24.424,,,45.6221,216,09DPR1425Z,LIC. JUAN ANTONIO DE LA FUENTE,-99.13038889,19.47660278,GUSTAVO A. MADERO,Primaria,66.3594
09DPR1327Z,ESTADO DE COLIMA,MATUTINO,2025-2026,31.4198,2.1605,54.9383,52.7778,47.2222,18.8678,486.0,50.9259,486,09DPR1327Z,ESTADO DE COLIMA,-99.07557778,19.37081667,IZTAPALAPA,Primaria,97.8395
09DPR0917F,SIMON BOLIVAR,MATUTINO,2024-2025 | 2025-2026,31.4,0.5,49.5,63.5,43.5,19.5598,227.0,55.0,227,09DPR1027B,SIMON BOLIVAR,-99.09755833,19.44791111,VENUSTIANO CARRANZA,Primaria,99.5
09DPR2244X,REPÚBLICA DE NIGERIA,MATUTINO,2024-2025 | 2025-2026,31.3973,0.5479,39.1781,77.8082,39.4521,18.8404,400.0,56.9863,400,09DPR2244X,REPÚBLICA DE NIGERIA,-99.10571667,19.42325556,VENUSTIANO CARRANZA,Primaria,99.4521
09DPR1076K,JOSÉ MARÍA MERCADO,MATUTINO,2024-2025 | 2025-2026,31.3929,0.0,49.4802,67.3597,40.1247,19.247,627.0,55.0936,627,09DPR1075L,JOSÉ MARÍA MERCADO,-99.04866944,19.39513611,IZTAPALAPA,Primaria,100.0
09DPR2354C,REPÚBLICA DE ARGENTINA,MATUTINO,2024-2025 | 2025-2026,31.3907,2.649,60.9272,63.5762,29.8013,,,62.9139,157,09DPR2354C,REPÚBLICA DE ARGENTINA,-99.13143333,19.43970833,CUAUHTÉMOC,Primaria,97.351
09DPR1626X,TIERRA Y LIBERTAD,MATUTINO,2024-2025 | 2025-2026,31.3826,23.4727,37.299,63.3441,32.7974,,,50.8039,295,09DPR5083V,TIERRA Y LIBERTAD,-98.99007778,19.35247778,IZTAPALAPA,Primaria,76.5273
09DPR1402P,LA PRADERA,VESPERTINO,2024-2025 | 2025-2026,31.3725,40.1961,43.1373,50.0,23.5294,18.3,97.0,46.0784,97,09DJN0296Z,LA PRADERA,-99.06830833,19.474375,GUSTAVO A. MADERO,Preescolar,59.8039
09DPR2373R,ARQ. MANUEL TOLSA,MATUTINO,2024-2025 | 2025-2026,31.3592,0.0,46.6019,69.4175,40.7767,19.4394,285.0,61.165,285,09DPR2373R,ARQ. MANUEL TOLSA,-99.11286667,19.4454,VENUSTIANO CARRANZA,Primaria,100.0
09DPR3219E,BELICE,MATUTINO,2024-2025 | 2025-2026,31.332,11.9284,47.1173,62.4254,35.1889,,,53.8767,443,09DPR3219E,BELICE,-99.08775556,19.50311944,GUSTAVO A. MADERO,Primaria,88.0716
09DPR1721A,ESTADO DE HIDALGO,MATUTINO,2024-2025 | 2025-2026,31.2946,0.1116,48.6607,66.7411,40.9598,18.9585,908.0,56.808,908,09DBN0050X,ESTADO DE HIDALGO,-99.17797778,19.44349722,MIGUEL HIDALGO,Primaria,99.8884
09DPR1720B,ESTADO DE GUERRERO,MATUTINO,2024-2025 | 2025-2026,31.2676,2.1127,54.2254,66.9014,33.0986,18.3553,152.0,59.8592,152,09DPR1720B,ESTADO DE GUERRERO,-99.19202222,19.45445556,MIGUEL HIDALGO,Primaria,97.8873
09DPR2372S,GRAL. MIGUEL ALEMAN,VESPERTINO,2024-2025 | 2025-2026,31.25,46.875,43.75,39.5833,26.0417,19.5843,119.0,42.7083,119,09DPR2372S,GRAL. MIGUEL ALEMAN,-99.12265833,19.44278056,VENUSTIANO CARRANZA,Primaria,53.125
09DPR1043T,PUEBLA DE ZARAGOZA,MATUTINO,2025-2026,31.2409,0.0,47.4453,73.3577,35.4015,19.1349,315.0,60.219,315,09DPR1043T,PUEBLA DE ZARAGOZA,-99.08024722,19.40608611,IZTACALCO,Primaria,100.0
09DPR2012G,LEYES DE REFORMA DEL 57,MATUTINO,2024-2025 | 2025-2026,31.239,0.2503,63.0788,54.3179,38.5482,18.5159,941.0,55.6946,941,09DPR2012G,LEYES DE REFORMA DEL 57,-99.200775,19.22625556,TLALPAN,Primaria,99.7497
09DPR1553V,PROFR. MELITON GUZMÁN ROMERO,MATUTINO,2024-2025 | 2025-2026,31.2074,21.9814,44.2724,56.6563,33.1269,,,51.0836,308,09DPR1553V,PROFR. MELITON GUZMÁN ROMERO,-99.11616111,19.47216111,GUSTAVO A. MADERO,Primaria,78.01859999999999
09DPR2265J,REPÚBLICA DE GUINEA,MATUTINO,2024-2025 | 2025-2026,31.1888,0.6993,48.951,61.5385,44.7552,,,54.5455,293,09DPR2266I,REPÚBLICA DE GUINEA,-99.0716,19.34188056,IZTAPALAPA,Primaria,99.3007
09DPR2987O,PRINCIPADO DE MONACO,VESPERTINO,2024-2025,31.1724,2.7586,55.1724,51.0345,46.8966,19.8881,243.0,52.4138,243,09DPR2987O,PRINCIPADO DE MONACO,-99.01326389,19.29400278,TLÁHUAC,Primaria,97.2414
09DPR2028H,CARLOS GARCÍA,MATUTINO,2024-2025 | 2025-2026,31.1712,3.3033,64.5646,52.5526,35.4354,18.036,409.0,50.7508,409,09DPR2720I,CARLOS GARCÍA,-99.09308333,19.24390556,XOCHIMILCO,Primaria,96.69669999999999
09DPR5042V,MACUILXOCHITZIN,MATUTINO,2024-2025 | 2025-2026,31.1602,0.0,52.2099,59.6685,43.9227,18.8478,494.0,54.6961,494,09DPR5042V,MACUILXOCHITZIN,-99.02705278,19.3281,IZTAPALAPA,Primaria,100.0
09DIX0036D,ESCUELA DE PARTICIPACIÓN SOCIAL NUMERO 6,MATUTINO,2025-2026,31.1364,0.0,53.9773,71.5909,30.1136,18.2151,245.0,57.9545,245,09DIX0036D,ESCUELA DE PARTICIPACIÓN SOCIAL NUMERO 6,-99.13441944,19.40378611,CUAUHTÉMOC,Primaria,100.0
09DPR2617W,ROBERTO KOCH,VESPERTINO,2025-2026,31.1111,0.0,50.6173,67.9012,37.037,19.5576,98.0,59.2593,98,09DJN0525B,ROBERTO KOCH,-99.14963056,19.47589167,AZCAPOTZALCO,Preescolar,100.0
09DPR2175R,REPÚBLICA DE BIRMANIA,MATUTINO,2024-2025 | 2025-2026,31.1111,36.7816,29.5019,55.5556,33.7165,19.2733,301.0,45.977,301,09DPR2176Q,REPÚBLICA DE BIRMANIA,-99.06849444,19.47458056,GUSTAVO A. MADERO,Primaria,63.2184
09DPR1085S,HERMENEGILDO GALEANA,MATUTINO,2025-2026,31.1111,23.0159,53.9683,50.7937,27.7778,18.4021,131.0,44.4444,131,09DJN0868X,HERMENEGILDO GALEANA,-99.0242,19.37329722,IZTAPALAPA,Preescolar,76.9841
09DPR2073U,IGNACIO RAMÍREZ,MATUTINO,2024-2025 | 2025-2026,31.0803,18.0055,60.1108,36.8421,40.4432,19.3158,450.0,48.7535,450,09DJN0782R,IGNACIO RAMÍREZ,-99.04370833,19.39286944,IZTAPALAPA,Preescolar,81.9945
09DPR2381Z,PROFRA. GUADALUPE MAYOL DE GONZÁLEZ,MATUTINO,2025-2026,31.0753,5.3763,43.5484,65.0538,41.3978,19.1024,193.0,51.6129,193,09DPR2381Z,PROFRA. GUADALUPE MAYOL DE GONZÁLEZ,-99.13279722,19.46161389,CUAUHTÉMOC,Primaria,94.6237
09DPR1633G,NORMAN E. BORLAUG,MATUTINO,2024-2025 | 2025-2026,31.0588,38.8235,30.5882,52.3529,33.5294,,,44.7059,427,09DPR1633G,NORMAN E. BORLAUG,-99.21329167,19.48395,AZCAPOTZALCO,Primaria,61.1765
09DPR0105I,PROFR. BRUNO MARTÍNEZ,MATUTINO,2025-2026,31.0526,0.5848,48.538,57.8947,48.2456,19.4302,493.0,52.6316,493,09DPR0105I,PROFR. BRUNO MARTÍNEZ,-99.02033056,19.33008056,IZTAPALAPA,Primaria,99.4152
09DPR0964Q,LIC. FERNANDO CASAS ALEMAN,MATUTINO,2025-2026,31.0448,0.0,41.791,67.1642,46.2687,19.4835,185.0,50.7463,185,09DPR0965P,LIC. FERNANDO CASAS ALEMAN,-99.09217778,19.44783611,VENUSTIANO CARRANZA,Primaria,100.0
09DPR2438K,ESTADO DE MICHOACÁN,VESPERTINO,2024-2025 | 2025-2026,31.039,30.5195,56.4935,39.6104,28.5714,18.7406,161.0,45.4545,161,09DJN0245S,ESTADO DE MICHOACAN,-99.13014444,19.46014167,CUAUHTÉMOC,Preescolar,69.4805
09DPR2331S,REPÚBLICA DOMINICANA,MATUTINO,2024-2025 | 2025-2026,31.0326,0.0,60.8696,54.3478,39.9457,18.8702,383.0,57.6087,383,09DPR2331S,REPÚBLICA DOMINICANA,-99.13023056,19.45037222,CUAUHTÉMOC,Primaria,100.0
09DPR1513U,CONSTITUCIÓN DE APATZINGÁN,MATUTINO,2024-2025 | 2025-2026,31.0303,13.0303,40.303,69.0909,32.7273,18.5522,308.0,54.8485,308,09DPR1513U,CONSTITUCIÓN DE APATZINGÁN,-99.08555278,19.48094444,GUSTAVO A. MADERO,Primaria,86.9697
09DPR1325A,LIC. EDUARDO NOVOA,MATUTINO,2024-2025 | 2025-2026,31.0227,0.5682,63.0682,47.7273,43.75,,,52.8409,277,09DPR1323C,LIC. EDUARDO NOVOA,-99.146625,19.36449444,BENITO JUÁREZ,Primaria,99.4318
09DPR2782V,TLACAELEL,VESPERTINO,2024-2025,31.0112,11.236,50.5618,46.0674,47.191,20.2519,161.0,49.4382,161,09DPR2782V,TLACAELEL,-99.05723333,19.29519722,TLÁHUAC,Primaria,88.764
09DPR1495V,DR. ATL,MATUTINO,2024-2025 | 2025-2026,31.0092,15.9633,35.0459,66.055,37.9817,18.6935,475.0,49.3578,475,09DJN1325K,DR. ATL,-99.05149722,19.36781389,IZTAPALAPA,Preescolar,84.0367
09DPR5148O,DR. EDUARDO LICEAGA,VESPERTINO,2024-2025 | 2025-2026,31.0067,14.7651,57.047,52.349,30.8725,,,52.349,169,09DPR5125D,DR. EDUARDO LICEAGA,-99.27000556,19.3029,LA MAGDALENA CONTRERAS,Primaria,85.2349
09DPR1518P,CLUB DE LEONES NUMERO 6,VESPERTINO,2024-2025 | 2025-2026,31.0,11.25,53.75,55.0,35.0,,,50.0,76,09DPR1522B,CLUB DE LEONES NUMERO 6,-99.08781944,19.47690833,GUSTAVO A. MADERO,Primaria,88.75
09DPR1368Z,MANUEL AVILA CAMACHO,MATUTINO,2024-2025 | 2025-2026,31.0,21.8182,47.7273,51.3636,34.0909,,,48.1818,231,09DPR1368Z,MANUEL AVILA CAMACHO,-99.10111389,19.46501667,GUSTAVO A. MADERO,Primaria,78.1818
09DPR1643N,REPÚBLICA DE GHANA,MATUTINO,2024-2025 | 2025-2026,30.9756,21.1382,45.5285,54.4715,33.7398,18.5274,231.0,50.813,231,09DPR1643N,REPÚBLICA DE GHANA,-99.19677222,19.47573056,AZCAPOTZALCO,Primaria,78.8618
09DPR3126P,EL SEGURO DEL MAESTRO,MATUTINO,2024-2025 | 2025-2026,30.9756,9.3496,44.7154,60.1626,40.6504,18.7072,318.0,52.0325,318,09DPR3126P,EL SEGURO DEL MAESTRO,-98.9953,19.36238611,IZTAPALAPA,Primaria,90.6504
09DPR1588K,REPÚBLICA DE CHILE,MATUTINO,2024-2025,30.9744,19.4872,43.0769,64.1026,28.2051,17.4652,219.0,48.7179,219,09DPR1588K,REPÚBLICA DE CHILE,-99.14520833,19.47926111,GUSTAVO A. MADERO,Primaria,80.5128
09DPR2735K,RAMÓN LÓPEZ VELARDE,MATUTINO,2024-2025 | 2025-2026,30.9709,16.2621,36.165,66.0194,36.4078,,,51.699,389,09DPR2735K,RAMÓN LÓPEZ VELARDE,-99.08513611,19.49048889,GUSTAVO A. MADERO,Primaria,83.7379
09DPR1897P,ENRIQUE RODRÍGUEZ CANO,VESPERTINO,2024-2025 | 2025-2026,30.9639,3.6145,47.5904,65.6627,37.9518,,,46.988,220,09DPR1896Q,ENRIQUE RODRÍGUEZ CANO,-99.24500556,19.29744167,LA MAGDALENA CONTRERAS,Primaria,96.3855
09DPR4010W,KYOTO,MATUTINO,2024-2025 | 2025-2026,30.963,28.8889,27.4074,66.6667,31.8519,,,46.6667,143,09DPR4010W,KYOTO,-99.19688056,19.490525,AZCAPOTZALCO,Primaria,71.1111
09DPR3263S,PROFR. GAUDENCIO PERAZA,VESPERTINO,2024-2025 | 2025-2026,30.963,2.2222,45.9259,73.3333,33.3333,18.9992,208.0,58.5185,208,09DPR3263S,PROFR. GAUDENCIO PERAZA,-98.98970278,19.34816944,IZTAPALAPA,Primaria,97.7778
09DPR1164E,IGNACIO ZARAGOZA,MATUTINO,2024-2025 | 2025-2026,30.9512,20.8226,43.7018,51.928,38.3033,18.842,424.0,46.2725,424,09DJN0338H,IGNACIO ZARAGOZA,-99.05023889,19.38713056,IZTAPALAPA,Preescolar,79.1774
09DPR1433I,DR. JOSÉ MARIA LUIS MORA,MATUTINO,2024-2025 | 2025-2026,30.9449,15.748,42.126,64.5669,32.2835,,,50.3937,279,09DPR1433I,DR. JOSÉ MARIA LUIS MORA,-99.13875278,19.52653889,GUSTAVO A. MADERO,Primaria,84.252
09DPR1713S,FRANCISCO SANTOYO MALDONADO,MATUTINO,2025-2026,30.929,0.0,33.8798,76.5027,44.2623,19.7664,212.0,59.5628,212,09DPR1713S,FRANCISCO SANTOYO MALDONADO,-99.18203611,19.45224444,MIGUEL HIDALGO,Primaria,100.0
09DPR3045E,MI PATRIA ES PRIMERO,MATUTINO,2024-2025 | 2025-2026,30.9278,2.0619,56.1856,50.0,46.3918,19.6571,242.0,58.2474,242,09DPR3045E,MI PATRIA ES PRIMERO,-99.06026111,19.36169167,IZTAPALAPA,Primaria,97.9381
09DPR2600W,JUAN JOSÉ MARTÍNEZ,MATUTINO,2024-2025 | 2025-2026,30.922,0.0,42.5532,70.922,41.1348,19.8752,177.0,58.8652,177,09DPR2600W,JUAN JOSÉ MARTÍNEZ,-99.09169167,19.38851389,IZTACALCO,Primaria,100.0
09DPR2434O,FRANCISCO MEDINA ASCENCIO,MATUTINO,2024-2025 | 2025-2026,30.9174,0.0,50.0,61.4679,43.1193,18.6252,288.0,57.3394,288,09DPR2434O,FRANCISCO MEDINA ASCENCIO,-99.13668889,19.45374444,CUAUHTÉMOC,Primaria,100.0
09DPR0984D,DEFENSORES DE VERACRUZ DE 1914,MATUTINO,2024-2025 | 2025-2026,30.9091,4.1322,38.0165,72.7273,39.6694,18.9038,148.0,52.0661,148,09DPR0984D,DEFENSORES DE VERACRUZ DE 1914,-99.10576389,19.43247778,VENUSTIANO CARRANZA,Primaria,95.8678
09DPR1025D,CHAPULTEPEC,MATUTINO,2024-2025 | 2025-2026,30.892,1.4085,42.2535,66.1972,44.6009,19.3348,246.0,57.277,246,09DPR1101T,CHAPULTEPEC,-99.21806667,19.41948889,MIGUEL HIDALGO,Primaria,98.5915
09DPR1262F,LÁZARO CARDENAS,VESPERTINO,2024-2025 | 2025-2026,30.8911,0.9901,77.2277,24.7525,51.4851,20.4,184.0,50.495,184,09DPR3090R,LAZARO CARDENAS,-99.15,19.54074722,GUSTAVO A. MADERO,Primaria,99.0099
09DPR1137H,LUIS GONZÁLEZ OBREGON,MATUTINO,2024-2025 | 2025-2026,30.875,1.25,51.875,57.5,43.75,18.8192,194.0,57.5,194,09DPR1137H,LUIS GONZÁLEZ OBREGON,-99.15836111,19.40181944,BENITO JUÁREZ,Primaria,98.75
09DPR1872G,PROFR. FEDERICO HERRERA MARTÍNEZ,MATUTINO,2024-2025 | 2025-2026,30.875,0.625,46.875,56.25,50.625,,,53.75,245,09DPR1872G,PROFR. FEDERICO HERRERA MARTÍNEZ,-99.18566944,19.37475,BENITO JUÁREZ,Primaria,99.375
09DPR3119F,PROFR. URBANO LAVIN ROMÁN,VESPERTINO,2024-2025,30.8571,20.0,50.8571,47.4286,36.0,20.1964,292.0,47.4286,292,09DPR3119F,PROFR. URBANO LAVIN ROMÁN,-99.04906667,19.29441667,TLÁHUAC,Primaria,80.0
09DPR2670R,SOSTENES NICOLAS CHAPA NIETO,VESPERTINO,2024-2025 | 2025-2026,30.8387,17.0968,58.0645,40.0,39.0323,19.7132,411.0,49.6774,411,09DPR2670R,SOSTENES NICOLAS CHAPA NIETO,-99.02920556,19.29536944,TLÁHUAC,Primaria,82.9032
09DPR1160I,ANTONIO GARCÍA CUBAS,MATUTINO,2024-2025 | 2025-2026,30.8364,0.0,56.3636,68.0,29.8182,17.3486,322.0,60.7273,322,09DPR1160I,ANTONIO GARCÍA CUBAS,-99.12230833,19.38989722,IZTACALCO,Primaria,100.0
09DPR1059U,DRA. MARGARITA CHORNE Y SALAZAR,MATUTINO,2024-2025 | 2025-2026,30.8219,1.3699,38.3562,76.7123,37.6712,19.0413,182.0,58.2192,182,09DPR1059U,DRA. MARGARITA CHORNE Y SALAZAR,-99.09549722,19.42803611,VENUSTIANO CARRANZA,Primaria,98.6301
09DPR1067C,LIC. JULIO JIMENEZ RUEDA,MATUTINO,2024-2025 | 2025-2026,30.8197,1.171,48.9461,64.8712,39.1101,18.483,488.0,53.1616,488,09DPR1067C,LIC. JULIO JIMENEZ RUEDA,-99.06617222,19.389625,IZTACALCO,Primaria,98.829
09DPR2907M,DR. IGNACIO CHÁVEZ,MATUTINO,2024-2025 | 2025-2026,30.8157,0.3021,51.3595,63.142,39.2749,18.6277,480.0,50.4532,480,09DPR2792B,DR. IGNACIO CHÁVEZ,-99.03588611,19.38180278,IZTAPALAPA,Primaria,99.6979
09DPR0932Y,QUETZALCOATL,VESPERTINO,2024-2025 | 2025-2026,30.8,0.0,54.0,58.0,42.0,19.7971,77.0,58.0,77,09DPR5119T,QUETZALCOATL,-99.30938056,19.3535,CUAJIMALPA DE MORELOS,Primaria,100.0
09DPR0006I,JOSÉ MA. RODRÍGUEZ COS,MATUTINO,2024-2025 | 2025-2026,30.7767,27.3463,55.0162,39.3204,32.2006,18.7922,670.0,46.1165,670,09DPR4108G,JOSÉ MA. RODRÍGUEZ COS,-99.04478333,19.32818056,IZTAPALAPA,Primaria,72.6537
09DPR2763G,PETROLEOS MEXICANOS,MATUTINO,2024-2025 | 2025-2026,30.7534,7.0205,69.5205,27.0548,50.1712,19.6112,365.0,52.226,365,09DPR2763G,PETROLEOS MEXICANOS,-99.20380556,19.48065,AZCAPOTZALCO,Primaria,92.9795
09DPR2352E,PENSIONES,MATUTINO,2024-2025 | 2025-2026,30.7527,1.0753,48.3871,64.5161,39.7849,,,61.2903,79,09DPR2352E,PENSIONES,-99.15419444,19.43488333,CUAUHTÉMOC,Primaria,98.9247
09DPR2580Z,ADAM MICKIEWICZ,MATUTINO,2024-2025 | 2025-2026,30.7527,14.7465,29.9539,71.4286,37.6344,19.0577,698.0,48.3871,698,09DPR2580Z,ADAM MICKIEWICZ,-99.11914722,19.23248889,XOCHIMILCO,Primaria,85.2535
09DPR2944Q,MÁRTIRES DE TACUBAYA,MATUTINO,2024-2025 | 2025-2026,30.75,0.0,43.75,68.75,41.25,18.5438,118.0,51.25,118,09DPR2944Q,MÁRTIRES DE TACUBAYA,-99.19014167,19.41211667,MIGUEL HIDALGO,Primaria,100.0
09DPR3031B,RAFAELA SUAREZ SOLORZANO,VESPERTINO,2024-2025 | 2025-2026,30.7359,0.4329,62.7706,52.381,38.0952,18.1974,395.0,51.9481,395,09DPR3031B,RAFAELA SUAREZ SOLORZANO,-99.00705556,19.33809444,IZTAPALAPA,Primaria,99.5671
09DPR2147V,FERNANDO MONTES DE OCA,MATUTINO,2024-2025 | 2025-2026,30.728,18.7739,43.6782,57.4713,33.7165,,,50.9579,244,09DES0025Q,FERNANDO MONTES DE OCA,-99.19845833,19.49748889,AZCAPOTZALCO,Secundaria,81.2261
09DPR2870P,MARGARITA MAGON DE FLORES,MATUTINO,2024-2025,30.7056,16.545,53.7713,41.1192,42.0925,19.7332,530.0,47.4453,530,09DPR2870P,MARGARITA MAGON DE FLORES,-99.10273889,19.24116944,XOCHIMILCO,Primaria,83.455
09DPR2036Q,VICENTE RIVA PALACIO,MATUTINO,2024-2025,30.687,8.2061,66.6031,35.8779,42.7481,18.816,567.0,49.8092,567,09DJN0267D,VICENTE RIVA PALACIO,-99.077325,19.49261111,GUSTAVO A. MADERO,Preescolar,91.79390000000001
09DPR2034S,MAESTRO ADOLFO VALLES,MATUTINO,2024-2025 | 2025-2026,30.6814,10.8656,55.6169,46.7772,40.1473,18.4519,578.0,49.1713,578,09DPR2034S,MAESTRO ADOLFO VALLES,-99.10799167,19.22682222,XOCHIMILCO,Primaria,89.1344
09DPR2294E,CARLOS DE SIGÜENZA Y GONGORA,VESPERTINO,2024-2025,30.6667,20.0,31.6667,65.8333,35.8333,18.7814,132.0,50.8333,132,09DPR1883M,CARLOS DE SIGÜENZA Y GONGORA,-99.24541111,19.31035278,LA MAGDALENA CONTRERAS,Primaria,80.0
09DPR2058B,PLAN DE AYALA,MATUTINO,2024-2025 | 2025-2026,30.6517,28.764,53.9326,31.4607,39.1011,20.3322,564.0,43.5955,564,09PPR1488Q,PLAN DE AYALA,-99.075159,19.187855,MILPA ALTA,Primaria,71.236
09DPR2498Z,EZEQUIEL A. CHÁVEZ,MATUTINO,2025-2026,30.6494,0.0,39.6104,66.2338,47.4026,20.0037,206.0,55.8442,206,09DPR2414A,EZEQUIEL A. CHAVEZ,-99.16153056,19.44859722,CUAUHTÉMOC,Primaria,100.0
09DPR1840O,"""ESC. PRIM. ANEXA A LA BENM """"GENOVEVA CORTÉS VALLADARES""""""",VESPERTINO,2025-2026,30.6452,0.0,32.2581,85.4839,35.4839,18.7742,134.0,48.3871,134,09DPR1840O,"ESC. PRIM. ANEXA A LA BENM ""GENOVEVA CORTÉS VALLADARES""",-99.16828056,19.44533889,MIGUEL HIDALGO,Primaria,100.0
09DPR1932E,JUVENTINO ROSAS,MATUTINO,2024-2025,30.6383,7.4468,45.7447,57.4468,42.5532,19.6,415.0,46.4539,415,09DPR0935V,JUVENTINO ROSAS,-99.13183611,19.55981667,GUSTAVO A. MADERO,Primaria,92.5532
09DPR2574O,RAFAEL RAMIREZ CASTAÑEDA,MATUTINO,2024-2025 | 2025-2026,30.6269,1.194,71.0448,30.1493,50.7463,,,52.2388,697,09DPR3253L,RAFAEL RAMIREZ CASTAÑEDA,-98.96586667,19.31056389,TLÁHUAC,Primaria,98.806
09DPR2369E,NICOLAS RANGEL,MATUTINO,2024-2025 | 2025-2026,30.5914,0.0,51.3441,68.0108,33.6022,18.2124,387.0,54.3011,387,09DPR2369E,NICOLAS RANGEL,-99.13549444,19.45072222,CUAUHTÉMOC,Primaria,100.0
09DPR1026C,SIETE DE JULIO,MATUTINO,2025-2026,30.5778,1.3333,41.3333,72.0,38.2222,19.4318,227.0,56.8889,227,09DPR1026C,SIETE DE JULIO,-99.11325,19.43476111,VENUSTIANO CARRANZA,Primaria,98.6667
09DPR2019Z,ADAM MICKIEWICZ,VESPERTINO,2024-2025,30.56,21.0667,33.8667,63.4667,34.4,18.624,393.0,46.6667,393,09DPR2580Z,ADAM MICKIEWICZ,-99.11914722,19.23248889,XOCHIMILCO,Primaria,78.9333
09DPR1441R,PROFR. JOSÉ MARIA BONILLA,MATUTINO,2024-2025 | 2025-2026,30.5325,17.7515,44.6746,57.1006,33.1361,,,52.071,318,09DPR1441R,PROFR. JOSÉ MARIA BONILLA,-99.095975,19.49726667,GUSTAVO A. MADERO,Primaria,82.2485
09DPR2947N,GRAL. HERMINIO CHAVARRIA,MATUTINO,2024-2025 | 2025-2026,30.5239,0.2278,49.2027,57.631,45.5581,19.8609,579.0,54.6697,579,09DPR2808M,GRAL. HERMINIO CHAVARRIA,-99.03313333,19.35699722,IZTAPALAPA,Primaria,99.7722
09DPR2157B,REPÚBLICA DE HUNGRIA,MATUTINO,2024-2025 | 2025-2026,30.516,14.0049,43.2432,55.774,39.5577,,,51.3514,372,09DPR2157B,REPÚBLICA DE HUNGRIA,-99.08933889,19.50626389,GUSTAVO A. MADERO,Primaria,85.99510000000001
09DPR3200G,PROFR. Y LIC. GENARO V. VAZQUEZ QUIROZ,MATUTINO,2024-2025 | 2025-2026,30.5155,0.0,28.3505,79.8969,44.3299,19.0844,211.0,48.9691,211,09DPR3200G,PROFR. Y LIC. GENARO V. VAZQUEZ QUIROZ,-99.06695556,19.40831667,IZTACALCO,Primaria,100.0
09DPR2558X,ESTADOS UNIDOS DE AMERICA,MATUTINO,2025-2026,30.5042,10.9244,27.7311,72.2689,41.5966,18.6349,236.0,48.3193,236,09DPR2558X,ESTADOS UNIDOS DE AMERICA,-99.11169167,19.41710556,VENUSTIANO CARRANZA,Primaria,89.0756
09DPR3051P,INGENIERO JUAN DE DIOS BATIZ,MATUTINO,2024-2025 | 2025-2026,30.4839,18.9516,38.7097,58.871,35.8871,,,50.4032,231,09DPR3051P,INGENIERO JUAN DE DIOS BATIZ,-99.14551389,19.52480556,GUSTAVO A. MADERO,Primaria,81.0484
09DPR2430S,FRANCISCO DIAZ COVARRUBIAS,MATUTINO,2024-2025 | 2025-2026,30.4706,2.3529,43.5294,68.8235,37.6471,18.5422,199.0,52.9412,199,09DPR2430S,FRANCISCO DIAZ COVARRUBIAS,-99.1384,19.45636111,CUAUHTÉMOC,Primaria,97.6471
09DPR1792V,REPÚBLICA DE COSTA RICA,MATUTINO,2024-2025 | 2025-2026,30.4624,0.289,38.1503,67.6301,46.2428,19.3205,357.0,55.2023,357,09DES0092O,REPÚBLICA DE COSTA RICA,-99.20874167,19.45467222,MIGUEL HIDALGO,Secundaria,99.711
09DPR2078P,FRANCISCO DEL OLMO,MATUTINO,2024-2025 | 2025-2026,30.4578,26.506,39.759,51.0843,34.9398,19.1567,438.0,45.3012,438,09DPR2078P,FRANCISCO DEL OLMO,-98.99759722,19.17547778,MILPA ALTA,Primaria,73.494
09DPR3135X,JAIME NUNO,VESPERTINO,2024-2025 | 2025-2026,30.4505,0.9009,58.5586,62.1622,30.6306,19.5756,129.0,62.1622,129,09DJN0698T,JAIME NUNO,-99.13766389,19.44666944,CUAUHTÉMOC,Preescolar,99.09909999999999
09DPR1246O,MARIANO HIDALGO,MATUTINO,2024-2025 | 2025-2026,30.4386,0.4386,66.6667,44.2982,40.7895,18.7686,656.0,52.6316,656,09DBA0223U,MARIANO HIDALGO,-99.00424444,19.35640278,IZTAPALAPA,Adultos - Primaria,99.5614
09DPR4509B,JESÚS NARVAEZ GALDEANO,VESPERTINO,2024-2025 | 2025-2026,30.4348,1.8634,53.4161,60.8696,36.0248,18.4866,238.0,50.3106,238,09DPR0056Q,JESÚS NARVAEZ GALDEANO,-99.05834167,19.32968889,IZTAPALAPA,Primaria,98.1366
09DPR1034L,REPÚBLICA DE LIBERIA,MATUTINO,2024-2025 | 2025-2026,30.4348,0.7246,37.6812,71.7391,42.029,19.3776,165.0,55.0725,165,09DPR1034L,REPÚBLICA DE LIBERIA,-99.10106389,19.41516111,VENUSTIANO CARRANZA,Primaria,99.2754
09DPR2965C,PROFR. ENRIQUE VAZQUEZ ISLAS,MATUTINO,2024-2025 | 2025-2026,30.4328,26.8793,29.8405,63.0979,32.3462,19.6816,408.0,46.9248,408,09DPR2965C,PROFR. ENRIQUE VAZQUEZ ISLAS,-99.0717,19.47736944,GUSTAVO A. MADERO,Primaria,73.1207
09DPR2067J,JOSÉ MARIA MORELOS,MATUTINO,2024-2025,30.4235,19.0554,54.886,40.0651,38.1107,18.872,667.0,47.0684,667,09DPR2067J,JOSÉ MARIA MORELOS,-99.02661389,19.19506944,MILPA ALTA,Primaria,80.94460000000001
09DPR1564A,ARBOL DE LA NOCHE TRISTE,MATUTINO,2024-2025 | 2025-2026,30.4211,0.5263,53.1579,64.7368,33.6842,18.6208,238.0,56.8421,238,09DPR1564A,ARBOL DE LA NOCHE TRISTE,-99.17663611,19.45560556,MIGUEL HIDALGO,Primaria,99.4737
09DPR2645S,JOSÉ LÓPEZ PORTILLO Y ROJAS,MATUTINO,2024-2025 | 2025-2026,30.4152,2.9412,44.8097,64.8789,39.4464,18.2809,540.0,53.2872,540,09DBS0020Y,JOSÉ LÓPEZ PORTILLO Y ROJAS,-99.060725,19.41424722,IZTACALCO,Adultos - Secundaria,97.0588
09DPR1883M,CARLOS DE SIGÜENZA Y GONGORA,MATUTINO,2024-2025 | 2025-2026,30.3981,25.0585,59.719,32.3185,34.8946,,,43.3255,460,09DPR1883M,CARLOS DE SIGÜENZA Y GONGORA,-99.24541111,19.31035278,LA MAGDALENA CONTRERAS,Primaria,74.9415
09DPR2486U,LUIS DE LA ROSA,MATUTINO,2024-2025 | 2025-2026,30.3863,0.8584,55.3648,54.0773,41.6309,,,52.7897,232,09DPR2486U,LUIS DE LA ROSA,-99.12181944,19.43779167,VENUSTIANO CARRANZA,Primaria,99.1416
09DPR2539I,HORACIO MANN,MATUTINO,2024-2025,30.3704,3.7037,63.8889,46.2963,37.963,18.4817,127.0,50.0,127,09PES0762S,HORACIO MANN,-99.087476,19.412256,VENUSTIANO CARRANZA,Secundaria,96.2963
09DPR1606J,FRANCISCO JAVIER MINA,MATUTINO,2024-2025 | 2025-2026,30.3614,16.4659,41.7671,58.6345,34.9398,,,50.6024,232,09DES0163S,FRANCISCO JAVIER MINA,-99.07026944,19.37791111,IZTAPALAPA,Secundaria,83.5341
09DPR1079H,JESUS T. ACEVEDO,MATUTINO,2024-2025 | 2025-2026,30.359,10.2564,57.4359,56.4103,27.6923,18.0778,278.0,51.7949,278,09DPR1079H,JESUS T. ACEVEDO,-99.06041111,19.38781667,IZTACALCO,Primaria,89.7436
09DPR2135Q,REPÚBLICA MEXICANA,MATUTINO,2024-2025 | 2025-2026,30.3492,6.3492,42.5397,63.8095,39.0476,17.411,190.0,57.1429,190,09DJN0823A,REPÚBLICA MEXICANA,-99.13653056,19.55665,GUSTAVO A. MADERO,Preescolar,93.6508
09DPR1020I,AUGUSTO CESAR SANDINO,MATUTINO,2024-2025 | 2025-2026,30.3194,7.8624,51.3514,54.0541,38.3292,19.6464,486.0,52.0885,486,09DPR2501W,AUGUSTO CESAR SANDINO,-99.161075,19.456425,CUAUHTÉMOC,Primaria,92.1376
09DPR3239S,CONSTITUYENTE CELESTINO PÉREZ Y PÉREZ,MATUTINO,2025-2026,30.3114,0.0,59.1696,59.5156,32.872,18.4696,349.0,58.1315,349,09DPR3239S,CONSTITUYENTE CELESTINO PÉREZ Y PÉREZ,-99.0016,19.36690833,IZTAPALAPA,Primaria,100.0
09DPR1072O,JUAN B MOLINA,VESPERTINO,2024-2025 | 2025-2026,30.303,53.0303,39.3939,37.1212,21.9697,18.6548,199.0,40.9091,199,09DPR1071P,JUAN B MOLINA,-99.06415278,19.39284722,IZTACALCO,Primaria,46.9697
09DPR1914P,PROCERES DE LA REVOLUCIÓN,MATUTINO,2024-2025 | 2025-2026,30.3004,34.3348,40.7725,48.927,27.4678,,,41.2017,255,09DPR1914P,PROCERES DE LA REVOLUCIÓN,-99.20981667,19.33459167,LA MAGDALENA CONTRERAS,Primaria,65.6652
09DPR0988Z,CLUB 20 30,MATUTINO,2025-2026,30.2985,0.0,58.9552,57.4627,35.0746,19.3183,190.0,53.7313,190,09DPR0988Z,CLUB 20 30,-99.08441389,19.39475278,IZTACALCO,Primaria,100.0
09DPR0895K,VICENTE LOMBARDO TOLEDANO,MATUTINO,2024-2025 | 2025-2026,30.2949,17.9625,48.7936,51.2064,33.5121,,,50.6702,357,09DPR0895K,VICENTE LOMBARDO TOLEDANO,-99.13898056,19.53305833,GUSTAVO A. MADERO,Primaria,82.0375
09DPR5074N,PROFR. JOSÉ SANTOS VALDES,VESPERTINO,2024-2025 | 2025-2026,30.2924,0.2924,55.2632,61.1111,34.7953,19.6382,411.0,55.848,411,09DPR5057X,PROFR. JOSÉ SANTOS VALDES,-99.04188889,19.31829444,IZTAPALAPA,Primaria,99.7076
09DPR1397U,DR. CARLOS BAUER,MATUTINO,2024-2025 | 2025-2026,30.2913,18.123,49.8382,55.9871,27.5081,,,49.1909,300,09DPR1396V,DR. CARLOS BAUER,-99.09823889,19.48599722,GUSTAVO A. MADERO,Primaria,81.877
09DPR1687K,RAFAEL ANGEL DE LA PEÑA,MATUTINO,2024-2025 | 2025-2026,30.2834,0.8097,42.915,59.919,47.7733,19.7844,299.0,51.417,299,09DPR1687K,RAFAEL ANGEL DE LA PEÑA,-99.17088333,19.44970833,MIGUEL HIDALGO,Primaria,99.1903
09DPR2182A,REPÚBLICA DE PAKISTAN,MATUTINO,2024-2025 | 2025-2026,30.2817,21.4789,41.1972,53.169,35.5634,,,46.1268,313,09DPR2182A,REPÚBLICA DE PAKISTAN,-99.10490278,19.47358889,GUSTAVO A. MADERO,Primaria,78.5211
09DPR1317S,PROFR. DANIEL DELGADILLO,VESPERTINO,2024-2025 | 2025-2026,30.2762,8.2873,56.3536,45.3039,41.4365,19.0803,91.0,48.0663,91,09DPR1333J,PROFR. DANIEL DELGADILLO,-99.08124722,19.47840833,GUSTAVO A. MADERO,Primaria,91.7127
09DPR0044L,CATALINA CARDONA NAVA,MATUTINO,2024-2025,30.2674,29.9465,48.6631,43.3155,29.4118,18.2053,190.0,46.5241,190,09DPR0044L,CATALINA CARDONA NAVA,-99.24439722,19.297375,LA MAGDALENA CONTRERAS,Primaria,70.0535
09DPR2366H,PABLO MORENO,MATUTINO,2024-2025 | 2025-2026,30.2564,0.8547,46.1538,65.812,38.4615,18.904,135.0,55.5556,135,09DBN0094U,PABLO MORENO,-99.13279722,19.43946667,CUAUHTÉMOC,Primaria,99.1453
09DPR0936U,MARGARITA MAZA DE JUÁREZ,MATUTINO,2024-2025 | 2025-2026,30.2381,5.1587,37.3016,68.254,40.4762,21.0638,292.0,53.1746,292,09DES4099I,MARGARITA MAZA DE JUÁREZ,-99.078625,19.49635278,GUSTAVO A. MADERO,Secundaria,94.8413
09DPR5133M,JAIME SABINES,MATUTINO,2024-2025,30.2381,2.0833,57.7381,46.131,45.2381,18.2568,347.0,51.4881,347,09DPR5105Q,JAIME SABINES,-99.00394444,19.33298611,IZTAPALAPA,Primaria,97.9167
09DPR0877V,LUIS PASTEUR,VESPERTINO,2024-2025 | 2025-2026,30.2362,3.1496,62.9921,31.4961,53.5433,19.8108,347.0,48.8189,347,09DBA0184I,LUIS PASTEUR,-98.999325,19.37146944,IZTAPALAPA,Adultos - Primaria,96.8504
09DPR3190Q,PROFR. FAUSTO ARROYO PÉREZ,VESPERTINO,2024-2025,30.2198,12.6374,45.0549,62.0879,31.3187,16.6025,226.0,50.5495,226,09DPR3189A,PROFR. FAUSTO ARROYO PÉREZ,-99.12869444,19.55590278,GUSTAVO A. MADERO,Primaria,87.3626
09DPR5114Y,LUCIO CABAÑAS BARRIENTOS,MATUTINO,2024-2025 | 2025-2026,30.1996,0.363,67.5136,46.098,37.0236,,,54.8094,589,09DPR5114Y,LUCIO CABAÑAS BARRIENTOS,-99.03964167,19.32173056,IZTAPALAPA,Primaria,99.637
09DPR1523A,REGENTE URUCHURTU,MATUTINO,2024-2025 | 2025-2026,30.1961,18.2073,42.577,56.8627,33.3333,19.4405,350.0,49.5798,350,09DPR1523A,REGENTE URUCHURTU,-99.16336111,19.52558056,GUSTAVO A. MADERO,Primaria,81.7927
09DPR5143T,RAMON G. BONFIL,VESPERTINO,2024-2025,30.1835,23.3945,58.7156,39.4495,29.3578,18.3808,236.0,45.8716,236,09DPR5126C,RAMON G. BONFIL,-98.99270556,19.21441389,MILPA ALTA,Primaria,76.6055
09DPR2054F,PROGRESO CAMPESINO,MATUTINO,2024-2025,30.172,37.3464,30.4668,58.4767,24.57,18.1624,392.0,44.7174,392,09DPR2054F,PROGRESO CAMPESINO,-99.03437222,19.17517222,MILPA ALTA,Primaria,62.6536
09DPR0928L,RAMON LÓPEZ VELARDE,MATUTINO,2024-2025 | 2025-2026,30.1695,0.0,47.4576,66.1017,37.2881,19.3514,136.0,58.4746,136,09DPR2735K,RAMÓN LÓPEZ VELARDE,-99.08513611,19.49048889,GUSTAVO A. MADERO,Primaria,100.0
09DPR1135J,JOSÉ ANTONIO TORRES,MATUTINO,2025-2026,30.125,0.0,38.125,73.75,38.75,18.2921,238.0,54.375,238,09DPR1135J,JOSÉ ANTONIO TORRES,-99.15004167,19.45439444,CUAUHTÉMOC,Primaria,100.0
09DPR3052O,CUAHILAMA,VESPERTINO,2024-2025 | 2025-2026,30.1198,29.6407,26.0479,63.7725,31.1377,18.6847,365.0,45.2096,365,09DPR2044Z,CUAHILAMA,-99.07465833,19.246325,XOCHIMILCO,Primaria,70.3593
09DPR2033T,GENERAL ANTONIO DE LEÓN Y LOYOLA,MATUTINO,2024-2025,30.0962,16.3462,47.5962,49.5192,37.0192,19.0397,202.0,48.5577,202,09DPR2033T,GENERAL ANTONIO DE LEÓN Y LOYOLA,-98.99590833,19.18730556,MILPA ALTA,Primaria,83.6538
09DPR0039Z,13 DE SEPTIEMBRE DE 1847,MATUTINO,2024-2025 | 2025-2026,30.0935,25.2336,36.7601,56.0748,32.3988,,,46.4174,299,09DPR0039Z,13 DE SEPTIEMBRE DE 1847,-99.21266944,19.47539444,AZCAPOTZALCO,Primaria,74.7664
09DPR1791W,GRAL. SANTOS DEGOLLADO,MATUTINO,2024-2025 | 2025-2026,30.0699,6.6434,66.7832,44.4056,32.5175,20.5509,273.0,50.3497,273,09DPR1791W,GRAL. SANTOS DEGOLLADO,-99.32628889,19.33090278,CUAJIMALPA DE MORELOS,Primaria,93.3566
09DPR2389S,LEONARDO BRAVO,MATUTINO,2024-2025 | 2025-2026,30.0592,0.2959,38.4615,66.568,44.9704,18.9846,344.0,49.4083,344,09DPR2389S,LEONARDO BRAVO,-99.12751944,19.46115556,CUAUHTÉMOC,Primaria,99.7041
09DPR2898V,ARQUELES VELA SALVATIERRA,MATUTINO,2024-2025 | 2025-2026,30.0461,5.9908,33.6406,74.6544,35.9447,,,50.2304,265,09DPR2897W,ARQUELES VELA SALVATIERRA,-99.07007778,19.39435556,IZTACALCO,Primaria,94.00919999999999
09DPR1333J,PROFR. DANIEL DELGADILLO,MATUTINO,2024-2025 | 2025-2026,30.0415,14.5228,42.7386,54.7718,38.1743,,,51.4523,253,09DPR1333J,PROFR. DANIEL DELGADILLO,-99.08124722,19.47840833,GUSTAVO A. MADERO,Primaria,85.4772
09DPR1041V,PROFR. RAFAEL JIMENEZ,MATUTINO,2024-2025 | 2025-2026,30.0369,0.369,40.9594,65.6827,43.1734,19.9124,317.0,54.9815,317,09DPR1041V,PROFR. RAFAEL JIMENEZ,-99.08651111,19.41997778,VENUSTIANO CARRANZA,Primaria,99.631
09DPR2069H,INDEPENDENCIA ECONÓMICA DE MÉXICO,MATUTINO,2024-2025,30.0298,24.1071,47.4702,42.5595,36.0119,19.1901,673.0,44.7917,673,09DPR2070X,INDEPENDENCIA ECONÓMICA DE MÉXICO,-99.06485833,19.25643333,XOCHIMILCO,Primaria,75.8929
09DPR2842T,RAFAELA SUAREZ SOLORZANO,MATUTINO,2024-2025 | 2025-2026,30.022,0.4396,54.7253,47.9121,47.033,18.9508,602.0,49.6703,602,09DPR3031B,RAFAELA SUAREZ SOLORZANO,-99.00705556,19.33809444,IZTAPALAPA,Primaria,99.5604
09DPR1316T,ENRIQUE LAUBSCHER,MATUTINO,2024-2025 | 2025-2026,30.0186,0.1855,44.1558,63.0798,42.6716,19.0767,594.0,52.5046,594,09DJN0279I,ENRIQUE LAUBSCHER,-99.17354722,19.46356111,AZCAPOTZALCO,Preescolar,99.8145
09DPR1521C,CHICOMOSTOC,MATUTINO,2024-2025 | 2025-2026,30.0,19.8324,47.486,50.5587,32.1229,,,48.6034,342,09DPR1521C,CHICOMOSTOC,-99.096525,19.50433333,GUSTAVO A. MADERO,Primaria,80.1676
09DPR5058W,ESPERANZA VELASCO ZULETA,MATUTINO,2024-2025 | 2025-2026,30.0,31.8548,41.129,47.1774,29.8387,19.68,293.0,44.3548,293,09DPR5058W,ESPERANZA VELASCO ZULETA,-99.19243889,19.50504167,AZCAPOTZALCO,Primaria,68.1452
09DPR1372L,MANUEL GUTIERREZ NAJERA,VESPERTINO,2024-2025 | 2025-2026,30.0,40.1961,39.2157,50.9804,19.6078,,,43.1373,97,09DPR1360G,MANUEL GUTIERREZ NAJERA,-99.08584167,19.50059167,GUSTAVO A. MADERO,Primaria,59.8039
09DPR1443P,GERTRUDIS BOCANEGRA DE LAZO DE LA VEGA,MATUTINO,2024-2025 | 2025-2026,30.0,17.8144,48.6527,51.497,32.0359,,,48.503,607,09DPR1443P,GERTRUDIS BOCANEGRA DE LAZO DE LA VEGA,-99.07343889,19.49264167,GUSTAVO A. MADERO,Primaria,82.1856
09DPR3007B,LEGION AMERICANA,VESPERTINO,2024-2025 | 2025-2026,29.9492,1.0152,72.5888,34.5178,41.6244,18.9402,612.0,51.7766,612,09DPR2235P,LEGION AMERICANA,-99.18150278,19.23320833,TLALPAN,Primaria,98.9848
09DPR1779A,VICENTE GUERRERO,MATUTINO,2024-2025 | 2025-2026,29.9487,27.1795,39.6581,52.1368,30.7692,18.4523,601.0,42.3932,601,09DPR1779A,VICENTE GUERRERO,-99.28051944,19.34280833,CUAJIMALPA DE MORELOS,Primaria,72.8205
09DPR1535F,OBRAS DEL VALLE DE MÉXICO,MATUTINO,2024-2025 | 2025-2026,29.9474,36.0526,40.5263,48.9474,24.2105,18.0058,343.0,41.0526,343,09DBS0011Q,OBRAS DEL VALLE DE MÉXICO,-99.08553056,19.47044167,GUSTAVO A. MADERO,Adultos - Secundaria,63.9474
09DPR1092B,HEROES DE CERRO PRIETO,MATUTINO,2024-2025 | 2025-2026,29.9346,30.0654,45.098,46.4052,28.1046,18.6123,174.0,41.8301,174,09DPR1092B,HEROES DE CERRO PRIETO,-99.09681944,19.45448056,GUSTAVO A. MADERO,Primaria,69.9346
09DPR4507D,ANICETO CASTELLANOS URRUTIA,VESPERTINO,2024-2025 | 2025-2026,29.9329,0.0,83.2215,23.4899,42.953,19.7201,387.0,48.9933,387,09DPR0001N,ANICETO CASTELLANOS URRUTIA,-99.04064444,19.28731389,TLÁHUAC,Primaria,100.0
09DPR2424H,MAO TSE TUNG,MATUTINO,2025-2026,29.9065,1.8692,40.1869,66.3551,41.1215,20.7885,122.0,57.9439,122,09DPR2424H,MAO TSE TUNG,-99.11364722,19.38351389,IZTACALCO,Primaria,98.1308
09DPR2169G,REPÚBLICA DE COLOMBIA,MATUTINO,2024-2025 | 2025-2026,29.878,13.4146,38.7195,63.4146,33.8415,18.712,295.0,50.3049,295,09DES0081I,REPÚBLICA DE COLOMBIA,-99.11419444,19.46827778,GUSTAVO A. MADERO,Secundaria,86.58539999999999
09DPR2346U,GUADALUPE CENICEROS DE ZAVALETA,MATUTINO,2024-2025 | 2025-2026,29.8615,0.0,49.0305,71.7452,28.5319,17.743,422.0,54.0166,422,09DES0130A,GUADALUPE CENICEROS DE ZAVALETA,-99.15968889,19.32026389,COYOACÁN,Secundaria,100.0
09DPR1235I,PRESIDENTE PLUTARCO ELIAS CALLES,MATUTINO,2024-2025 | 2025-2026,29.8605,5.1163,24.6512,74.8837,44.6512,20.1523,344.0,52.5581,344,09DPR1235I,PRESIDENTE PLUTARCO ELIAS CALLES,-99.13222222,19.39034444,IZTACALCO,Primaria,94.8837
09DPR3106B,GREGORIO TORRES QUINTERO,VESPERTINO,2024-2025 | 2025-2026,29.8582,31.5603,53.5461,34.0426,30.1418,19.2295,312.0,43.2624,312,09DJN0910W,GREGORIO TORRES QUINTERO,-99.10751944,19.3193,COYOACÁN,Preescolar,68.4397
09DPR0119L,JOSÉ RUBEN ROMERO,MATUTINO,2024-2025 | 2025-2026,29.8532,0.0,42.9769,68.5535,37.7358,18.5668,535.0,50.7338,535,09DPR0119L,JOSÉ RUBEN ROMERO,-99.058425,19.41465,IZTACALCO,Primaria,100.0
09DPR2979F,QUETZALCOATL,VESPERTINO,2024-2025 | 2025-2026,29.8387,30.6452,39.1129,48.3871,31.0484,18.4006,251.0,42.7419,251,09DPR5119T,QUETZALCOATL,-99.30938056,19.3535,CUAJIMALPA DE MORELOS,Primaria,69.3548
09DPR5087R,MARCELIANO TREJO SANTANA,VESPERTINO,2024-2025 | 2025-2026,29.8324,18.4358,38.5475,56.4246,35.7542,,,46.3687,243,09DPR5087R,MARCELIANO TREJO SANTANA,-99.11943889,19.28166389,XOCHIMILCO,Primaria,81.5642
09DPR2495B,PROFRA. ELMIRA ROCHA GARCÍA,MATUTINO,2024-2025 | 2025-2026,29.8289,23.4719,39.1198,55.9902,30.5623,,,49.1443,406,09DBN0112T,PROFRA. ELMIRA ROCHA GARCÍA,-99.20717778,19.50745,AZCAPOTZALCO,Primaria,76.5281
09DPR2535M,REPÚBLICA POPULAR CHINA,MATUTINO,2025-2026,29.7959,0.0,44.898,60.2041,43.8776,19.1624,110.0,57.1429,110,09DES0118F,REPÚBLICA POPULAR CHINA,-99.07278333,19.31084167,IZTAPALAPA,Secundaria,100.0
09DPR2955W,PROFR. GERARDO BRUNO SEVILLA HERNÁNDEZ,MATUTINO,2024-2025 | 2025-2026,29.7902,0.3497,55.2448,54.5455,38.8112,18.9493,362.0,52.7972,362,09DBS0042J,PROFR. GERARDO BRUNO SEVILLA HERNÁNDEZ,-99.07276667,19.30278333,IZTAPALAPA,Adultos - Secundaria,99.6503
09DPR2171V,BOMBERO RAMÓN ARRIAGA ACEVES,MATUTINO,2024-2025 | 2025-2026,29.7552,18.1818,49.6503,51.049,29.8951,,,48.951,493,09DPR2172U,BOMBERO RAMÓN ARRIAGA ACEVES,-99.11734167,19.50060278,GUSTAVO A. MADERO,Primaria,81.8182
09DPR1146P,ALBINO GARCÍA,MATUTINO,2024-2025 | 2025-2026,29.7417,0.0,39.2989,67.1587,42.2509,19.2221,563.0,54.6125,563,09DPR1146P,ALBINO GARCÍA,-99.03808333,19.34508611,IZTAPALAPA,Primaria,100.0
09DPR2264K,REPÚBLICA DE RUANDA,VESPERTINO,2024-2025 | 2025-2026,29.7391,0.8696,62.6087,45.2174,40.0,20.4747,141.0,50.4348,141,09DPR2264K,REPÚBLICA DE RUANDA,-99.09526111,19.39041389,IZTACALCO,Primaria,99.1304
09DPR1496U,DINAMARCA,MATUTINO,2024-2025 | 2025-2026,29.7255,25.098,32.549,60.7843,30.1961,19.3017,211.0,44.7059,211,09DJN0571N,DINAMARCA,-99.19928333,19.36723333,ÁLVARO OBREGÓN,Preescolar,74.902
09DPR2070X,INDEPENDENCIA ECONÓMICA DE MÉXICO,VESPERTINO,2024-2025,29.717,32.5472,57.5472,28.7736,29.717,19.5516,484.0,41.7453,484,09DPR2070X,INDEPENDENCIA ECONÓMICA DE MÉXICO,-99.06485833,19.25643333,XOCHIMILCO,Primaria,67.4528
09DPR1913Q,MAESTRO RAFAEL RAMIREZ,MATUTINO,2024-2025,29.7143,14.2857,24.2857,70.7143,39.2857,18.5633,176.0,47.8571,176,09DPR1913Q,MAESTRO RAFAEL RAMIREZ,-99.22926944,19.31789167,LA MAGDALENA CONTRERAS,Primaria,85.7143
09DPR3015K,CUAUHTEPEC,VESPERTINO,2024-2025,29.701,27.5748,31.5615,63.1229,26.2458,18.0096,323.0,42.1927,323,09DPR2954X,CUAUHTEPEC,-99.13119722,19.55950278,GUSTAVO A. MADERO,Primaria,72.4252
09DPR3169N,PROFRA. ROSA NAVARRO,MATUTINO,2024-2025 | 2025-2026,29.699,2.3411,37.1237,64.214,44.8161,19.8996,304.0,51.8395,304,09DPR3169N,PROFRA. ROSA NAVARRO,-99.11628056,19.39138056,IZTACALCO,Primaria,97.6589
09DPR3128N,CULTURA AZTECA,VESPERTINO,2024-2025,29.6933,23.0061,31.9018,65.0307,28.5276,18.6614,372.0,44.7853,372,09DPR3127O,CULTURA AZTECA,-99.02143611,19.18778333,MILPA ALTA,Primaria,76.9939
09DPR5070R,NIÑOS HEROES,MATUTINO,2025-2026,29.6907,2.0619,67.0103,32.9897,46.3918,18.7179,159.0,44.3299,159,09PJN3382U,NIÑOS HEROES,-99.008727,19.338357,IZTAPALAPA,Preescolar,97.9381
09DPR5048P,POPOL VUH,MATUTINO,2024-2025 | 2025-2026,29.6889,33.1111,47.7778,36.0,31.5556,,,40.8889,595,09DJN0068E,POPOL VUH,-99.11109167,19.37898056,IZTAPALAPA,Preescolar,66.8889
09DPR1174L,REVOLUCION,MATUTINO,2024-2025 | 2025-2026,29.683,0.7205,35.7349,72.1902,39.7695,19.4435,692.0,54.4669,692,09DPR1174L,REVOLUCION,-99.14862222,19.42673333,CUAUHTÉMOC,Primaria,99.2795
09DPR4159N,PROFR. ENRIQUE GONZÁLEZ APARICIO,VESPERTINO,2024-2025 | 2025-2026,29.6774,0.0,63.871,43.871,40.6452,19.8649,250.0,49.6774,250,09DPR0053T,PROFR. ENRIQUE GONZÁLEZ APARICIO,-98.995075,19.347425,IZTAPALAPA,Primaria,100.0
09DPR0015Q,NICOLAS LEON,VESPERTINO,2024-2025 | 2025-2026,29.6744,17.6744,52.5581,40.0,38.1395,19.0835,215.0,40.9302,215,09DPR0015Q,NICOLAS LEON,-98.99588889,19.28511944,TLÁHUAC,Primaria,82.32560000000001
09DPR3063U,PROFRA. MA. DE JESUS SANTA OLALLA LÓPEZ,MATUTINO,2024-2025 | 2025-2026,29.661,4.2373,45.7627,66.9492,31.3559,,,51.6949,131,09DPR3063U,PROFRA. MA. DE JESUS SANTA OLALLA LÓPEZ,-99.11505833,19.45780278,GUSTAVO A. MADERO,Primaria,95.7627
09DPR3234X,PROFR. TOMAS FREGOSO,MATUTINO,2024-2025,29.6512,6.9767,33.1395,58.1395,50.0,19.5903,484.0,48.8372,484,09DPR3234X,PROFR. TOMAS FREGOSO,-98.95191111,19.22569722,TLÁHUAC,Primaria,93.0233
09DPR2224J,XICOTENCATL,VESPERTINO,2024-2025 | 2025-2026,29.6491,33.3333,33.7719,58.3333,22.807,17.9796,274.0,43.8596,274,09DPR1904I,XICOTENCATL,-99.25632222,19.31331944,LA MAGDALENA CONTRERAS,Primaria,66.66669999999999
09DPR1740P,PROFR. ADELAIDO RIOS Y MONTES DE OCA,MATUTINO,2024-2025 | 2025-2026,29.6447,0.0,46.7005,58.3756,43.1472,19.2511,244.0,52.2843,244,09DPR1740P,PROFR. ADELAIDO RIOS Y MONTES DE OCA,-99.16988611,19.43825278,MIGUEL HIDALGO,Primaria,100.0
09DPR2653A,JOSÉ ORTEGA Y GASSET,VESPERTINO,2024-2025 | 2025-2026,29.6296,2.2222,48.1481,68.1481,29.6296,18.0981,164.0,54.8148,164,09DPR2653A,JOSÉ ORTEGA Y GASSET,-99.01266111,19.34535833,IZTAPALAPA,Primaria,97.7778
09DPR2132T,ESTADO DE GUANAJUATO,VESPERTINO,2024-2025 | 2025-2026,29.6241,26.3158,44.3609,42.1053,35.3383,20.0536,121.0,45.1128,121,09DPR2132T,ESTADO DE GUANAJUATO,-99.18538611,19.49293611,AZCAPOTZALCO,Primaria,73.6842
09DPR4181P,PROFRA. EMMA GODOY,VESPERTINO,2024-2025 | 2025-2026,29.6104,2.5974,83.1169,28.5714,33.7662,18.2907,134.0,40.2597,134,09DPR2619U,PROFRA. EMMA GODOY,-99.21901111,19.27626667,TLALPAN,Primaria,97.4026
09DPR2059A,ING. MIGUEL BERNARD,MATUTINO,2024-2025,29.6026,19.3157,49.7792,38.8521,40.0662,19.4752,1019.0,43.4879,1019,09DPR2059A,ING. MIGUEL BERNARD,-99.05683333,19.25258611,XOCHIMILCO,Primaria,80.68430000000001
09DPR2996W,PROFR. CASTULO RAMÍREZ LUGO,MATUTINO,2024-2025 | 2025-2026,29.5909,0.4545,38.1818,70.9091,38.4091,18.9244,524.0,53.1818,524,09DPR2968Z,PROFR. CASTULO RAMÍREZ LUGO,-99.01874444,19.37861111,IZTAPALAPA,Primaria,99.5455
09DPR1344P,ARTICULO 27,MATUTINO,2024-2025 | 2025-2026,29.5814,52.093,39.0698,37.6744,19.0698,,,39.0698,199,09DPR1344P,ARTICULO 27,-99.142775,19.49237222,GUSTAVO A. MADERO,Primaria,47.907
09DPR3158H,ING. MIGUEL BERNARD,VESPERTINO,2024-2025 | 2025-2026,29.5808,9.1816,44.3114,54.0918,40.3194,18.4987,765.0,48.7026,765,09DPR2059A,ING. MIGUEL BERNARD,-99.05683333,19.25258611,XOCHIMILCO,Primaria,90.8184
09DPR4516L,GUADALUPE FLORES ALONSO,MATUTINO,2024-2025 | 2025-2026,29.5783,23.7952,52.4096,34.3373,37.3494,,,44.2771,354,09DPR4516L,GUADALUPE FLORES ALONSO,-99.23961111,19.31753333,LA MAGDALENA CONTRERAS,Primaria,76.2048
09DPR1831G,JOSÉ ARTURO PICHARDO,MATUTINO,2024-2025 | 2025-2026,29.5726,3.0769,47.6923,60.6838,36.4103,16.9489,582.0,48.8889,582,09DPR0847A,JOSÉ ARTURO PICHARDO,-99.18842222,19.46781389,AZCAPOTZALCO,Primaria,96.9231
09DPR2795Z,JUAN RAMON JIMÉNEZ,MATUTINO,2024-2025 | 2025-2026,29.5726,0.5698,52.9915,48.433,45.8689,19.2929,486.0,47.2934,486,09DPR2795Z,JUAN RAMON JIMÉNEZ,-99.08056111,19.30685278,IZTAPALAPA,Primaria,99.4302
09DPR2186X,MAHATMA GANDHI,MATUTINO,2024-2025 | 2025-2026,29.5714,21.4286,48.2143,52.5,25.7143,18.3924,237.0,49.2857,237,09PJN0882V,MAHATMA GANDHI,-99.121871,19.332599,COYOACÁN,Preescolar,78.5714
09DPR2822F,BANDERA NACIONAL,MATUTINO,2025-2026,29.5652,4.3478,60.0,38.2609,45.2174,19.1301,159.0,49.5652,159,09DPR2822F,BANDERA NACIONAL,-99.118575,19.35931389,IZTAPALAPA,Primaria,95.6522
09DPR2850B,PROFR. JOSÉ PALOMAREZ QUIROS,MATUTINO,2024-2025 | 2025-2026,29.5464,0.216,63.067,44.4924,39.9568,19.5356,468.0,54.2117,468,09DPR2850B,PROFR. JOSÉ PALOMAREZ QUIROS,-99.02747222,19.3681,IZTAPALAPA,Primaria,99.784
09DPR3199H,ENRIQUE CORONA MORFIN,MATUTINO,2024-2025 | 2025-2026,29.5441,17.9331,44.3769,54.1033,31.307,19.2321,288.0,49.5441,288,09DPR3199H,ENRIQUE CORONA MORFIN,-99.20041944,19.49355556,AZCAPOTZALCO,Primaria,82.0669
09DPR4013T,JOSÉ INES NOVELO,VESPERTINO,2025-2026,29.5302,0.0,62.4161,39.5973,45.6376,20.1023,173.0,50.3356,173,09DPR0033F,JOSÉ INES NOVELO,-99.23259444,19.36831667,ÁLVARO OBREGÓN,Primaria,100.0
09DPR1445N,WINSTON CHURCHILL,MATUTINO,2024-2025 | 2025-2026,29.5203,9.9631,28.0443,73.8007,35.7934,18.8535,260.0,48.7085,260,09DBN0034F,WINSTON CHURCHILL,-99.08445556,19.44867222,GUSTAVO A. MADERO,Primaria,90.0369
09DPR1834D,IGNACIO LÓPEZ RAYON,MATUTINO,2024-2025 | 2025-2026,29.4931,6.9124,64.977,34.5622,41.0138,19.1418,280.0,47.0046,280,09DPR1834D,IGNACIO LÓPEZ RAYON,-99.19388889,19.39781944,ÁLVARO OBREGÓN,Primaria,93.0876
09DPR1460F,FILOMENO MATA,MATUTINO,2024-2025 | 2025-2026,29.4867,25.462,47.0226,51.3347,23.614,19.068,391.0,48.2546,391,09DPR1462D,FILOMENO MATA,-99.122,19.50553056,GUSTAVO A. MADERO,Primaria,74.538
09DPR2608O,ROBERTO KOCH,MATUTINO,2024-2025 | 2025-2026,29.4667,2.0,36.0,70.6667,38.6667,19.1763,183.0,55.3333,183,09DJN0525B,ROBERTO KOCH,-99.14963056,19.47589167,AZCAPOTZALCO,Preescolar,98.0
09DPR1353X,JERONIMO FIGUEROA,VESPERTINO,2024-2025 | 2025-2026,29.4545,9.0909,63.6364,45.4545,29.0909,18.3041,52.0,40.0,52,09DPR1351Z,JERONIMO FIGUEROA,-99.15330833,19.52117222,GUSTAVO A. MADERO,Primaria,90.9091
09DPR0053T,PROFR. ENRIQUE GONZÁLEZ APARICIO,MATUTINO,2024-2025 | 2025-2026,29.4428,0.8798,37.8299,68.3284,40.176,,,51.3196,397,09DPR0053T,PROFR. ENRIQUE GONZÁLEZ APARICIO,-98.995075,19.347425,IZTAPALAPA,Primaria,99.1202
09DPR1653U,MÁRTIRES DE LA LIBERTAD,VESPERTINO,2024-2025,29.4286,24.2857,44.2857,50.0,28.5714,18.5472,75.0,45.7143,75,09DPR1652V,MÁRTIRES DE LA LIBERTAD,-99.18696389,19.47933611,AZCAPOTZALCO,Primaria,75.71430000000001
09DPR0905A,PROFRA. CARMEN COSGAYA RIVAS,MATUTINO,2024-2025 | 2025-2026,29.3964,15.3344,34.4209,59.8695,37.3573,19.3401,563.0,49.1028,563,09DPR0905A,PROFRA. CARMEN COSGAYA RIVAS,-99.13769167,19.54418056,GUSTAVO A. MADERO,Primaria,84.6656
09DPR2003Z,NIGER,MATUTINO,2024-2025 | 2025-2026,29.393,0.0,68.0511,35.4633,43.4505,18.5165,405.0,48.5623,405,09DPR2003Z,NIGER,-99.12391944,19.29039444,TLALPAN,Primaria,100.0
09DPR5158V,CARLOS FUENTES,MATUTINO,2024-2025 | 2025-2026,29.3902,25.0,42.4797,43.4959,35.9756,18.4459,565.0,41.4634,565,09DPR5158V,CARLOS FUENTES,-98.97504722,19.2093,TLÁHUAC,Primaria,75.0
09DPR1111Z,DEFENSORES DE LA REPÚBLICA,MATUTINO,2025-2026,29.3902,0.0,37.8049,70.7317,38.4146,19.6358,241.0,51.8293,241,09DPR1574H,DEFENSORES DE LA REPÚBLICA,-99.14263611,19.47421111,GUSTAVO A. MADERO,Primaria,100.0
09DPR5113Z,REPÚBLICA DE LA INDIA,VESPERTINO,2024-2025,29.3827,20.9877,51.0288,38.2716,36.6255,19.1394,259.0,42.7984,259,09DPR5113Z,REPÚBLICA DE LA INDIA,-99.12222222,19.19843889,XOCHIMILCO,Primaria,79.0123
09DPR0036C,VINI CUBI,VESPERTINO,2024-2025 | 2025-2026,29.3793,26.2069,38.6207,55.8621,26.2069,17.1935,182.0,45.5172,182,09DPR3202E,VINI CUBI,-99.30032222,19.34745556,CUAJIMALPA DE MORELOS,Primaria,73.7931
09DPR1114X,JUAN TELLEZ VARGAS,MATUTINO,2024-2025 | 2025-2026,29.3458,0.0,42.0561,61.215,43.4579,19.9371,218.0,54.6729,218,09DPR1114X,JUAN TELLEZ VARGAS,-99.149125,19.44508889,CUAUHTÉMOC,Primaria,100.0
09DPR2140B,EMILIANO ZAPATA,MATUTINO,2024-2025 | 2025-2026,29.3333,11.4286,37.7778,61.9048,35.5556,,,49.2063,309,09DPR1320F,EMILIANO ZAPATA,-99.10103333,19.32441667,IZTAPALAPA,Primaria,88.5714
09DPR2151H,CONGRESO DE CHILPANCINGO,MATUTINO,2024-2025 | 2025-2026,29.3333,2.7586,40.0,66.6667,37.2414,19.371,584.0,53.1034,584,09DPR0986B,CONGRESO DE CHILPANCINGO,-99.06973611,19.42651944,VENUSTIANO CARRANZA,Primaria,97.2414
09DPR1094Z,CANADA,MATUTINO,2024-2025 | 2025-2026,29.322,0.3632,49.2736,61.6223,35.3511,17.8184,805.0,48.9104,805,09DJN0732J,CANADA,-99.13153889,19.37596111,IZTAPALAPA,Preescolar,99.6368
09DPR1922Y,PROFR. ONOFRE MELENDEZ B.,MATUTINO,2025-2026,29.3194,0.0,61.7801,48.6911,36.1257,18.2653,193.0,48.6911,193,09DPR1563B,PROFR. ONOFRE MELENDEZ B.,-99.26976667,19.32872222,ÁLVARO OBREGÓN,Primaria,100.0
09DPR2570S,REPÚBLICA DE YUGOSLAVIA,MATUTINO,2024-2025 | 2025-2026,29.3134,0.8955,42.9851,58.5075,44.1791,20.4147,348.0,50.7463,348,09DPR2570S,REPÚBLICA DE YUGOSLAVIA,-99.11632222,19.41968056,VENUSTIANO CARRANZA,Primaria,99.1045
09DPR3125Q,GRAL. HERIBERTO JARA,MATUTINO,2024-2025 | 2025-2026,29.3082,15.8805,36.1635,64.3082,30.1887,18.0333,572.0,44.6541,572,09DPR3125Q,GRAL. HERIBERTO JARA,-99.13939722,19.56461944,GUSTAVO A. MADERO,Primaria,84.1195
09DPR3155K,PROFR. MANUEL VILLASEÑOR,MATUTINO,2024-2025 | 2025-2026,29.3061,4.0816,41.2245,54.2857,46.9388,19.7345,465.0,50.2041,465,09DPR3155K,PROFR. MANUEL VILLASEÑOR,-99.05008889,19.33380833,IZTAPALAPA,Primaria,95.9184
09DPR1751V,ANGEL ANGUIANO,MATUTINO,2024-2025 | 2025-2026,29.3023,0.0,54.2636,54.2636,37.9845,19.0519,148.0,53.4884,148,09DPR1751V,ANGEL ANGUIANO,-99.19555278,19.40471111,MIGUEL HIDALGO,Primaria,100.0
09DPR0142M,PROFRA. MARIA EPIGMENIA ARRIAGA SALGADO,MATUTINO,2024-2025 | 2025-2026,29.2982,0.4386,43.8596,67.1053,35.0877,18.3439,293.0,50.4386,293,09DPR0142M,PROFRA. MARIA EPIGMENIA ARRIAGA SALGADO,-99.10415556,19.31105,COYOACÁN,Primaria,99.5614
09DPR1388M,PROFR. ARQUELES VELA,VESPERTINO,2024-2025 | 2025-2026,29.2857,46.4286,29.7619,43.4524,26.7857,,,35.119,186,09DPR1403O,PROFR. ARQUELES VELA,-99.06222222,19.47386389,GUSTAVO A. MADERO,Primaria,53.5714
09DPR1165D,CONSTITUCION DE 1857,MATUTINO,2024-2025 | 2025-2026,29.2857,1.1905,31.5476,75.5952,38.0952,,,54.7619,234,09DPR1165D,CONSTITUCION DE 1857,-99.15637222,19.40941667,CUAUHTÉMOC,Primaria,98.8095
09DPR1635E,GRAL. CESAR LÓPEZ DE LARA,MATUTINO,2024-2025 | 2025-2026,29.2671,37.1158,37.3522,42.7896,29.078,,,42.3168,393,09DPR1635E,GRAL. CESAR LÓPEZ DE LARA,-99.21181111,19.48005833,AZCAPOTZALCO,Primaria,62.8842
09DPR5126C,RAMON G. BONFIL,MATUTINO,2024-2025,29.2632,13.6842,57.2632,39.5789,35.7895,18.0217,503.0,44.6316,503,09DPR5126C,RAMON G. BONFIL,-98.99270556,19.21441389,MILPA ALTA,Primaria,86.3158
09DPR2040C,TEUHTLI,MATUTINO,2024-2025 | 2025-2026,29.2614,30.6818,28.4091,54.5455,32.6705,19.2848,456.0,40.9091,456,09DJN1164O,TEUHTLI,-99.03056111,19.24948333,XOCHIMILCO,Preescolar,69.3182
09DPR5061J,MACUILXOCHITZIN,VESPERTINO,2024-2025 | 2025-2026,29.2486,3.4682,58.3815,52.6012,31.7919,19.1973,273.0,50.289,273,09DPR5042V,MACUILXOCHITZIN,-99.02705278,19.3281,IZTAPALAPA,Primaria,96.5318
09DPR1701N,LEOPOLDO E. CAMARENA,MATUTINO,2025-2026,29.2414,0.0,38.6207,71.0345,36.5517,18.5622,160.0,55.1724,160,09DPR1701N,LEOPOLDO E. CAMARENA,-99.17634444,19.4546,MIGUEL HIDALGO,Primaria,100.0
09DPR3167P,MUJERES INSURGENTES,MATUTINO,2024-2025 | 2025-2026,29.2398,2.3392,40.9357,57.3099,45.614,19.2387,425.0,47.9532,425,09DPR5015Y,MUJERES INSURGENTES,-99.08909722,19.31590556,IZTAPALAPA,Primaria,97.6608
09DPR4224X,MARTÍN LUIS GUZMAN,MATUTINO,2024-2025,29.2373,27.9661,26.2712,58.8983,33.0508,18.8017,251.0,40.2542,251,09DPR3109Z,MARTÍN LUIS GUZMAN,-99.16310833,19.32626111,COYOACÁN,Primaria,72.0339
09DPR1284R,JESUS GONZÁLEZ ORTEGA,MATUTINO,2024-2025 | 2025-2026,29.2308,0.0,36.2637,68.6813,41.2088,19.3963,205.0,52.7473,205,09DPR1284R,JESUS GONZÁLEZ ORTEGA,-99.13809722,19.38216111,BENITO JUÁREZ,Primaria,100.0
09DPR1273L,JOSÉ MARIANO JIMÉNEZ,VESPERTINO,2024-2025 | 2025-2026,29.2308,0.0,60.2564,51.2821,34.6154,19.4826,195.0,55.7692,195,09DPR1273L,JOSÉ MARIANO JIMÉNEZ,-99.04294167,19.34623889,IZTAPALAPA,Primaria,100.0
09DPR2165K,LORENZO PEDRERO PADILLA,MATUTINO,2024-2025 | 2025-2026,29.2248,30.2326,35.6589,53.876,26.3566,,,38.3721,245,09DPR2165K,LORENZO PEDRERO PADILLA,-99.14999444,19.49894722,GUSTAVO A. MADERO,Primaria,69.7674
09DPR0923Q,REPÚBLICA FEDERAL DE ALEMANIA,MATUTINO,2024-2025 | 2025-2026,29.2135,1.3483,44.2697,62.4719,37.9775,19.4746,466.0,52.809,466,09DPR0921S,REPÚBLICA FEDERAL DE ALEMANIA,-99.09701944,19.3947,IZTACALCO,Primaria,98.6517
09DPR2087X,24 DE FEBRERO,MATUTINO,2024-2025 | 2025-2026,29.2058,0.1805,33.0325,71.1191,41.6968,19.213,545.0,53.4296,545,09DPR2087X,24 DE FEBRERO,-99.01290556,19.36859167,IZTAPALAPA,Primaria,99.8195
09DPR2379L,DR. BELISARIO DOMÍNGUEZ,MATUTINO,2024-2025 | 2025-2026,29.1954,0.3831,42.9119,69.3487,33.3333,19.2548,299.0,55.5556,299,09DBN0121A,DR. BELISARIO DOMÍNGUEZ,-99.14711111,19.43889722,CUAUHTÉMOC,Primaria,99.6169
09DPR1638B,NORMAN E. BORLAUG,VESPERTINO,2024-2025 | 2025-2026,29.1892,38.9961,36.2934,41.6988,28.9575,,,39.3822,293,09DPR1633G,NORMAN E. BORLAUG,-99.21329167,19.48395,AZCAPOTZALCO,Primaria,61.0039
09DPR2238M,CUAUHTÉMOC,VESPERTINO,2024-2025,29.1845,9.4421,65.2361,33.9056,37.3391,18.8327,275.0,44.206,275,09DES0319C,CUAUHTÉMOC,-99.06195278,19.32543056,IZTAPALAPA,Secundaria,90.5579
09DIX0035E,ESCUELA DE PARTICIPACIÓN SOCIAL NUMERO 5,MATUTINO,2024-2025 | 2025-2026,29.1818,2.2727,69.5455,33.1818,40.9091,18.8716,291.0,45.9091,291,09DIX0035E,ESCUELA DE PARTICIPACIÓN SOCIAL NUMERO 5,-99.16736389,19.29194722,TLALPAN,Primaria,97.7273
09DPR2808M,GRAL. HERMINIO CHAVARRIA,VESPERTINO,2024-2025 | 2025-2026,29.1787,1.4493,58.4541,53.1401,32.8502,19.4684,303.0,53.1401,303,09DPR2808M,GRAL. HERMINIO CHAVARRIA,-99.03313333,19.35699722,IZTAPALAPA,Primaria,98.5507
09DPR3092P,GRAL. HERIBERTO JARA,VESPERTINO,2024-2025 | 2025-2026,29.1549,22.8873,36.9718,59.1549,26.7606,18.5294,379.0,42.2535,379,09DPR3125Q,GRAL. HERIBERTO JARA,-99.13939722,19.56461944,GUSTAVO A. MADERO,Primaria,77.1127
09DPR3196K,PROFR. SIMITRIO RAMIREZ HERNANDEZ,MATUTINO,2024-2025,29.1386,17.0412,58.0524,32.2097,38.3895,19.0867,597.0,43.4457,597,09DPR3174Z,PROFR. SIMITRIO RAMIREZ HERNANDEZ,-99.26044167,19.31181111,LA MAGDALENA CONTRERAS,Primaria,82.9588
09DPR3213K,PROFR. PRISCILIANO MARTÍNEZ LÓPEZ,MATUTINO,2024-2025 | 2025-2026,29.1189,1.3216,35.2423,71.1454,37.8855,18.7483,472.0,52.2026,472,09DPR3213K,PROFR. PRISCILIANO MARTÍNEZ LÓPEZ,-99.05428333,19.39783889,IZTAPALAPA,Primaria,98.6784
09DPR5108N,MARGARITA MAGON DE FLORES,VESPERTINO,2024-2025,29.115,20.354,57.0796,33.6283,34.5133,18.6533,227.0,43.3628,227,09DPR2870P,MARGARITA MAGON DE FLORES,-99.10273889,19.24116944,XOCHIMILCO,Primaria,79.646
09DPR2051I,QUIRINO MENDOZA Y CORTES,MATUTINO,2024-2025,29.1083,17.3567,47.293,38.8535,42.0382,19.7963,733.0,43.4713,733,09DPR2051I,QUIRINO MENDOZA Y CORTES,-99.10673333,19.25687778,XOCHIMILCO,Primaria,82.6433
09DPR2968Z,PROFR. CASTULO RAMÍREZ LUGO,VESPERTINO,2024-2025 | 2025-2026,29.1057,0.0,43.9024,62.6016,39.0244,19.1878,206.0,50.4065,206,09DPR2968Z,PROFR. CASTULO RAMÍREZ LUGO,-99.01874444,19.37861111,IZTAPALAPA,Primaria,100.0
09DPR2400Y,LISANDRO CALDERON,MATUTINO,2024-2025 | 2025-2026,29.0909,1.3636,48.1818,64.5455,31.3636,18.1425,339.0,50.4545,339,09DPR2400Y,LISANDRO CALDERON,-99.12685833,19.46082222,CUAUHTÉMOC,Primaria,98.6364
09DPR1930G,JUVENTINO ROSAS,VESPERTINO,2024-2025,29.0909,27.2727,50.0,40.9091,27.2727,19.2719,82.0,38.6364,82,09DPR0935V,JUVENTINO ROSAS,-99.13183611,19.55981667,GUSTAVO A. MADERO,Primaria,72.7273
09DPR1172N,CARLOS A. CARRILLO,MATUTINO,2024-2025 | 2025-2026,29.0667,1.3333,60.0,36.0,48.0,20.9564,246.0,45.3333,246,09DJN0847K,CARLOS A. CARRILLO,-99.15498889,19.30743056,COYOACÁN,Preescolar,98.6667
09DPR5111A,FRANCISCO HERNANDEZ MERCADO,MATUTINO,2024-2025,29.0598,0.0,48.7179,62.3932,34.188,18.6538,163.0,46.1538,163,09DPR5111A,FRANCISCO HERNANDEZ MERCADO,-99.13152778,19.54294722,GUSTAVO A. MADERO,Primaria,100.0
09DPR1370N,MERCED HIDALGO MONROY DE LA TORRE,MATUTINO,2024-2025 | 2025-2026,29.0566,14.6226,35.3774,54.717,40.566,19.2724,190.0,49.0566,190,09DPR1370N,MERCED HIDALGO MONROY DE LA TORRE,-99.10414167,19.49126944,GUSTAVO A. MADERO,Primaria,85.3774
09DPR5106P,TETLALMANCHE,MATUTINO,2025-2026,29.0429,23.4323,42.9043,41.9142,36.9637,19.0311,475.0,41.2541,475,09DPR5106P,TETLALMANCHE,-98.99354167,19.34011667,IZTAPALAPA,Primaria,76.5677
09DPR1358S,ANDRES OSUNA,MATUTINO,2024-2025 | 2025-2026,29.0291,20.1456,40.7767,48.7864,35.4369,19.6509,376.0,46.6019,376,09DPR1358S,ANDRES OSUNA,-99.10392222,19.47929167,GUSTAVO A. MADERO,Primaria,79.8544
09DPR5052B,ACAHUALTEPEC,MATUTINO,2025-2026,29.0205,0.2278,52.8474,52.3918,39.6355,18.7261,446.0,52.164,446,09DPR5062I,ACAHUALTEPEC,-99.00918333,19.34266667,IZTAPALAPA,Primaria,99.7722
09DPR1978Z,PROFR. CARLOS HERNÁNDEZ SELVAS,MATUTINO,2024-2025 | 2025-2026,29.0196,0.9804,53.268,47.3856,43.4641,20.0374,391.0,48.0392,391,09DPR1978Z,PROFR. CARLOS HERNÁNDEZ SELVAS,-99.15910833,19.32479167,COYOACÁN,Primaria,99.0196
09DPR1916N,PROCERES DE LA REFORMA,MATUTINO,2024-2025,29.0169,37.9661,25.0847,55.9322,26.1017,18.5896,329.0,38.9831,329,09DPR1916N,PROCERES DE LA REFORMA,-99.21713611,19.332725,LA MAGDALENA CONTRERAS,Primaria,62.0339
09DPR1375I,MÉXICO,MATUTINO,2024-2025 | 2025-2026,29.0083,15.7025,41.7355,54.9587,32.6446,,,48.3471,225,09DES0124Q,MÉXICO,-99.17326667,19.46148889,AZCAPOTZALCO,Secundaria,84.2975
09DPR1673H,PROFR. ISIDRO C. TORRES MORENO,MATUTINO,2025-2026,29.0047,0.0,49.763,57.346,37.9147,18.8362,286.0,53.0806,286,09DPR1673H,PROFR. ISIDRO C. TORRES MORENO,-99.11395556,19.39012778,IZTACALCO,Primaria,100.0
09DPR3271A,PROFR. ERNESTO MORENO BELLO,VESPERTINO,2024-2025 | 2025-2026,28.9899,25.7576,48.7374,41.4141,29.0404,,,44.4444,399,09DPR3271A,PROFR. ERNESTO MORENO BELLO,-99.14069722,19.56103889,GUSTAVO A. MADERO,Primaria,74.2424
09DPR1675F,BENITO JUÁREZ,MATUTINO,2024-2025 | 2025-2026,28.988,0.3614,29.8795,75.9036,38.7952,19.5634,929.0,52.6506,929,09DPR2241Z,BENITO JUÁREZ,-99.32901667,19.33125556,CUAJIMALPA DE MORELOS,Primaria,99.6386
09DPR2144Y,MARGARITA MAZA DE JUÁREZ,MATUTINO,2024-2025 | 2025-2026,28.9744,0.9615,32.3718,65.3846,46.1538,19.3959,345.0,51.2821,345,09DES4099I,MARGARITA MAZA DE JUÁREZ,-99.078625,19.49635278,GUSTAVO A. MADERO,Secundaria,99.0385
09DPR1371M,MTRO. MIGUEL A. QUINTANA,VESPERTINO,2024-2025 | 2025-2026,28.961,21.7532,43.1818,54.2208,25.6494,17.887,278.0,44.1558,278,09DPR1371M,MTRO. MIGUEL A. QUINTANA,-99.13036944,19.5009,GUSTAVO A. MADERO,Primaria,78.24680000000001
09DPR3133Z,ESTADO DE MICHOACAN,MATUTINO,2024-2025 | 2025-2026,28.9552,3.1716,45.3358,54.4776,41.791,20.4771,644.0,50.7463,644,09DJN0245S,ESTADO DE MICHOACAN,-99.13014444,19.46014167,CUAUHTÉMOC,Preescolar,96.8284
09DPR0981G,ESTADOS UNIDOS MEXICANOS,MATUTINO,2024-2025 | 2025-2026,28.9498,0.9132,57.5342,49.7717,36.5297,18.3205,279.0,49.7717,279,09DPR0981G,ESTADOS UNIDOS MEXICANOS,-99.10908333,19.417375,VENUSTIANO CARRANZA,Primaria,99.0868
09DPR2624F,PROFR. SOSTENES NICOLAS CHAPA NIETO,MATUTINO,2025-2026,28.9474,0.0,62.0301,39.0977,43.609,18.9739,362.0,46.2406,362,09DPR2624F,PROFR. SOSTENES NICOLAS CHAPA NIETO,-99.19134722,19.27183333,TLALPAN,Primaria,100.0
09DPR2133S,OBRERO MEXICANO,MATUTINO,2024-2025 | 2025-2026,28.9451,18.1435,35.2321,58.4388,32.9114,,,48.1013,399,09DPR2133S,OBRERO MEXICANO,-99.17377778,19.50401111,AZCAPOTZALCO,Primaria,81.8565
09DPR3127O,CULTURA AZTECA,MATUTINO,2024-2025,28.9123,13.8596,51.2281,40.5263,38.9474,19.166,599.0,44.0351,599,09DPR3127O,CULTURA AZTECA,-99.02143611,19.18778333,MILPA ALTA,Primaria,86.1404
09DPR2080D,"FERNANDO CELADA, CLUB DE LEONES DE LA CIUDAD DE MÉXICO NO 5",MATUTINO,2024-2025 | 2025-2026,28.8916,15.6404,52.5862,33.2512,42.9803,19.2753,882.0,43.1034,882,09DPR2081C,"FERNANDO CELADA, CLUB DE LEONES DE LA CIUDAD DE MÉXICO NO 5",-99.10186944,19.26535,XOCHIMILCO,Primaria,84.3596
09DPR1061I,MANUEL M. PONCE,MATUTINO,2024-2025 | 2025-2026,28.8889,8.0247,40.7407,62.963,32.716,17.7713,166.0,48.1481,166,09DPR1062H,MANUEL M. PONCE,-99.10766111,19.439,VENUSTIANO CARRANZA,Primaria,91.9753
09DPR3034Z,TONATIUH,MATUTINO,2024-2025 | 2025-2026,28.878,13.1707,50.7317,62.6829,17.8049,,,47.8049,385,09DJN0303S,TONATIUH,-99.12626111,19.43449444,CUAUHTÉMOC,Preescolar,86.8293
09DPR2026J,CRISTÓBAL COLÓN,MATUTINO,2024-2025,28.8755,11.6466,52.4096,36.5462,43.7751,18.992,515.0,43.7751,515,09DPR2024L,CRISTÓBAL COLÓN,-98.96447222,19.22480278,TLÁHUAC,Primaria,88.3534
09DPR1280V,JAPON,MATUTINO,2024-2025 | 2025-2026,28.8636,0.0,45.4545,56.8182,42.0455,19.8385,221.0,52.2727,221,09DJN0207P,JAPON,-99.10925278,19.48650556,GUSTAVO A. MADERO,Preescolar,100.0
09DPR2497Z,ESTADO DE CHIHUAHUA,MATUTINO,2024-2025 | 2025-2026,28.8608,6.962,47.4684,62.0253,27.8481,18.4047,308.0,53.7975,308,09DPR2497Z,ESTADO DE CHIHUAHUA,-99.14231667,19.44878889,CUAUHTÉMOC,Primaria,93.038
09DPR1000V,PROFR. CLAUDIO CORTES CASTRO,MATUTINO,2024-2025 | 2025-2026,28.8554,1.506,40.3614,62.3494,40.0602,19.3058,337.0,50.9036,337,09DBS0017K,PROFR. CLAUDIO CORTES CASTRO,-99.07189444,19.40201111,IZTACALCO,Adultos - Secundaria,98.494
09DPR2191I,LEYES DE REFORMA,MATUTINO,2024-2025 | 2025-2026,28.8525,16.1593,35.8314,63.9344,28.3372,,,46.37,368,09DPR2149T,LEYES DE REFORMA,-99.14991667,19.4633,AZCAPOTZALCO,Primaria,83.8407
09DPR1406L,LA PRADERA,MATUTINO,2024-2025 | 2025-2026,28.8472,20.6434,41.555,55.2279,26.8097,,,47.185,347,09DJN0296Z,LA PRADERA,-99.06830833,19.474375,GUSTAVO A. MADERO,Preescolar,79.3566
09DPR2031V,BENITO JUÁREZ,MATUTINO,2024-2025,28.8439,17.341,42.4855,49.1329,35.2601,18.3766,408.0,41.6185,408,09DPR2241Z,BENITO JUÁREZ,-99.32901667,19.33125556,CUAJIMALPA DE MORELOS,Primaria,82.65899999999999
09DPR1078I,PRESIDENTE JOHN F KENNEDY,MATUTINO,2024-2025 | 2025-2026,28.8372,0.2584,54.522,51.6796,37.7261,20.3307,424.0,53.4884,424,09DPR1078I,PRESIDENTE JOHN F KENNEDY,-99.11802222,19.42242778,VENUSTIANO CARRANZA,Primaria,99.7416
09DPR1245P,OBRERO MEXICANO,VESPERTINO,2024-2025 | 2025-2026,28.8333,18.3333,43.3333,56.6667,25.8333,18.1222,113.0,50.8333,113,09DPR2133S,OBRERO MEXICANO,-99.17377778,19.50401111,AZCAPOTZALCO,Primaria,81.66669999999999
09DPR2039N,TLAMACHKALI,VESPERTINO,2024-2025 | 2025-2026,28.8333,20.8333,53.3333,33.3333,36.6667,,,40.0,201,09DPR2038O,TLAMACHKALI,-99.05461111,19.29997222,TLÁHUAC,Primaria,79.16669999999999
09DPR1649H,MARTÍN OYAMBURU,MATUTINO,2024-2025 | 2025-2026,28.8328,19.8738,46.3722,44.4795,33.4385,,,43.5331,310,09DBS0002I,MARTÍN OYAMBURU,-99.19761389,19.49719444,AZCAPOTZALCO,Adultos - Secundaria,80.1262
09DPR2635L,PROFRA. MA. ADELINA FLORES MORALES,MATUTINO,2024-2025 | 2025-2026,28.8254,2.5397,41.2698,63.8095,36.5079,,,48.8889,342,09DPR2635L,PROFRA. MA. ADELINA FLORES MORALES,-99.24955,19.32509444,LA MAGDALENA CONTRERAS,Primaria,97.4603
09DPR1734E,ANTONIO CASO,MATUTINO,2024-2025 | 2025-2026,28.806,0.0,35.0746,71.6418,37.3134,18.6929,151.0,49.2537,151,09DJN0263H,ANTONIO CASO,-99.14985833,19.47931111,AZCAPOTZALCO,Preescolar,100.0
09DPR5152A,TLAHCUILO,MATUTINO,2024-2025,28.8034,16.6667,53.4188,35.0427,38.8889,18.9208,465.0,42.094,465,09DPR5152A,TLAHCUILO,-98.99183889,19.17214444,MILPA ALTA,Primaria,83.33330000000001
09DPR0137A,PROFR. RAMIRO SÁNCHEZ LÓPEZ,VESPERTINO,2024-2025 | 2025-2026,28.8022,0.2786,55.1532,49.8607,38.7187,18.8856,492.0,54.3175,492,09DPR0112S,PROFR. RAMIRO SÁNCHEZ LÓPEZ,-99.02755833,19.33089722,IZTAPALAPA,Primaria,99.7214
09DPR1110A,MAESTRO FRANCISCO MONTES DE OCA,MATUTINO,2024-2025 | 2025-2026,28.7912,4.3956,39.5604,74.7253,25.2747,,,47.2527,116,09DPR1110A,MAESTRO FRANCISCO MONTES DE OCA,-99.17178889,19.40798056,CUAUHTÉMOC,Primaria,95.6044
09DPR1654T,LIBERACION CAMPESINA,MATUTINO,2024-2025 | 2025-2026,28.7901,26.6667,28.642,58.0247,30.6173,,,44.4444,396,09DPR1654T,LIBERACION CAMPESINA,-99.20828056,19.49082222,AZCAPOTZALCO,Primaria,73.33330000000001
09DPR1647J,MI PATRIA ES PRIMERO,MATUTINO,2024-2025 | 2025-2026,28.7712,18.2203,26.9068,68.2203,30.5085,18.2294,277.0,42.5847,277,09DPR3045E,MI PATRIA ES PRIMERO,-99.06026111,19.36169167,IZTAPALAPA,Primaria,81.77969999999999
09DPR1688J,GRAL. PEDRO A. OGAZON,MATUTINO,2024-2025 | 2025-2026,28.7625,0.0,55.8528,53.5117,34.4482,18.6362,291.0,54.5151,291,09DPR1688J,GRAL. PEDRO A. OGAZON,-99.19626944,19.45613056,MIGUEL HIDALGO,Primaria,100.0
09DPR1254X,LUIS G. MONZON,MATUTINO,2024-2025 | 2025-2026,28.7611,2.2124,38.4956,60.6195,42.4779,19.7085,260.0,48.2301,260,09DPR1253Y,LUIS G. MONZON,-99.06698611,19.34454722,IZTAPALAPA,Primaria,97.7876
09DPR1386O,PROFR. CELSO FLORES ZAMORA,VESPERTINO,2024-2025 | 2025-2026,28.7591,16.7883,54.0146,43.7956,29.1971,19.5198,115.0,47.4453,115,09DPR1382S,PROFR. CELSO FLORES ZAMORA,-99.08965833,19.50573333,GUSTAVO A. MADERO,Primaria,83.21170000000001
09DPR1181V,BEATRIZ VELASCO DE ALEMÁN,MATUTINO,2025-2026,28.75,0.0,45.1923,64.9038,33.6538,19.1939,220.0,54.8077,220,09DPR1181V,BEATRIZ VELASCO DE ALEMÁN,-99.110825,19.36713889,IZTAPALAPA,Primaria,100.0
09DPR1985J,GENERAL FELIPE ANGELES,MATUTINO,2025-2026,28.7368,0.0,62.6316,27.3684,53.6842,20.3011,320.0,45.7895,320,09DPR1985J,GENERAL FELIPE ANGELES,-99.17483611,19.29858889,TLALPAN,Primaria,100.0
09DPR2922E,RICARDO GARCÍA ZAMUDIO,VESPERTINO,2024-2025 | 2025-2026,28.731,2.5381,47.7157,50.7614,42.6396,19.2299,266.0,49.2386,266,09DPR2922E,RICARDO GARCÍA ZAMUDIO,-99.00776389,19.34801389,IZTAPALAPA,Primaria,97.4619
09DPR1355V,JAIME TORRES BODET,MATUTINO,2024-2025 | 2025-2026,28.7154,21.6625,37.2796,52.1411,32.4937,19.9824,355.0,42.8212,355,09DES0058H,JAIME TORRES BODET,-99.08787222,19.47740556,GUSTAVO A. MADERO,Secundaria,78.3375
09DPR2934J,DR. NABOR CARRILLO FLORES,MATUTINO,2024-2025,28.7032,22.7666,46.1095,41.4986,33.1412,18.8108,432.0,39.7695,432,09DPR2934J,DR. NABOR CARRILLO FLORES,-99.24918056,19.31697222,LA MAGDALENA CONTRERAS,Primaria,77.2334
09DPR1091C,GUILLERMO BONILLA S.,MATUTINO,2024-2025 | 2025-2026,28.694,13.2554,32.3587,60.2339,37.6218,,,46.9786,600,09DPR1091C,GUILLERMO BONILLA S.,-99.06549444,19.38488333,IZTACALCO,Primaria,86.7446
09DPR1074M,MTRO. JOSÉ MARIANO PONTON,MATUTINO,2024-2025 | 2025-2026,28.6842,0.6579,55.9211,53.2895,33.5526,18.6741,164.0,51.9737,164,09DPR1073N,MTRO. JOSÉ MARIANO PONTON,-99.08633611,19.41612222,VENUSTIANO CARRANZA,Primaria,99.3421
09DPR2687R,ZAMBIA,VESPERTINO,2024-2025 | 2025-2026,28.6667,0.0,53.3333,53.3333,36.6667,18.5673,95.0,50.0,95,09DPR2687R,ZAMBIA,-99.20903611,19.36828889,ÁLVARO OBREGÓN,Primaria,100.0
09DPR3065S,PROFR. QUINTIL GOMEZ ÁLVAREZ,MATUTINO,2024-2025 | 2025-2026,28.6624,17.8344,33.4395,57.0064,35.0318,,,46.8153,291,09DPR3065S,PROFR. QUINTIL GOMEZ ÁLVAREZ,-99.08194722,19.47845278,GUSTAVO A. MADERO,Primaria,82.1656
09DPR2571R,CELERINO CANO PALACIO,MATUTINO,2024-2025 | 2025-2026,28.6614,0.3937,42.9134,62.5984,37.4016,,,47.6378,306,09DPR2571R,CELERINO CANO PALACIO,-99.10575833,19.41415556,VENUSTIANO CARRANZA,Primaria,99.6063
09DPR2020P,FRANCISCO HERNÁNDEZ DE CÓRDOBA,MATUTINO,2024-2025 | 2025-2026,28.6349,25.2381,38.254,43.6508,36.0317,19.7244,645.0,38.8889,645,09DPR2721H,FRANCISCO HERNANDEZ DE CORDOBA,-98.99442778,19.24350833,TLÁHUAC,Primaria,74.7619
09DPR2503U,ESPAÑA,MATUTINO,2024-2025 | 2025-2026,28.626,0.0,49.2366,57.2519,36.6412,18.9682,291.0,53.0534,291,09DPR2503U,ESPAÑA,-99.132225,19.42657222,CUAUHTÉMOC,Primaria,100.0
09DPR1854R,DR. SAMUEL RAMOS,MATUTINO,2024-2025 | 2025-2026,28.6192,0.4184,59.8326,35.5649,47.2803,19.3836,270.0,46.8619,270,09DPR2292G,DR. SAMUEL RAMOS,-99.19883056,19.37474722,ÁLVARO OBREGÓN,Primaria,99.5816
09DPR1257U,GENERAL LUCIO BLANCO,MATUTINO,2024-2025 | 2025-2026,28.6,1.3333,36.0,61.0,44.6667,19.3633,498.0,48.0,498,09DPR1257U,GENERAL LUCIO BLANCO,-99.01864167,19.36348889,IZTAPALAPA,Primaria,98.6667
09DPR4021B,AURELIO HIDALGO,VESPERTINO,2024-2025 | 2025-2026,28.5976,0.3049,56.4024,42.9878,43.2927,18.815,461.0,47.8659,461,09DPR0134D,AURELIO HIDALGO,-99.24868333,19.33176111,ÁLVARO OBREGÓN,Primaria,99.6951
09DPR1909D,RUBEN DARIO,VESPERTINO,2024-2025,28.5965,19.2982,70.1754,24.5614,28.9474,17.9576,162.0,42.9825,162,09DPR1907F,RUBEN DARIO,-99.24196667,19.316625,LA MAGDALENA CONTRERAS,Primaria,80.70179999999999
09DPR1975C,DIEGO RIVERA,MATUTINO,2024-2025 | 2025-2026,28.5932,19.3916,49.4297,36.8821,37.2624,20.0206,285.0,44.1065,285,09PPR1011F,DIEGO RIVERA,-99.249495,19.361969,ÁLVARO OBREGÓN,Primaria,80.6084
09DPR1403O,PROFR. ARQUELES VELA,MATUTINO,2024-2025 | 2025-2026,28.5714,33.3333,36.3946,53.0612,20.068,14.5735,336.0,39.1156,336,09DPR1403O,PROFR. ARQUELES VELA,-99.06222222,19.47386389,GUSTAVO A. MADERO,Primaria,66.66669999999999
09DPR1810U,MANUEL DOBLADO,MATUTINO,2025-2026,28.5714,0.0,59.7403,48.0519,35.0649,18.7423,211.0,51.9481,211,09DPR1810U,MANUEL DOBLADO,-99.21011667,19.39922222,ÁLVARO OBREGÓN,Primaria,100.0
09DPR2519V,MAO TSE TUNG,VESPERTINO,2025-2026,28.5714,0.0,67.2269,42.8571,32.7731,18.942,130.0,52.1008,130,09DPR2424H,MAO TSE TUNG,-99.11364722,19.38351389,IZTACALCO,Primaria,100.0
09DPR0021A,PROFRA. LEONOR LEAÑOS NAVARRO,MATUTINO,2024-2025 | 2025-2026,28.565,24.8879,52.6906,30.4933,34.7534,18.2254,460.0,39.2377,460,09DPR4014S,PROFRA. LEONOR LEAÑOS NAVARRO,-99.26513333,19.30925833,LA MAGDALENA CONTRERAS,Primaria,75.1121
09DPR3222S,PROFR. ERNESTO MORENO BELLO,MATUTINO,2024-2025 | 2025-2026,28.5581,25.8915,35.1938,47.907,33.7984,19.5096,583.0,42.3256,583,09DPR3271A,PROFR. ERNESTO MORENO BELLO,-99.14069722,19.56103889,GUSTAVO A. MADERO,Primaria,74.10849999999999
09DPR1027B,SIMON BOLIVAR,MATUTINO,2024-2025 | 2025-2026,28.5477,3.3195,33.195,66.805,39.4191,18.6576,262.0,45.6432,262,09DPR1027B,SIMON BOLIVAR,-99.09755833,19.44791111,VENUSTIANO CARRANZA,Primaria,96.6805
09DPR2446T,PROFRA. ROSA TORRE GONZÁLEZ,MATUTINO,2024-2025 | 2025-2026,28.5437,17.1521,31.068,59.8706,34.6278,,,45.3074,280,09DPR2446T,PROFRA. ROSA TORRE GONZÁLEZ,-99.20643889,19.50948611,AZCAPOTZALCO,Primaria,82.8479
09DPR1080X,GRAL. JUAN DE LA LUZ ENRIQUEZ,MATUTINO,2024-2025 | 2025-2026,28.5315,4.7203,47.7273,51.5734,38.6364,19.1232,597.0,49.1259,597,09DPR1080X,GRAL. JUAN DE LA LUZ ENRIQUEZ,-99.06160278,19.40627778,IZTACALCO,Primaria,95.2797
09DPR2041B,QUILAZTLI,MATUTINO,2024-2025,28.5047,17.757,54.2056,32.7103,37.8505,18.606,431.0,41.5888,431,09DPR2041B,QUILAZTLI,-99.10559444,19.25668333,XOCHIMILCO,Primaria,82.243
09DPR1867V,DOCTOR JESUS DIAZ DE LEON,VESPERTINO,2024-2025 | 2025-2026,28.5,15.0,50.0,50.0,27.5,17.9147,79.0,40.0,79,09DPR1867V,DOCTOR JESUS DIAZ DE LEON,-99.190525,19.38090278,BENITO JUÁREZ,Primaria,85.0
09DPR1196X,TEOFILO CEDILLO GRANADOS,VESPERTINO,2024-2025 | 2025-2026,28.5,1.6667,53.3333,55.8333,31.6667,17.7282,238.0,41.6667,238,09DBA0048E,TEOFILO CEDILLO GRANADOS,-99.09682222,19.35934722,IZTAPALAPA,Adultos - Primaria,98.3333
09DPR2062O,LIC. MIGUEL ALEMAN,MATUTINO,2024-2025,28.4956,33.3333,40.118,41.8879,27.1386,18.4398,405.0,37.4631,405,09DPR2062O,LIC. MIGUEL ALEMAN,-99.09549167,19.19437222,MILPA ALTA,Primaria,66.66669999999999
09DPR2371T,ARQ. MANUEL TOLSA,VESPERTINO,2025-2026,28.4615,0.0,61.5385,55.7692,25.0,17.4909,67.0,55.7692,67,09DPR2373R,ARQ. MANUEL TOLSA,-99.11286667,19.4454,VENUSTIANO CARRANZA,Primaria,100.0
09DPR2194F,EMPERADOR CUAUHTÉMOC,VESPERTINO,2024-2025 | 2025-2026,28.4559,19.1176,42.2794,53.3088,27.5735,18.5427,231.0,47.7941,231,09DPR2193G,EMPERADOR CUAUHTÉMOC,-99.05802222,19.44798611,GUSTAVO A. MADERO,Primaria,80.8824
09DPR2951Z,DR. NABOR CARRILLO FLORES,VESPERTINO,2024-2025,28.4444,20.0,38.8889,50.0,33.3333,19.0792,104.0,40.0,104,09DPR2934J,DR. NABOR CARRILLO FLORES,-99.24918056,19.31697222,LA MAGDALENA CONTRERAS,Primaria,80.0
09DPR2799V,JOSÉ ORTEGA Y GASSET,MATUTINO,2025-2026,28.4234,0.2252,43.9189,60.8108,37.1622,18.987,542.0,52.7027,542,09DPR2653A,JOSÉ ORTEGA Y GASSET,-99.01266111,19.34535833,IZTAPALAPA,Primaria,99.7748
09DPR3230A,PROFR. HUMBERTO ESPARZA VILLARREAL,VESPERTINO,2024-2025,28.4211,5.2632,38.5965,56.1404,42.1053,18.7259,64.0,45.614,64,09DPR3229L,PROFR. HUMBERTO ESPARZA VILLARREAL,-99.11946111,19.26406111,XOCHIMILCO,Primaria,94.7368
09DPR1504M,REPÚBLICA DEL CONGO,MATUTINO,2025-2026,28.4,0.0,53.3333,39.3333,49.3333,19.3889,177.0,50.0,177,09DPR1504M,REPÚBLICA DEL CONGO,-99.21956667,19.37143611,ÁLVARO OBREGÓN,Primaria,100.0
09DPR2391G,LEOPOLDO RIO DE LA LOZA,MATUTINO,2025-2026,28.3951,0.0,45.679,55.5556,40.7407,19.2671,110.0,54.321,110,09DPR2391G,LEOPOLDO RIO DE LA LOZA,-99.13253333,19.45033333,CUAUHTÉMOC,Primaria,100.0
09DPR2317Z,EFRAINA ROCHA MARTÍNEZ,MATUTINO,2024-2025 | 2025-2026,28.3871,1.0753,72.5806,23.1183,45.1613,18.7268,264.0,47.3118,264,09DPR2317Z,EFRAINA ROCHA MARTÍNEZ,-99.06936944,19.37109167,IZTAPALAPA,Primaria,98.9247
09DPR2128G,JULIO VERNE,VESPERTINO,2024-2025 | 2025-2026,28.381,33.3333,25.7143,53.3333,29.5238,19.6906,115.0,40.9524,115,09DES4287B,JULIO VERNE,-99.05103056,19.33368889,IZTAPALAPA,Secundaria,66.66669999999999
09DPR2460M,SOSTENES NICOLAS CHAPA NIETO,MATUTINO,2024-2025,28.3768,3.6072,54.509,38.6774,45.0902,18.8601,557.0,44.6894,557,09DPR2670R,SOSTENES NICOLAS CHAPA NIETO,-99.02920556,19.29536944,TLÁHUAC,Primaria,96.3928
09DPR2243Y,ANTONIA ARELLANO LUNA,MATUTINO,2024-2025 | 2025-2026,28.3607,0.0,47.541,63.1148,31.1475,20.2965,134.0,51.6393,134,09DPR2243Y,ANTONIA ARELLANO LUNA,-99.12778056,19.41809167,CUAUHTÉMOC,Primaria,100.0
09DPR2963E,GREGORIO TORRES QUINTERO,VESPERTINO,2024-2025 | 2025-2026,28.3607,20.4918,41.8033,55.7377,23.7705,,,44.2623,102,09DJN0910W,GREGORIO TORRES QUINTERO,-99.10751944,19.3193,COYOACÁN,Preescolar,79.5082
09DPR2676L,PROFR. VICTOR MANUEL MANZANO DELGADO,MATUTINO,2024-2025 | 2025-2026,28.3456,0.7353,56.8015,38.6029,45.5882,19.2119,668.0,46.875,668,09DPR2675M,PROFR. VICTOR MANUEL MANZANO DELGADO,-99.23513611,19.27704444,TLALPAN,Primaria,99.2647
09DPR0102L,EFRAIN HUERTA,MATUTINO,2024-2025 | 2025-2026,28.3448,15.8621,39.3103,45.8621,40.6897,23.136,548.0,46.5517,548,09DPR4019N,EFRAIN HUERTA,-99.25931111,19.32503333,ÁLVARO OBREGÓN,Primaria,84.1379
09DPR5121H,OCTAVIO PAZ,MATUTINO,2024-2025,28.3447,16.78,66.4399,27.4376,31.0658,17.9665,461.0,41.9501,461,09DES0317E,OCTAVIO PAZ,-99.00510278,19.34070556,IZTAPALAPA,Secundaria,83.22
09DPR2023M,ANTONIO CASO,MATUTINO,2024-2025 | 2025-2026,28.3193,26.0504,18.2773,59.2437,38.0252,19.03,460.0,41.3866,460,09DJN0263H,ANTONIO CASO,-99.14985833,19.47931111,AZCAPOTZALCO,Preescolar,73.9496
09DPR2321L,IGNACIO M. ALTAMIRANO,MATUTINO,2024-2025 | 2025-2026,28.3168,0.0,45.5446,61.3861,34.6535,21.3193,229.0,53.9604,229,09DPR2321L,IGNACIO M. ALTAMIRANO,-99.14701667,19.43943889,CUAUHTÉMOC,Primaria,100.0
09DPR3096L,ING. ESTANISLAO RAMIREZ RUIZ,VESPERTINO,2024-2025,28.3099,19.0141,57.0423,28.8732,36.6197,19.5165,237.0,39.4366,237,09DPR2022N,ING. ESTANISLAO RAMÍREZ RUIZ,-99.00883611,19.27838611,TLÁHUAC,Primaria,80.9859
09DPR1934C,GRAL. JUAN N. ÁLVAREZ,MATUTINO,2024-2025 | 2025-2026,28.3041,4.0936,34.5029,63.1579,39.7661,18.698,209.0,47.9532,209,09DPR1931F,GRAL. JUAN N. ÁLVAREZ,-99.20147222,19.33354167,ÁLVARO OBREGÓN,Primaria,95.9064
09DPR1613T,ESTADO DE GUANAJUATO,MATUTINO,2024-2025 | 2025-2026,28.2963,12.5926,45.9259,49.6296,33.3333,,,45.1852,141,09DPR2132T,ESTADO DE GUANAJUATO,-99.18538611,19.49293611,AZCAPOTZALCO,Primaria,87.4074
09DPR0120A,PABLO PICASSO,MATUTINO,2025-2026,28.2955,0.0,40.3409,65.625,35.5114,19.2713,371.0,50.5682,371,09DPR0120A,PABLO PICASSO,-99.04627222,19.33695556,IZTAPALAPA,Primaria,100.0
09DPR2592D,EDUCACIÓN PARA TODOS,MATUTINO,2024-2025 | 2025-2026,28.284,15.0888,46.7456,43.787,35.7988,19.3016,328.0,45.5621,328,09DPR2781W,EDUCACIÓN PARA TODOS,-99.14467222,19.5293,GUSTAVO A. MADERO,Primaria,84.9112
09DIX0031I,ESCUELA DE PARTICIPACIÓN SOCIAL NUMERO 3,MATUTINO,2025-2026,28.2828,0.0,49.4949,51.0101,40.9091,18.5838,184.0,46.9697,184,09DIX0031I,ESCUELA DE PARTICIPACIÓN SOCIAL NUMERO 3,-99.10908889,19.39395556,IZTACALCO,Primaria,100.0
09DPR2663H,DR. SALVADOR ALLENDE,MATUTINO,2024-2025 | 2025-2026,28.2759,16.8966,27.069,64.3103,33.1034,,,43.7931,525,09DPR2663H,DR. SALVADOR ALLENDE,-99.148325,19.52493889,GUSTAVO A. MADERO,Primaria,83.1034
09DPR1600P,EL PENSADOR MEXICANO,MATUTINO,2024-2025 | 2025-2026,28.2684,0.2165,43.0736,61.2554,36.7965,19.171,456.0,50.0,456,09DPR1600P,EL PENSADOR MEXICANO,-99.15815556,19.44767222,CUAUHTÉMOC,Primaria,99.7835
09DPR2463J,FRAY PEDRO DE GANTE,MATUTINO,2024-2025 | 2025-2026,28.2645,0.6198,48.9669,56.405,35.3306,18.7876,581.0,52.2727,581,09DPR2463J,FRAY PEDRO DE GANTE,-99.13351111,19.42756111,CUAUHTÉMOC,Primaria,99.3802
09DPR2362L,REPÚBLICA DE LIBANO,MATUTINO,2025-2026,28.2553,0.0,50.2128,45.5319,45.5319,19.5598,249.0,45.9574,249,09DPR2362L,REPÚBLICA DE LIBANO,-99.12983056,19.42776389,CUAUHTÉMOC,Primaria,100.0
09DPR3236V,PROFRA. ELISA ACUÑA Y ROSSETTI,VESPERTINO,2025-2026,28.254,0.0,25.3968,68.254,47.619,19.2579,223.0,48.4127,223,09DPR3236V,PROFRA. ELISA ACUÑA Y ROSSETTI,-99.00428611,19.35111111,IZTAPALAPA,Primaria,100.0
09DPR3075Z,PROFRA. BEATRIZ DE GORTARI Y PÉREZ,VESPERTINO,2024-2025 | 2025-2026,28.2456,35.0877,45.614,35.9649,24.5614,,,40.3509,106,09DPR3075Z,PROFRA. BEATRIZ DE GORTARI Y PÉREZ,-99.06077778,19.46778611,GUSTAVO A. MADERO,Primaria,64.9123
09DPR2407R,GABRIEL LEYVA SOLANO,MATUTINO,2024-2025 | 2025-2026,28.2443,0.3817,27.0992,71.7557,41.9847,18.5278,296.0,46.9466,296,09DPR2407R,GABRIEL LEYVA SOLANO,-99.13286944,19.45626944,CUAUHTÉMOC,Primaria,99.6183
09DPR2628B,TLALOC,MATUTINO,2024-2025,28.2353,16.3866,49.5798,40.7563,34.4538,17.4548,247.0,42.8571,247,09DPR5063H,TLALOC,-99.05151944,19.36743889,IZTAPALAPA,Primaria,83.6134
09DPR1629U,TELPUCHCALLI,MATUTINO,2024-2025 | 2025-2026,28.2266,16.7488,32.0197,60.5911,31.7734,18.9725,364.0,44.8276,364,09DPR1629U,TELPUCHCALLI,-99.18806389,19.46779722,AZCAPOTZALCO,Primaria,83.2512
09DPR1391Z,MAESTRO CARLOS GONZÁLEZ PEÑA,MATUTINO,2024-2025 | 2025-2026,28.2222,17.2222,36.1111,48.8889,38.8889,19.3484,191.0,42.2222,191,09DBN0030J,MAESTRO CARLOS GONZÁLEZ PEÑA,-99.11182222,19.46091111,GUSTAVO A. MADERO,Primaria,82.7778
09DPR5012A,ITZCOATL,VESPERTINO,2024-2025,28.2105,18.9474,58.9474,28.0702,35.0877,18.9372,377.0,39.2982,377,09DPR5012A,ITZCOATL,-99.09598056,19.24245,XOCHIMILCO,Primaria,81.0526
09DPR3137V,PROFR. MIGUEL SÁNCHEZ RIVERA,MATUTINO,2025-2026,28.1955,0.0,49.6241,47.3684,43.985,18.8534,462.0,46.6165,462,09DPR2981U,PROFR. MIGUEL SÁNCHEZ RIVERA,-99.06730833,19.30570278,IZTAPALAPA,Primaria,100.0
09DPR2011H,LUIS DE LA BRENA,MATUTINO,2024-2025 | 2025-2026,28.1893,0.4115,40.1235,55.3498,45.0617,19.3402,486.0,49.177,486,09DPR2011H,LUIS DE LA BRENA,-99.163825,19.23459722,TLALPAN,Primaria,99.5885
09DPR3076Y,PROFRA. BEATRIZ DE GORTARI Y PÉREZ,MATUTINO,2024-2025 | 2025-2026,28.1731,39.4231,33.1731,39.6635,28.6058,19.8797,399.0,35.0962,399,09DPR3075Z,PROFRA. BEATRIZ DE GORTARI Y PÉREZ,-99.06077778,19.46778611,GUSTAVO A. MADERO,Primaria,60.5769
09DPR2696Z,MELCHOR OCAMPO,MATUTINO,2024-2025 | 2025-2026,28.1667,4.5833,55.4167,37.9167,42.9167,19.6283,305.0,46.6667,305,09DPR5081X,MELCHOR OCAMPO,-98.99296667,19.34795278,IZTAPALAPA,Primaria,95.4167
09DPR2063N,JUÁREZ Y CONSTITUCIÓN,MATUTINO,2024-2025,28.1654,8.7855,49.6124,43.6693,38.7597,18.4476,527.0,41.3437,527,09DPR2063N,JUÁREZ Y CONSTITUCIÓN,-99.01058889,19.25529167,XOCHIMILCO,Primaria,91.2145
09DPR0127U,PROFR. JOSÉ GONZÁLEZ VILLASEÑOR,MATUTINO,2024-2025 | 2025-2026,28.1432,0.2653,42.4403,54.6419,43.3687,19.6483,780.0,50.3979,780,09DPR0127U,PROFR. JOSÉ GONZÁLEZ VILLASEÑOR,-99.03801944,19.332175,IZTAPALAPA,Primaria,99.7347
09DPR3108Z,RICARDO GARCÍA ZAMUDIO,MATUTINO,2024-2025 | 2025-2026,28.134,2.8708,42.5837,55.9809,39.2344,20.6534,607.0,48.3254,607,09DPR2922E,RICARDO GARCÍA ZAMUDIO,-99.00776389,19.34801389,IZTAPALAPA,Primaria,97.1292
09DPR1421D,LIC. JUAN ANTONIO DE LA FUENTE,MATUTINO,2024-2025 | 2025-2026,28.1206,48.4919,29.2343,38.9791,23.8979,19.3027,355.0,33.8747,355,09DPR1425Z,LIC. JUAN ANTONIO DE LA FUENTE,-99.13038889,19.47660278,GUSTAVO A. MADERO,Primaria,51.5081
09DPR1062H,MANUEL M. PONCE,MATUTINO,2025-2026,28.1203,33.8346,22.5564,51.1278,33.0827,19.9443,147.0,36.0902,147,09DPR1062H,MANUEL M. PONCE,-99.10766111,19.439,VENUSTIANO CARRANZA,Primaria,66.1654
09DPR1710V,FRAY FRANCISCO APARICIO,MATUTINO,2024-2025 | 2025-2026,28.1061,0.0,30.6818,70.8333,39.0152,19.5868,301.0,48.1061,301,09DPR1710V,FRAY FRANCISCO APARICIO,-99.17594167,19.447575,MIGUEL HIDALGO,Primaria,100.0
09DPR1306M,ESTHER R. MACEDA,MATUTINO,2024-2025 | 2025-2026,28.105,0.5831,50.4373,59.1837,30.3207,19.022,369.0,53.3528,369,09DPR1306M,ESTHER R. MACEDA,-99.08775278,19.36321667,IZTAPALAPA,Primaria,99.4169
09DPR0974X,ESTADO DE MÉXICO,MATUTINO,2025-2026,28.1034,8.6207,61.2069,45.6897,25.0,17.6918,127.0,50.0,127,09PPR0235G,ESTADO DE MÉXICO,-99.186578,19.467968,AZCAPOTZALCO,Primaria,91.3793
09DPR0010V,PROFR. VICENTE MORA,VESPERTINO,2024-2025 | 2025-2026,28.0576,1.4388,77.6978,20.8633,40.2878,18.2493,347.0,41.0072,347,09DPR0010V,PROFR. VICENTE MORA,-99.08324167,19.30241111,IZTAPALAPA,Primaria,98.5612
09DPR1250A,JOSÉ MARIA VELASCO,MATUTINO,2024-2025 | 2025-2026,28.046,19.5402,33.6207,57.1839,29.8851,,,43.9655,291,09DES0275W,JOSÉ MARÍA VELASCO,-99.06320278,19.32409722,IZTAPALAPA,Secundaria,80.4598
09DPR1087Q,HÉROES DE ZACAPOAXTLA,MATUTINO,2024-2025 | 2025-2026,28.0444,2.6667,60.4444,36.4444,40.6667,18.8303,504.0,45.1111,504,09DPR1087Q,HÉROES DE ZACAPOAXTLA,-99.09779444,19.43176389,VENUSTIANO CARRANZA,Primaria,97.3333
09DPR2339K,GABINO BARREDA,VESPERTINO,2024-2025 | 2025-2026,28.024,0.0,52.6946,56.2874,31.1377,18.6683,166.0,56.8862,166,09PJN5055N,GABINO BARREDA,-99.001835,19.366569,IZTAPALAPA,Preescolar,100.0
09DPR2636K,PROFRA. BEATRIZ AVILA GARCÍA,VESPERTINO,2024-2025 | 2025-2026,28.024,1.1976,59.2814,44.9102,34.7305,,,47.9042,207,09DPR2636K,PROFRA. BEATRIZ AVILA GARCÍA,-99.24572778,19.36144444,ÁLVARO OBREGÓN,Primaria,98.8024
09DPR0848Z,AURELIO MALDONADO CEDILLO,VESPERTINO,2024-2025 | 2025-2026,28.0226,27.6836,50.8475,36.1582,25.4237,23.5188,160.0,40.113,160,09DPR0848Z,AURELIO MALDONADO CEDILLO,-99.15254444,19.54931111,GUSTAVO A. MADERO,Primaria,72.3164
09DPR2684U,CRISTÓBAL COLÓN,VESPERTINO,2024-2025 | 2025-2026,28.0211,24.0106,55.6728,27.9683,32.4538,18.7266,437.0,39.314,437,09DPR2024L,CRISTÓBAL COLÓN,-98.96447222,19.22480278,TLÁHUAC,Primaria,75.9894
09DPR3159G,ACATONALLI,VESPERTINO,2024-2025 | 2025-2026,28.0203,41.6244,32.9949,35.533,29.9492,,,33.5025,265,09DPR2983S,ACATONALLI,-99.01074444,19.24671389,XOCHIMILCO,Primaria,58.3756
09DPR4156Q,ANACLETO BARCENA ROJAS,MATUTINO,2024-2025 | 2025-2026,28.0108,12.6344,31.9892,50.2688,45.1613,,,41.9355,385,09DBS0030E,ANACLETO BARCENA ROJAS,-99.10136389,19.26667778,XOCHIMILCO,Adultos - Secundaria,87.3656
09DPR1400R,LA PRENSA PEMEX,VESPERTINO,2024-2025 | 2025-2026,28.0,16.3636,51.8182,53.6364,18.1818,,,48.1818,77,09DPR1395W,LA PRENSA PEMEX,-99.13040278,19.46604444,GUSTAVO A. MADERO,Primaria,83.6364
09DPR0939R,EMILIO BRAVO,VESPERTINO,2024-2025 | 2025-2026,28.0,20.6186,40.6186,49.6907,29.0722,,,43.7113,475,09DPR0904B,EMILIO BRAVO,-99.14065833,19.540775,GUSTAVO A. MADERO,Primaria,79.3814
09DPR2999T,WILFRIDO MASSIEU,MATUTINO,2024-2025 | 2025-2026,28.0,0.0,60.0,34.7826,45.2174,18.9571,337.0,48.9855,337,09DPR2999T,WILFRIDO MASSIEU,-99.16686111,19.33138333,COYOACÁN,Primaria,100.0
09DPR1236H,OMETECUHTLI,MATUTINO,2024-2025 | 2025-2026,28.0,0.6593,53.8462,47.9121,37.5824,19.2711,530.0,51.6484,530,09DPR1236H,OMETECUHTLI,-99.09575556,19.35441389,IZTAPALAPA,Primaria,99.3407
09DPR1768V,GENERAL FRANCISCO MENENDEZ,VESPERTINO,2025-2026,28.0,0.0,47.5,47.5,45.0,20.8457,22.0,50.0,22,09DPR1768V,GENERAL FRANCISCO MENENDEZ,-99.18438056,19.39218889,BENITO JUÁREZ,Primaria,100.0
09DPR4214Q,PROFR. RAFAEL HERNANDEZ LÓPEZ,MATUTINO,2024-2025 | 2025-2026,28.0,15.4839,50.3226,39.3548,34.8387,,,40.0,482,09DPR4213R,PROFR. RAFAEL HERNANDEZ LÓPEZ,-99.25446944,19.31238333,LA MAGDALENA CONTRERAS,Primaria,84.5161
09DPR2042A,PINTOR DIEGO RIVERA,MATUTINO,2024-2025,27.9733,12.0267,53.0067,36.5256,38.3073,18.5995,519.0,42.539,519,09DPR2952Z,PINTOR DIEGO RIVERA,-99.08965,19.19246389,MILPA ALTA,Primaria,87.9733
09DPR1022G,AUGUSTO CESAR SANDINO,VESPERTINO,2025-2026,27.973,12.1622,60.1351,35.8108,31.7568,18.6561,159.0,43.2432,159,09DPR2501W,AUGUSTO CESAR SANDINO,-99.161075,19.456425,CUAUHTÉMOC,Primaria,87.8378
09DPR2610C,DR. EDUARDO R. CORONEL,MATUTINO,2024-2025 | 2025-2026,27.9602,0.4975,50.7463,59.7015,28.8557,18.8321,281.0,53.7313,281,09DPR2610C,DR. EDUARDO R. CORONEL,-99.07711667,19.3979,IZTACALCO,Primaria,99.5025
09DPR2429C,CRISTOBAL COLON,MATUTINO,2024-2025 | 2025-2026,27.9592,0.0,53.0612,42.8571,43.8776,19.7949,95.0,55.102,95,09DPR2024L,CRISTÓBAL COLÓN,-98.96447222,19.22480278,TLÁHUAC,Primaria,100.0
09DPR2807N,ARTURO ROSENBLUETH,VESPERTINO,2024-2025 | 2025-2026,27.9487,2.5641,62.8205,17.9487,56.4103,20.5132,337.0,44.8718,337,09DPR2995X,ARTURO ROSENBLUETH,-98.99645833,19.35264722,IZTAPALAPA,Primaria,97.4359
09DPR0878U,JOSEFINA RODRIGUEZ SOLIS GUDIÑO,MATUTINO,2024-2025 | 2025-2026,27.9443,0.0,59.9303,34.1463,45.6446,19.0988,315.0,52.2648,315,09DPR0878U,JOSEFINA RODRIGUEZ SOLIS GUDIÑO,-99.20316389,19.38074722,ÁLVARO OBREGÓN,Primaria,100.0
09DPR3010P,PROFRA. CARMEN ARROYO DE LA PARRA,VESPERTINO,2024-2025 | 2025-2026,27.9412,37.5,47.0588,22.0588,33.0882,,,34.5588,117,09DPR3010P,PROFRA. CARMEN ARROYO DE LA PARRA,-99.05331111,19.29006111,TLÁHUAC,Primaria,62.5
09DPR1476G,ERNESTO ALCONEDO,MATUTINO,2024-2025 | 2025-2026,27.9333,21.3333,36.6667,53.6667,28.0,,,45.0,271,09DPR1476G,ERNESTO ALCONEDO,-99.08263889,19.45564167,GUSTAVO A. MADERO,Primaria,78.66669999999999
09DPR0110U,PROFR. EFRAIN BONILLA MANZANO,MATUTINO,2024-2025 | 2025-2026,27.931,0.0,42.5287,62.069,35.0575,18.3882,208.0,48.2759,208,09DPR4157P,PROFR. EFRAIN BONILLA MANZANO,-99.01038056,19.36241111,IZTAPALAPA,Primaria,100.0
09DPR1900M,LIC. EDUARDO FACHA GUTIERREZ,MATUTINO,2025-2026,27.9279,0.0,66.6667,20.7207,52.2523,20.3054,152.0,52.2523,152,09DPR1900M,LIC. EDUARDO FACHA GUTIERREZ,-99.21224444,19.35870278,ÁLVARO OBREGÓN,Primaria,100.0
09DPR2932L,TLAMACHTILCALLI,MATUTINO,2024-2025 | 2025-2026,27.9227,0.4831,41.5459,52.657,44.9275,19.3095,315.0,45.8937,315,09DPR3089B,TLAMACHTILCALLI,-99.15995,19.31984444,COYOACÁN,Primaria,99.5169
09DPR1965W,FRAY ANTONIO MARGIL DE JESUS,MATUTINO,2025-2026,27.9167,8.3333,56.25,40.625,34.375,18.1797,119.0,40.625,119,09DPR1965W,FRAY ANTONIO MARGIL DE JESUS,-99.16422778,19.340625,COYOACÁN,Primaria,91.6667
09DPR2962F,EFRAINA ROCHA MARTÍNEZ,VESPERTINO,2025-2026,27.9167,0.0,75.0,14.5833,50.0,20.0938,140.0,41.6667,140,09DPR2317Z,EFRAINA ROCHA MARTÍNEZ,-99.06936944,19.37109167,IZTAPALAPA,Primaria,100.0
09DPR5137I,DR. EPIFANIO JIMENEZ AVILA,VESPERTINO,2024-2025,27.9085,22.549,53.9216,33.0065,30.0654,18.5397,332.0,37.5817,332,09DPR5136J,DR. EPIFANIO JIMENEZ AVILA,-99.02068611,19.24541389,XOCHIMILCO,Primaria,77.451
09DPR2565G,ANDRÉS DELGADO EL GIRO,MATUTINO,2024-2025,27.9012,22.4691,41.4815,36.0494,39.5062,19.1643,401.0,40.0,401,09DPR2565G,"ANDRÉS DELGADO ""EL GIRO""",-99.11972222,19.26343333,XOCHIMILCO,Primaria,77.5309
09DPR3048B,LEONA VICARIO,VESPERTINO,2024-2025 | 2025-2026,27.9012,24.6914,43.2099,48.1481,23.4568,,,41.9753,85,09DPR3048B,LEONA VICARIO,-99.15285,19.54879444,GUSTAVO A. MADERO,Primaria,75.3086
09DPR2075S,GREGORIO TORRES QUINTERO,MATUTINO,2024-2025,27.8992,36.4146,37.2549,35.8543,29.972,19.011,363.0,36.9748,363,09DJN0910W,GREGORIO TORRES QUINTERO,-99.10751944,19.3193,COYOACÁN,Preescolar,63.5854
09DPR5015Y,MUJERES INSURGENTES,VESPERTINO,2024-2025 | 2025-2026,27.8947,7.8947,47.3684,55.2632,28.9474,19.5229,153.0,36.8421,153,09DPR5015Y,MUJERES INSURGENTES,-99.08909722,19.31590556,IZTAPALAPA,Primaria,92.1053
09DPR1417R,INSURGENTE MORELOS,MATUTINO,2024-2025 | 2025-2026,27.8873,17.8404,42.2535,44.1315,35.2113,,,45.5399,159,09DPR1413V,INSURGENTE MORELOS,-99.11394722,19.48494444,GUSTAVO A. MADERO,Primaria,82.1596
09DIX0033G,ESCUELA DE PARTICIPACIÓN SOCIAL NUMERO 7,MATUTINO,2024-2025 | 2025-2026,27.8818,0.0,42.8571,61.5764,34.9754,18.7722,270.0,52.7094,270,09DIX0033G,ESCUELA DE PARTICIPACIÓN SOCIAL NUMERO 7,-99.2041,19.45108056,MIGUEL HIDALGO,Primaria,100.0
09DPR2081C,"FERNANDO CELADA, CLUB DE LEONES DE LA CIUDAD DE MÉXICO NO 5",VESPERTINO,2024-2025 | 2025-2026,27.8723,13.8298,58.156,25.5319,41.844,19.2251,344.0,40.7801,344,09DPR2081C,"FERNANDO CELADA, CLUB DE LEONES DE LA CIUDAD DE MÉXICO NO 5",-99.10186944,19.26535,XOCHIMILCO,Primaria,86.1702
09DPR2364J,REPÚBLICA DE PANAMA,VESPERTINO,2024-2025 | 2025-2026,27.8723,0.0,52.1277,53.1915,34.0426,19.6283,102.0,51.0638,102,09DES0077W,REPÚBLICA DE PANAMÁ,-99.242,19.38348611,ÁLVARO OBREGÓN,Secundaria,100.0
09DPR5017W,GENERAL DONATO GUERRA,MATUTINO,2024-2025 | 2025-2026,27.8689,2.0492,64.3443,31.5574,41.3934,18.6306,554.0,43.4426,554,09DPR5017W,GENERAL DONATO GUERRA,-99.18625278,19.28296944,TLALPAN,Primaria,97.9508
09DPR4160C,RAFAEL DELGADO,MATUTINO,2024-2025 | 2025-2026,27.8652,1.1236,39.6067,55.0562,43.5393,18.6156,400.0,45.2247,400,09DPR4160C,RAFAEL DELGADO,-99.00900556,19.34101667,IZTAPALAPA,Primaria,98.8764
09DPR1185R,BASILIO VADILLO,MATUTINO,2024-2025 | 2025-2026,27.8571,0.0,44.6429,55.9524,38.6905,19.4862,206.0,44.6429,206,09DPR1185R,BASILIO VADILLO,-99.12998056,19.400925,IZTACALCO,Primaria,100.0
09DPR5136J,DR. EPIFANIO JIMENEZ AVILA,MATUTINO,2024-2025 | 2025-2026,27.8431,17.6471,41.6122,44.8802,35.0763,,,39.6514,482,09DPR5136J,DR. EPIFANIO JIMENEZ AVILA,-99.02068611,19.24541389,XOCHIMILCO,Primaria,82.3529
09DPR1069A,JUAN CRISOSTOMO BONILLA,MATUTINO,2024-2025 | 2025-2026,27.8409,0.0,44.3182,56.25,38.6364,19.0897,227.0,51.1364,227,09DPR1069A,JUAN CRISOSTOMO BONILLA,-99.08409444,19.40922222,VENUSTIANO CARRANZA,Primaria,100.0
09DPR2640X,PROFR. PEDRO LOREDO ORTEGA,MATUTINO,2024-2025 | 2025-2026,27.8366,3.6309,64.7504,28.2905,42.5113,19.2561,671.0,45.9909,671,09DPR2623G,PROFR. PEDRO LOREDO ORTEGA,-99.23708611,19.29158056,TLALPAN,Primaria,96.3691
09DPR2671Q,PROFRA. BEATRIZ AVILA GARCÍA,MATUTINO,2024-2025 | 2025-2026,27.833,0.0,61.4314,31.0139,46.7197,19.4485,549.0,49.503,549,09DPR2636K,PROFRA. BEATRIZ AVILA GARCÍA,-99.24572778,19.36144444,ÁLVARO OBREGÓN,Primaria,100.0
09DPR1599Q,LIC. AQUILES ELORDUY,MATUTINO,2024-2025 | 2025-2026,27.8298,28.9362,38.7234,45.9574,25.5319,19.3739,185.0,41.7021,185,09DPR1599Q,LIC. AQUILES ELORDUY,-99.18547222,19.475,AZCAPOTZALCO,Primaria,71.0638
09DPR2368F,FRANCISCO GARCÍA SALINAS,VESPERTINO,2025-2026,27.8261,1.4493,43.4783,66.6667,27.5362,18.2,94.0,53.6232,94,09DBN0072I,FRANCISCO GARCÍA SALINAS,-99.12778056,19.41809167,CUAUHTÉMOC,Primaria,98.5507
09DPR2253E,PRINCIPADO DE MONACO,MATUTINO,2024-2025,27.8095,18.8571,23.4286,57.3333,39.4286,19.4549,502.0,40.9524,502,09DPR2987O,PRINCIPADO DE MONACO,-99.01326389,19.29400278,TLÁHUAC,Primaria,81.1429
09DPR2720I,CARLOS GARCÍA,VESPERTINO,2024-2025,27.8,18.5,53.0,36.5,31.0,19.3963,244.0,41.5,244,09DPR2720I,CARLOS GARCÍA,-99.09308333,19.24390556,XOCHIMILCO,Primaria,81.5
09DPR3103E,BELISARIO DOMÍNGUEZ,MATUTINO,2024-2025 | 2025-2026,27.7814,14.1479,47.1061,47.4277,30.2251,18.8197,559.0,44.373,559,09DPR2990B,BELISARIO DOMÍNGUEZ,-99.29208056,19.36510278,CUAJIMALPA DE MORELOS,Primaria,85.85210000000001
09DPR2537K,MAESTRO CELERINO CANO PALACIOS,MATUTINO,2024-2025 | 2025-2026,27.7778,0.0,35.5556,65.5556,37.7778,18.3788,113.0,47.7778,113,09DPR2537K,MAESTRO CELERINO CANO PALACIOS,-99.149675,19.40436389,CUAUHTÉMOC,Primaria,100.0
09DPR2216A,MADRE MEXICANA,VESPERTINO,2024-2025 | 2025-2026,27.7714,0.0,74.8571,30.2857,33.7143,17.9833,203.0,46.8571,203,09DPR0864R,MADRE MEXICANA,-99.28443333,19.32732222,ÁLVARO OBREGÓN,Primaria,100.0
09DPR0930Z,QUETZALCOATL,MATUTINO,2024-2025 | 2025-2026,27.7698,0.7194,18.705,73.3813,46.0432,,,48.2014,139,09DPR5119T,QUETZALCOATL,-99.30938056,19.3535,CUAJIMALPA DE MORELOS,Primaria,99.2806
09DPR2682W,PROFR. ANTONIO I. DELGADO CASARRUBIAS,MATUTINO,2024-2025 | 2025-2026,27.7686,49.8623,26.9972,37.741,24.2424,,,31.9559,317,09DPR2682W,PROFR. ANTONIO I. DELGADO CASARRUBIAS,-99.08966389,19.47010278,GUSTAVO A. MADERO,Primaria,50.1377
09DPR4508C,ALVARO OBREGON,VESPERTINO,2024-2025 | 2025-2026,27.7647,23.5294,59.1176,28.5294,27.6471,18.2812,389.0,36.7647,389,09DJN0223G,ALVARO OBREGON,-99.07028889,19.4783,GUSTAVO A. MADERO,Preescolar,76.4706
09DPR1213X,SANTIAGO R. DE LA VEGA,MATUTINO,2025-2026,27.7632,0.0,48.0263,55.2632,35.5263,18.7115,180.0,49.3421,180,09DPR1213X,SANTIAGO R. DE LA VEGA,-99.14632778,19.38235833,BENITO JUÁREZ,Primaria,100.0
09DPR2606Q,IGNACIO GONZÁLEZ GUZMÁN,MATUTINO,2024-2025 | 2025-2026,27.7612,0.7463,42.5373,61.194,34.3284,,,50.0,326,09DPR2606Q,IGNACIO GONZÁLEZ GUZMÁN,-99.05182778,19.35426111,IZTAPALAPA,Primaria,99.2537
09DPR2893Z,MAESTRO MANUEL M CERNA CASTELAZO,MATUTINO,2024-2025 | 2025-2026,27.7419,1.173,61.2903,19.9413,56.305,19.6399,478.0,46.0411,478,09DPR2893Z,MAESTRO MANUEL M CERNA CASTELAZO,-99.12411944,19.38396111,IZTACALCO,Primaria,98.827
09DPR1963Y,FRAY EUSEBIO FRANCISCO KINO,MATUTINO,2024-2025 | 2025-2026,27.7419,0.0,54.3011,43.5484,40.8602,19.8237,248.0,48.3871,248,09DPR1963Y,FRAY EUSEBIO FRANCISCO KINO,-99.13971667,19.33672778,COYOACÁN,Primaria,100.0
09DIX0034F,ESCUELA DE PARTICIPACIÓN SOCIAL NUMERO 2,MATUTINO,2024-2025 | 2025-2026,27.7381,0.5952,30.9524,71.4286,35.7143,19.5546,183.0,44.6429,183,09DIX0034F,ESCUELA DE PARTICIPACIÓN SOCIAL NUMERO 2,-99.08665,19.41537222,VENUSTIANO CARRANZA,Primaria,99.4048
09DPR1585N,TEMACHTIANI,MATUTINO,2024-2025 | 2025-2026,27.7174,22.2826,31.5217,55.9783,28.8043,,,42.9348,141,09DPR1585N,TEMACHTIANI,-99.16074167,19.47269167,AZCAPOTZALCO,Primaria,77.7174
09DPR2771P,DR. SALVADOR ALLENDE G.,MATUTINO,2024-2025,27.7037,10.6173,53.5802,34.8148,39.5062,18.5718,485.0,40.2469,485,09DPR2771P,DR. SALVADOR ALLENDE G.,-99.22665278,19.31535,LA MAGDALENA CONTRERAS,Primaria,89.3827
09DPR2662I,VICENTE LOMBARDO TOLEDANO,VESPERTINO,2024-2025 | 2025-2026,27.6923,19.5804,45.4545,44.7552,28.6713,,,45.4545,118,09DPR0895K,VICENTE LOMBARDO TOLEDANO,-99.13898056,19.53305833,GUSTAVO A. MADERO,Primaria,80.4196
09DPR3229L,PROFR. HUMBERTO ESPARZA VILLARREAL,MATUTINO,2024-2025,27.6923,19.2308,50.0,32.6923,36.5385,18.7276,274.0,36.9231,274,09DPR3229L,PROFR. HUMBERTO ESPARZA VILLARREAL,-99.11946111,19.26406111,XOCHIMILCO,Primaria,80.7692
09DPR1259S,LIBERTADORES DE AMERICA,MATUTINO,2024-2025 | 2025-2026,27.6923,1.7094,48.7179,54.7009,33.3333,,,44.4444,153,09DPR1259S,LIBERTADORES DE AMERICA,-99.15078056,19.37995,BENITO JUÁREZ,Primaria,98.2906
09DPR1320F,EMILIANO ZAPATA,MATUTINO,2024-2025 | 2025-2026,27.6882,0.0,64.7849,29.5699,44.086,18.5995,459.0,43.8172,459,09DPR1320F,EMILIANO ZAPATA,-99.10103333,19.32441667,IZTAPALAPA,Primaria,100.0
09DPR1997O,TIBURCIO MONTIEL,VESPERTINO,2024-2025 | 2025-2026,27.6879,29.4798,52.0231,24.2775,32.659,18.6679,451.0,36.1272,451,09DPR1997O,TIBURCIO MONTIEL,-99.17291667,19.25343333,TLALPAN,Primaria,70.5202
09DPR2988N,VICENTE GUERRERO,VESPERTINO,2024-2025 | 2025-2026,27.6609,13.9717,55.573,43.3281,25.4317,17.9217,565.0,45.8399,565,09DPR1779A,VICENTE GUERRERO,-99.28051944,19.34280833,CUAJIMALPA DE MORELOS,Primaria,86.0283
09DPR5131O,JULIA NAVA RUIZ SANCHEZ,VESPERTINO,2024-2025 | 2025-2026,27.6543,41.5638,39.5062,23.8683,33.3333,19.6944,271.0,34.9794,271,09DPR5024F,JULIA NAVA RUIZ SANCHEZ,-99.00416111,19.25897222,TLÁHUAC,Primaria,58.4362
09DPR2136P,REPÚBLICA MEXICANA,VESPERTINO,2024-2025 | 2025-2026,27.644,41.8848,29.3194,48.6911,18.3246,18.6922,134.0,37.1728,134,09DJN0823A,REPÚBLICA MEXICANA,-99.13653056,19.55665,GUSTAVO A. MADERO,Preescolar,58.1152
09DPR1470M,SIXTO NIETO ROJAS,MATUTINO,2024-2025 | 2025-2026,27.644,21.9895,30.8901,56.5445,28.7958,19.5425,169.0,41.8848,169,09DBN0111U,SIXTO NIETO ROJAS,-99.10419722,19.45711667,GUSTAVO A. MADERO,Primaria,78.01050000000001
09DPR1395W,LA PRENSA PEMEX,MATUTINO,2024-2025 | 2025-2026,27.6316,24.3421,42.1053,42.7632,28.9474,,,44.0789,168,09DPR1395W,LA PRENSA PEMEX,-99.13040278,19.46604444,GUSTAVO A. MADERO,Primaria,75.6579
09DPR2455A,HIMNO NACIONAL MEXICANO,MATUTINO,2024-2025 | 2025-2026,27.6316,0.0,48.3553,43.0921,46.7105,19.4519,344.0,46.7105,344,09DPR2455A,HIMNO NACIONAL MEXICANO,-99.11376944,19.37087778,IZTAPALAPA,Primaria,100.0
09DPR1474I,ENRIQUE GONZÁLEZ MARTINEZ,MATUTINO,2024-2025 | 2025-2026,27.6253,15.0327,29.1939,58.3878,35.512,19.4528,437.0,44.8802,437,09DPR1474I,ENRIQUE GONZÁLEZ MARTINEZ,-99.09775278,19.47218333,GUSTAVO A. MADERO,Primaria,84.9673
09DPR1607I,EMPERADOR CUAUHTEMOC,MATUTINO,2024-2025 | 2025-2026,27.622,18.5976,32.9268,57.622,28.9634,18.8047,294.0,43.5976,294,09DPR2193G,EMPERADOR CUAUHTÉMOC,-99.05802222,19.44798611,GUSTAVO A. MADERO,Primaria,81.4024
09DPR2475O,ROBERTO MEDELLIN,VESPERTINO,2024-2025 | 2025-2026,27.622,38.4146,35.9756,36.5854,27.1341,20.1698,379.0,35.3659,379,09DPR2475O,ROBERTO MEDELLIN,-98.97298056,19.21702222,TLÁHUAC,Primaria,61.5854
09DPR4522W,MARGARITA DE GORTARI DE SALINAS LOZANO,MATUTINO,2024-2025 | 2025-2026,27.6136,0.0,52.2727,50.0,35.7955,18.7063,189.0,51.7045,189,09DPR4522W,MARGARITA DE GORTARI DE SALINAS LOZANO,-99.05945556,19.42689722,VENUSTIANO CARRANZA,Primaria,100.0
09DPR1482R,HEROES DE PADIERNA,MATUTINO,2024-2025 | 2025-2026,27.6049,16.2963,27.1605,63.2099,31.358,17.4714,434.0,40.4938,434,09DPR1482R,HEROES DE PADIERNA,-99.22634722,19.31540556,LA MAGDALENA CONTRERAS,Primaria,83.7037
09DPR2732N,EXPROPIACIÓN PETROLERA,MATUTINO,2024-2025 | 2025-2026,27.6033,11.7769,52.686,34.0909,39.4628,18.7214,510.0,39.876,510,09DPR2732N,EXPROPIACIÓN PETROLERA,-99.11485833,19.44742778,VENUSTIANO CARRANZA,Primaria,88.2231
09DPR0944C,ACAYUCAN,MATUTINO,2024-2025 | 2025-2026,27.6015,0.738,42.4354,54.2435,40.5904,19.0768,309.0,43.1734,309,09DPR0944C,ACAYUCAN,-99.09337778,19.41280278,VENUSTIANO CARRANZA,Primaria,99.262
09DPR1101T,CHAPULTEPEC,VESPERTINO,2025-2026,27.6,0.0,40.0,52.0,46.0,20.0775,78.0,46.0,78,09DPR1101T,CHAPULTEPEC,-99.21806667,19.41948889,MIGUEL HIDALGO,Primaria,100.0
09DPR1988G,CAJEME,MATUTINO,2024-2025 | 2025-2026,27.5974,0.3247,56.1688,38.961,42.5325,,,49.6753,297,09DPR0032G,CAJEME,-99.17125,19.25080556,TLALPAN,Primaria,99.6753
09DPR1704K,LIC. JOAQUIN BARANDA,MATUTINO,2024-2025 | 2025-2026,27.5969,0.7752,37.2093,58.9147,41.0853,19.4228,125.0,51.938,125,09DPR1704K,LIC. JOAQUIN BARANDA,-99.18857778,19.45837778,MIGUEL HIDALGO,Primaria,99.2248
09DPR1354W,HEROE ANTONIO REYES,MATUTINO,2024-2025 | 2025-2026,27.5843,20.2247,27.2472,58.7079,31.7416,,,43.5393,293,09DPR1354W,HEROE ANTONIO REYES,-99.08041111,19.477775,GUSTAVO A. MADERO,Primaria,79.7753
09DPR0048H,MAESTRO RICARDO SALGADO CORRAL,MATUTINO,2025-2026,27.5814,0.0,57.4419,33.7209,46.7442,19.0294,465.0,46.2791,465,09DPR0048H,MAESTRO RICARDO SALGADO CORRAL,-99.10115556,19.31336389,COYOACÁN,Primaria,100.0
09DPR2313C,ARTEMIO DE VALLE ARIZPE,MATUTINO,2024-2025 | 2025-2026,27.5799,0.0,44.7489,50.6849,42.4658,19.4886,261.0,48.4018,261,09DJN0363G,ARTEMIO DE VALLE ARIZPE,-99.01178056,19.36178056,IZTAPALAPA,Preescolar,100.0
09DPR2755Y,EJERCITO CONSTITUCIONALISTA,MATUTINO,2024-2025 | 2025-2026,27.5758,0.5051,42.4242,49.4949,45.4545,19.0675,496.0,45.202,496,09DPR2755Y,EJERCITO CONSTITUCIONALISTA,-99.05250556,19.38260556,IZTAPALAPA,Primaria,99.4949
09DPR2052H,RICARDO FLORES MAGÓN,VESPERTINO,2024-2025 | 2025-2026,27.5301,3.3133,65.6627,24.6988,43.9759,18.9922,489.0,43.3735,489,09DPR0865Q,RICARDO FLORES MAGON,-99.03564444,19.29611111,TLÁHUAC,Primaria,96.6867
09DPR1708G,ICHCATEOPAN,MATUTINO,2025-2026,27.5294,0.0,47.6471,57.6471,32.3529,18.7734,206.0,52.9412,206,09DPR1708G,ICHCATEOPAN,-99.18514167,19.45935833,MIGUEL HIDALGO,Primaria,100.0
09DPR1726W,DAVID G. BERLANGA,MATUTINO,2024-2025 | 2025-2026,27.5,0.6944,36.4583,57.9861,42.3611,19.6037,376.0,50.0,376,09DPR1726W,DAVID G. BERLANGA,-99.16960278,19.43859722,MIGUEL HIDALGO,Primaria,99.3056
09DPR2936H,FABIAN GARCÍA RAMÍREZ,VESPERTINO,2024-2025 | 2025-2026,27.5,0.0,51.0417,51.0417,35.4167,18.6165,146.0,44.7917,146,09DPR2936H,FABIAN GARCÍA RAMÍREZ,-98.98687778,19.34020833,IZTAPALAPA,Primaria,100.0
09DPR0001N,ANICETO CASTELLANOS URRUTIA,MATUTINO,2024-2025 | 2025-2026,27.4809,17.0483,52.1628,27.2265,40.9669,18.9414,566.0,39.9491,566,09DPR0001N,ANICETO CASTELLANOS URRUTIA,-99.04064444,19.28731389,TLÁHUAC,Primaria,82.9517
09DPR5030Q,JUAN RULFO,VESPERTINO,2024-2025 | 2025-2026,27.4757,18.932,42.233,51.4563,24.7573,,,47.0874,189,09DPR5073O,JUAN RULFO,-99.03578333,19.36853333,IZTAPALAPA,Primaria,81.068
09DPR3047C,INGENIERO JUAN DE DIOS BATIZ,VESPERTINO,2024-2025 | 2025-2026,27.4667,24.0,28.0,57.3333,28.0,,,40.0,82,09DPR3051P,INGENIERO JUAN DE DIOS BATIZ,-99.14551389,19.52480556,GUSTAVO A. MADERO,Primaria,76.0
09DPR0052U,ROSA VILLANUEVA RAMOS,MATUTINO,2024-2025,27.449,31.1224,44.0476,31.1224,30.9524,18.8277,601.0,36.5646,601,09DPR0052U,ROSA VILLANUEVA RAMOS,-98.99201111,19.21435,MILPA ALTA,Primaria,68.8776
09DPR2268G,MANUEL C. TELLO,VESPERTINO,2024-2025 | 2025-2026,27.4286,0.0,47.4286,53.1429,36.5714,19.2993,217.0,50.8571,217,09DPR2267H,MANUEL C. TELLO,-99.02779444,19.38387778,IZTAPALAPA,Primaria,100.0
09DPR1276I,JORGE ALACIO PÉREZ,MATUTINO,2025-2026,27.4157,0.0,53.9326,35.9551,47.191,19.0727,201.0,38.2022,201,09DPR1276I,JORGE ALACIO PÉREZ,-99.13278611,19.37157778,IZTAPALAPA,Primaria,100.0
09DPR3149Z,MEXICANAS ILUSTRES,MATUTINO,2024-2025 | 2025-2026,27.4074,59.2593,32.2751,26.9841,18.5185,19.2776,137.0,29.6296,137,09DPR3149Z,MEXICANAS ILUSTRES,-99.12501389,19.39504722,IZTACALCO,Primaria,40.7407
09DPR4504G,NORMALISMO MEXICANO,MATUTINO,2024-2025 | 2025-2026,27.4033,0.5525,60.7735,53.0387,22.6519,17.6493,196.0,52.4862,196,09DPR4504G,NORMALISMO MEXICANO,-98.966461,19.330908,IZTAPALAPA,Primaria,99.4475
09DPR2115C,CLUB DE LEONES DE LA VILLA NUM. 4,MATUTINO,2024-2025 | 2025-2026,27.3939,29.697,44.2424,43.6364,19.3939,,,43.0303,146,09DPR2115C,CLUB DE LEONES DE LA VILLA NUM. 4,-99.09977778,19.50142222,GUSTAVO A. MADERO,Primaria,70.303
09DPR2340Z,BATALLON DE SAN BLAS,MATUTINO,2024-2025 | 2025-2026,27.3934,18.0095,52.1327,25.1185,41.7062,19.8965,210.0,39.3365,210,09DJN0377J,BATALLON DE SAN BLAS,-99.13881667,19.45269444,CUAUHTÉMOC,Preescolar,81.9905
09DPR1955P,PEDAGOGÍA,MATUTINO,2024-2025 | 2025-2026,27.3892,0.0,54.1872,31.0345,51.7241,19.5742,265.0,45.3202,265,09DPR1955P,PEDAGOGÍA,-99.13337222,19.3362,COYOACÁN,Primaria,100.0
09DPR2733M,CORONEL SILVESTRE LÓPEZ,MATUTINO,2024-2025 | 2025-2026,27.371,21.8673,35.3808,51.3514,28.2555,19.4255,414.0,44.226,414,09DPR2733M,CORONEL SILVESTRE LÓPEZ,-99.06315556,19.45090556,GUSTAVO A. MADERO,Primaria,78.1327
09DPR3217G,HEROES DE LA INDEPENDENCIA,VESPERTINO,2024-2025 | 2025-2026,27.3684,10.5263,48.4211,37.8947,40.0,18.9424,96.0,41.0526,96,09DPR2072V,HÉROES DE LA INDEPENDENCIA,-99.13815278,19.27629722,XOCHIMILCO,Primaria,89.4737
09DPR0918E,REPÚBLICA DE RUANDA,MATUTINO,2025-2026,27.3585,0.0,65.0943,35.8491,35.8491,19.4167,138.0,55.6604,138,09DPR2264K,REPÚBLICA DE RUANDA,-99.09526111,19.39041389,IZTACALCO,Primaria,100.0
09DPR4505F,REPÚBLICA DEMOCRATICA ALEMANA,MATUTINO,2024-2025,27.3585,29.717,40.0943,37.2642,29.717,19.3081,215.0,35.8491,215,09DES0183F,REPÚBLICA DEMOCRÁTICA ALEMANA,-99.15037778,19.47941389,AZCAPOTZALCO,Secundaria,70.283
09DPR2305U,REPÚBLICA DE JAMAICA,VESPERTINO,2025-2026,27.3563,2.2989,56.3218,41.3793,36.7816,18.9388,112.0,45.977,112,09DPR2293F,REPÚBLICA DE JAMAICA,-99.24018611,19.37920833,ÁLVARO OBREGÓN,Primaria,97.7011
09DPR2417Y,DR. HECTOR PÉREZ MARTÍNEZ,MATUTINO,2024-2025 | 2025-2026,27.3134,8.9552,39.5522,49.2537,38.806,19.4949,134.0,46.2687,134,09DPR2417Y,DR. HECTOR PÉREZ MARTÍNEZ,-99.15147778,19.45914722,CUAUHTÉMOC,Primaria,91.0448
09DPR2541X,CAPITAN EMILIO CARRANZA,MATUTINO,2024-2025 | 2025-2026,27.3103,0.6897,29.6552,77.931,28.2759,,,45.5172,184,09DPR2541X,CAPITAN EMILIO CARRANZA,-99.159825,19.41955556,CUAUHTÉMOC,Primaria,99.3103
09DPR1510X,RICARDO REYES,MATUTINO,2024-2025 | 2025-2026,27.2982,18.9474,36.8421,50.1754,30.5263,,,43.1579,227,09DPR1510X,RICARDO REYES,-99.10496111,19.46658333,GUSTAVO A. MADERO,Primaria,81.0526
09DPR1053Z,NORUEGA,MATUTINO,2025-2026,27.2897,0.0,37.3832,56.0748,42.9907,19.4489,139.0,43.9252,139,09DPR1053Z,NORUEGA,-99.10717778,19.42396389,VENUSTIANO CARRANZA,Primaria,100.0
09DPR1475H,SIXTO NIETO ROJAS,VESPERTINO,2024-2025 | 2025-2026,27.2868,18.6047,37.9845,53.4884,26.3566,,,43.4109,134,09DBN0111U,SIXTO NIETO ROJAS,-99.10419722,19.45711667,GUSTAVO A. MADERO,Primaria,81.39529999999999
09DPR2046X,ROBERTO MEDELLIN,MATUTINO,2024-2025,27.2805,49.2505,31.4775,31.0493,24.6253,19.0828,484.0,31.2634,484,09DPR2475O,ROBERTO MEDELLIN,-98.97298056,19.21702222,TLÁHUAC,Primaria,50.7495
09DPR2953Y,PROFR. NARCISO RAMOS GALICIA,MATUTINO,2024-2025,27.2727,10.058,52.2244,28.0464,46.0348,19.6146,595.0,40.8124,595,09DPR2953Y,PROFR. NARCISO RAMOS GALICIA,-99.004025,19.27011667,TLÁHUAC,Primaria,89.94200000000001
09DPR1538C,PROFR. RAFAEL MOLINA BETANCOURT,MATUTINO,2024-2025 | 2025-2026,27.2727,24.1107,35.3755,50.9881,25.8893,18.6529,394.0,41.8972,394,09DPR1538C,PROFR. RAFAEL MOLINA BETANCOURT,-99.13642222,19.51534444,GUSTAVO A. MADERO,Primaria,75.88929999999999
09DIX0030J,ESCUELA DE PARTICIPACIÓN SOCIAL NUMERO 1,MATUTINO,2024-2025 | 2025-2026,27.2527,1.0989,45.0549,58.2418,31.8681,18.6571,177.0,47.2527,177,09DIX0030J,ESCUELA DE PARTICIPACIÓN SOCIAL NUMERO 1,-99.148875,19.42040833,CUAUHTÉMOC,Primaria,98.9011
09DPR0966O,GRAL. FELIPE BERRIOZABAL,VESPERTINO,2024-2025 | 2025-2026,27.2483,20.1342,38.9262,52.6846,24.4966,,,42.2819,300,09DPR0914I,GRAL. FELIPE BERRIOZABAL,-99.12901667,19.55631944,GUSTAVO A. MADERO,Primaria,79.86580000000001
09DPR1950U,REPÚBLICA DE FINLANDIA,MATUTINO,2024-2025 | 2025-2026,27.2472,8.9888,42.1348,38.764,46.3483,19.4724,363.0,42.9775,363,09DPR1950U,REPÚBLICA DE FINLANDIA,-99.13308333,19.34961667,COYOACÁN,Primaria,91.0112
09DPR1781P,XOCHIQUETZAL,MATUTINO,2024-2025 | 2025-2026,27.246,12.2995,43.984,50.8021,29.1444,18.6011,380.0,44.385,380,09DPR1781P,XOCHIQUETZAL,-99.29086111,19.36985,CUAJIMALPA DE MORELOS,Primaria,87.7005
09DPR1947G,PROFR. CANDIDO JARAMILLO GONZÁLEZ,MATUTINO,2024-2025 | 2025-2026,27.2414,20.4023,50.0,22.9885,42.8161,,,36.2069,351,09DPR1947G,PROFR. CANDIDO JARAMILLO GONZÁLEZ,-99.12357778,19.33751944,COYOACÁN,Primaria,79.5977
09DPR3211M,MAESTRO FELIX JIMENEZ NAJERA,VESPERTINO,2024-2025 | 2025-2026,27.2131,21.3115,40.9836,34.4262,39.3443,19.334,261.0,37.7049,261,09DPR2021O,MAESTRO FELIX JIMÉNEZ NÁJERA,-98.99476667,19.24811111,TLÁHUAC,Primaria,78.6885
09DPR1888H,ALFREDO E. URUCHURTU,MATUTINO,2024-2025 | 2025-2026,27.2075,7.3323,66.6147,22.3089,39.7816,18.4591,663.0,41.8097,663,09DPR2479K,ALFREDO E. URUCHURTU,-99.12513333,19.43825556,CUAUHTÉMOC,Primaria,92.6677
09DPR2277O,COCONENCALLI,VESPERTINO,2024-2025 | 2025-2026,27.2,0.0,57.0,51.0,28.0,18.1459,142.0,49.0,142,09DPR2276P,COCONENCALLI,-99.05716111,19.42895556,VENUSTIANO CARRANZA,Primaria,100.0
09DPR0045K,PROFR. JOSÉ S. BENITEZ,MATUTINO,2024-2025 | 2025-2026,27.1884,0.5797,62.029,30.1449,43.1884,18.4848,594.0,42.6087,594,09DPR0045K,PROFR. JOSÉ S. BENITEZ,-99.20230556,19.28225,TLALPAN,Primaria,99.4203
09DPR2049U,AURELIO MANRIQUE,MATUTINO,2024-2025 | 2025-2026,27.1864,0.0,46.7797,53.2203,35.9322,18.9393,298.0,47.7966,298,09DPR2049U,AURELIO MANRIQUE,-99.12333889,19.40386667,IZTACALCO,Primaria,100.0
09DPR3046D,FRANCISCO GOITIA,MATUTINO,2024-2025 | 2025-2026,27.172,22.1574,31.7784,57.4344,24.4898,18.8981,279.0,43.1487,279,09DPR3044F,FRANCISCO GOITIA,-99.15157778,19.52920556,GUSTAVO A. MADERO,Primaria,77.8426
09DPR0125W,PROFR. VICENTE V. YBARRA,MATUTINO,2024-2025 | 2025-2026,27.1689,29.9087,48.8584,23.516,33.5616,19.3518,444.0,34.0183,444,09DBA0216K,PROFR. VICENTE V YBARRA,-99.10176111,19.25481667,XOCHIMILCO,Adultos - Primaria,70.0913
09DPR1891V,ALFREDO E. URUCHURTU,VESPERTINO,2024-2025 | 2025-2026,27.1549,22.2535,35.493,50.7042,27.3239,17.2902,376.0,39.7183,376,09DPR2479K,ALFREDO E. URUCHURTU,-99.12513333,19.43825556,CUAUHTÉMOC,Primaria,77.7465
09DPR4515M,NIÑOS HEROES,MATUTINO,2024-2025 | 2025-2026,27.1493,9.0498,42.9864,50.2262,33.4842,18.5643,204.0,41.1765,204,09PJN3382U,NIÑOS HEROES,-99.008727,19.338357,IZTAPALAPA,Preescolar,90.9502
09DPR1818M,JUSTO SIERRA,MATUTINO,2025-2026,27.1362,0.0,42.2535,60.5634,32.8638,19.497,230.0,49.2958,230,09DES0296I,JUSTO SIERRA,-99.01963056,19.37964722,IZTAPALAPA,Secundaria,100.0
09DPR2703S,DIEGO RIVERA BARRIENTOS,MATUTINO,2024-2025 | 2025-2026,27.1249,15.4639,31.2715,58.5338,30.3551,18.4402,471.0,41.6953,471,09DPR2703S,DIEGO RIVERA BARRIENTOS,-99.06521667,19.45416389,GUSTAVO A. MADERO,Primaria,84.5361
09DPR1366A,MAESTRO MANUEL BORJA SORIANO,MATUTINO,2024-2025 | 2025-2026,27.1233,27.3973,31.2785,45.2055,31.7352,,,36.9863,450,09DPR1366A,MAESTRO MANUEL BORJA SORIANO,-99.13853333,19.49289167,GUSTAVO A. MADERO,Primaria,72.6027
09DPR1667X,MAESTRO JOSÉ VASCONCELOS,MATUTINO,2024-2025 | 2025-2026,27.1233,12.3288,47.4886,41.0959,34.7032,,,42.0091,217,09DPR1667X,MAESTRO JOSÉ VASCONCELOS,-99.163475,19.46186389,AZCAPOTZALCO,Primaria,87.6712
09DPR2453C,GUELATAO DE JUÁREZ,MATUTINO,2024-2025 | 2025-2026,27.12,0.4,35.6,63.6,36.0,18.7542,315.0,48.8,315,09DPR2453C,GUELATAO DE JUÁREZ,-99.13561111,19.41990833,CUAUHTÉMOC,Primaria,99.6
09DPR2299Z,PROFR ADOLFO VELASQUEZ VILCHES,MATUTINO,2024-2025 | 2025-2026,27.1154,0.0,57.6923,35.5769,42.3077,19.2528,120.0,49.0385,120,09DPR2299Z,PROFR ADOLFO VELASQUEZ VILCHES,-99.20849722,19.3914,ÁLVARO OBREGÓN,Primaria,100.0
09DPR1393Y,MAESTRO CARLOS GONZÁLEZ PEÑA,VESPERTINO,2024-2025 | 2025-2026,27.1111,14.4444,50.0,43.3333,27.7778,17.6045,81.0,43.3333,81,09DBN0030J,MAESTRO CARLOS GONZÁLEZ PEÑA,-99.11182222,19.46091111,GUSTAVO A. MADERO,Primaria,85.5556
09DPR5125D,DR. EDUARDO LICEAGA,MATUTINO,2024-2025,27.1034,7.931,65.8621,23.7931,37.931,18.5052,308.0,39.3103,308,09DPR5125D,DR. EDUARDO LICEAGA,-99.27000556,19.3029,LA MAGDALENA CONTRERAS,Primaria,92.069
09DPR2830O,PROFR. ELISEO BANDALA FERNANDEZ,VESPERTINO,2024-2025 | 2025-2026,27.1028,0.0,49.5327,48.5981,37.3832,18.7356,130.0,47.6636,130,09DPR3091Q,PROFR. ELISEO BANDALA FERNANDEZ,-99.23694167,19.29198889,TLALPAN,Primaria,100.0
09DPR3035Y,ALFONSO CASO ANDRADE,MATUTINO,2024-2025 | 2025-2026,27.0866,2.3622,32.2835,48.0315,52.7559,,,43.3071,148,09DES0324O,ALFONSO CASO ANDRADE,-99.039875,19.28228611,TLÁHUAC,Secundaria,97.6378
09DPR2734L,DAVID ALFARO SIQUEIROS,MATUTINO,2024-2025 | 2025-2026,27.0849,0.738,46.4945,56.0886,32.1033,19.4674,370.0,49.8155,370,09DPR2734L,DAVID ALFARO SIQUEIROS,-99.10483889,19.38313333,IZTACALCO,Primaria,99.262
09DPR5054Z,LINAJE AZTECA,MATUTINO,2024-2025,27.0805,19.5402,42.069,39.0805,34.7126,18.9143,467.0,37.0115,467,09DPR5054Z,LINAJE AZTECA,-99.05528333,19.28293056,TLÁHUAC,Primaria,80.4598
09DPR2163M,PROFR. FRANCISCO NAVA BAÑUELOS,MATUTINO,2024-2025 | 2025-2026,27.0803,24.0876,27.3723,48.1752,35.7664,18.8006,266.0,41.2409,266,09DPR2163M,PROFR. FRANCISCO NAVA BAÑUELOS,-99.15078333,19.49596944,GUSTAVO A. MADERO,Primaria,75.9124
09DPR5080Y,PROFR. VICENTE V. YBARRA,VESPERTINO,2024-2025,27.0769,25.1282,52.8205,23.0769,34.359,18.8205,230.0,35.3846,230,09DBA0216K,PROFR. VICENTE V YBARRA,-99.10176111,19.25481667,XOCHIMILCO,Adultos - Primaria,74.87180000000001
09DPR1886J,BATALLON DE SAN PATRICIO,VESPERTINO,2024-2025 | 2025-2026,27.069,0.0,61.2069,35.3448,38.7931,18.6606,138.0,45.6897,138,09DPR1886J,BATALLON DE SAN PATRICIO,-99.21332222,19.34417778,ÁLVARO OBREGÓN,Primaria,100.0
09DPR1550Y,PROFR. MELITON GUZMÁN ROMERO,VESPERTINO,2024-2025 | 2025-2026,27.0588,25.8824,40.0,45.8824,23.5294,,,47.0588,101,09DPR1553V,PROFR. MELITON GUZMÁN ROMERO,-99.11616111,19.47216111,GUSTAVO A. MADERO,Primaria,74.1176
09DPR2924C,PROFR. OTILIO MONTAÑO,VESPERTINO,2024-2025,27.0463,23.8434,35.5872,43.7722,32.0285,19.3467,338.0,37.7224,338,09DPR2924C,PROFR. OTILIO MONTAÑO,-99.00004444,19.27851389,TLÁHUAC,Primaria,76.1566
09DPR5155Y,PROFR TOMAS FREGOSO,VESPERTINO,2024-2025,27.037,15.4321,62.963,17.284,39.5062,19.0365,241.0,35.1852,241,09DPR3234X,PROFR. TOMAS FREGOSO,-98.95191111,19.22569722,TLÁHUAC,Primaria,84.5679
09DPR2461L,RUMANIA,MATUTINO,2024-2025 | 2025-2026,27.0157,2.0942,36.911,56.0209,40.0524,18.644,422.0,45.5497,422,09DPR2461L,RUMANIA,-99.177975,19.30626111,COYOACÁN,Primaria,97.9058
09DPR0910M,REPÚBLICA DE DAHOMEY,MATUTINO,2025-2026,26.9971,1.1662,37.3178,64.723,31.7784,19.068,342.0,50.7289,342,09DPR0910M,REPÚBLICA DE DAHOMEY,-99.10626667,19.39262778,IZTACALCO,Primaria,98.8338
09DPR2883T,ERMILO ABREU GOMEZ,VESPERTINO,2024-2025 | 2025-2026,26.9919,18.6992,37.3984,52.8455,26.0163,17.8769,91.0,41.4634,91,09DES0143E,ERMILO ABREU GÓMEZ,-99.20785833,19.48997778,AZCAPOTZALCO,Secundaria,81.3008
09DPR2846P,TLAHUAC,MATUTINO,2024-2025,26.9847,11.4504,54.0076,33.7786,35.687,17.5668,546.0,41.2214,546,09DPR2745R,TLAHUAC,-99.06228333,19.29597778,TLÁHUAC,Primaria,88.5496
09DPR2983S,ACATONALLI,MATUTINO,2024-2025,26.9674,29.0727,49.3734,26.0652,30.3258,18.4042,545.0,36.0902,545,09DPR2983S,ACATONALLI,-99.01074444,19.24671389,XOCHIMILCO,Primaria,70.9273
09DPR2037P,VICENTE RIVA PALACIO,VESPERTINO,2024-2025 | 2025-2026,26.9672,11.8852,58.6066,31.1475,33.1967,18.4335,283.0,39.3443,283,09DJN0267D,VICENTE RIVA PALACIO,-99.077325,19.49261111,GUSTAVO A. MADERO,Preescolar,88.1148
09DPR2246V,REPÚBLICA DE TANZANIA,VESPERTINO,2025-2026,26.9565,1.087,44.5652,65.2174,23.913,17.738,94.0,47.8261,94,09DPR2246V,REPÚBLICA DE TANZANIA,-99.12553056,19.37892222,IZTACALCO,Primaria,98.913
09DPR2048V,REY TIZOC,VESPERTINO,2024-2025,26.9421,12.3967,49.5868,34.7107,38.0165,24.0745,160.0,42.1488,160,09DPR2048V,REY TIZOC,-99.11665278,19.26426667,XOCHIMILCO,Primaria,87.6033
09DPR3089B,TLAMACHTILCALLI,VESPERTINO,2024-2025 | 2025-2026,26.9333,24.0,52.0,20.0,38.6667,19.8228,118.0,33.3333,118,09DPR3089B,TLAMACHTILCALLI,-99.15995,19.31984444,COYOACÁN,Primaria,76.0
09DPR5146Q,SOR JUANA INES DE LA CRUZ,MATUTINO,2024-2025 | 2025-2026,26.9272,24.1563,28.0639,43.8721,38.5435,19.1972,544.0,36.9449,544,09PES0606A,SOR JUANA INES DE LA CRUZ,-99.003016,19.359857,IZTAPALAPA,Secundaria,75.8437
09DPR2177P,MAESTRO MANUEL BONETA MÉNDEZ,MATUTINO,2024-2025 | 2025-2026,26.921,22.3433,33.7875,51.4986,26.9755,,,41.6894,319,09DPR2177P,MAESTRO MANUEL BONETA MÉNDEZ,-99.07103889,19.48449444,GUSTAVO A. MADERO,Primaria,77.6567
09DPR0904B,EMILIO BRAVO,MATUTINO,2024-2025 | 2025-2026,26.9207,16.9207,31.7073,54.5732,31.4024,19.1244,568.0,43.5976,568,09DPR0904B,EMILIO BRAVO,-99.14065833,19.540775,GUSTAVO A. MADERO,Primaria,83.0793
09DPR1431K,JOSÉ VICENTE VILLADA,MATUTINO,2024-2025 | 2025-2026,26.8841,22.8261,36.9565,50.0,24.6377,,,43.1159,251,09DPR1431K,JOSÉ VICENTE VILLADA,-99.06984167,19.45299444,GUSTAVO A. MADERO,Primaria,77.1739
09DPR2047W,REPÚBLICA DE LA INDIA,MATUTINO,2024-2025,26.8835,37.9404,28.7263,40.6504,27.1003,18.4217,392.0,33.6043,392,09DPR5113Z,REPÚBLICA DE LA INDIA,-99.12222222,19.19843889,XOCHIMILCO,Primaria,62.0596
09DPR2745R,TLAHUAC,VESPERTINO,2024-2025,26.879,24.2038,57.3248,27.3885,25.4777,18.1958,214.0,36.9427,214,09DPR2745R,TLAHUAC,-99.06228333,19.29597778,TLÁHUAC,Primaria,75.7962
09DPR2529B,ALBERTO CORREA,MATUTINO,2024-2025 | 2025-2026,26.8622,0.8798,36.9501,66.8622,29.6188,18.4215,350.0,47.2141,350,09DPR2529B,ALBERTO CORREA,-99.165275,19.41888333,CUAUHTÉMOC,Primaria,99.1202
09DPR1115W,PEDRO MARIA ANAYA,MATUTINO,2025-2026,26.8571,3.8095,44.7619,46.6667,39.0476,20.0888,132.0,43.8095,132,09DPR1115W,PEDRO MARIA ANAYA,-99.14209167,19.37470556,BENITO JUÁREZ,Primaria,96.1905
09DPR5068C,XIUHZITZQUILI,VESPERTINO,2024-2025 | 2025-2026,26.8421,0.0,72.3684,20.3947,41.4474,19.1158,437.0,40.7895,437,09DPR5068C,XIUHZITZQUILI,-98.970025,19.32857778,IZTAPALAPA,Primaria,100.0
09DPR0018N,JULIO DE LA FUENTE,MATUTINO,2024-2025 | 2025-2026,26.8246,29.3839,37.2038,32.2275,35.3081,,,34.5972,432,09DPR4519I,JULIO DE LA FUENTE,-99.06098889,19.28720833,TLÁHUAC,Primaria,70.6161
09DPR2545T,JUAN BADIANO,MATUTINO,2024-2025,26.8132,15.3846,5.1282,69.9634,43.5897,18.9688,309.0,38.8278,309,09DPR2545T,JUAN BADIANO,-99.13045,19.26141667,XOCHIMILCO,Primaria,84.6154
09DPR1063G,PRESIDENTE MIGUEL ALEMAN,MATUTINO,2024-2025 | 2025-2026,26.812,0.2725,32.4251,64.0327,37.3297,18.8941,374.0,43.0518,374,09DPR1063G,PRESIDENTE MIGUEL ALEMAN,-99.07162778,19.42785,VENUSTIANO CARRANZA,Primaria,99.7275
09DPR1998N,QUILAZTLI,VESPERTINO,2024-2025,26.7943,27.2727,29.6651,40.6699,36.3636,18.4125,236.0,38.2775,236,09DPR2041B,QUILAZTLI,-99.10559444,19.25668333,XOCHIMILCO,Primaria,72.7273
09DPR1855Q,ROMÁN SALDAÑA OROPESA,MATUTINO,2024-2025 | 2025-2026,26.7647,0.0,37.7451,50.9804,45.098,18.7455,293.0,43.6275,293,09DPR1855Q,ROMÁN SALDAÑA OROPESA,-99.20117778,19.37064722,ÁLVARO OBREGÓN,Primaria,100.0
09DPR5138H,LIC. MIGUEL ALEMAN,VESPERTINO,2024-2025,26.7616,54.4484,23.8434,36.6548,18.8612,18.2844,287.0,28.8256,287,09DPR2062O,LIC. MIGUEL ALEMAN,-99.09549167,19.19437222,MILPA ALTA,Primaria,45.5516
09DPR1255W,LIC. LUIS CABRERA,MATUTINO,2024-2025 | 2025-2026,26.7568,0.5405,35.1351,53.2432,44.8649,19.2604,398.0,44.5946,398,09DPR1255W,LIC. LUIS CABRERA,-99.15873333,19.36956944,BENITO JUÁREZ,Primaria,99.4595
09DPR2300Z,PROFR. MANUEL QUIROZ MARTÍNEZ,MATUTINO,2024-2025 | 2025-2026,26.7553,1.0638,49.2021,39.0957,44.4149,19.5955,458.0,43.3511,458,09DPR2300Z,PROFR. MANUEL QUIROZ MARTÍNEZ,-99.2017,19.38585278,ÁLVARO OBREGÓN,Primaria,98.9362
09DPR2966B,QUETZALCOATL,MATUTINO,2024-2025,26.7528,30.8118,36.9004,29.8893,36.1624,19.9264,541.0,35.4244,541,09DPR5119T,QUETZALCOATL,-99.30938056,19.3535,CUAJIMALPA DE MORELOS,Primaria,69.1882
09DPR1899N,MAESTRO ENRIQUE COCA PÉREZ,MATUTINO,2024-2025 | 2025-2026,26.7337,0.5025,60.804,29.6482,42.7136,18.5348,226.0,42.7136,226,09DPR1899N,MAESTRO ENRIQUE COCA PÉREZ,-99.20752222,19.34169722,ÁLVARO OBREGÓN,Primaria,99.4975
09DPR2862G,ENRIQUE LAUBSCHER,VESPERTINO,2024-2025 | 2025-2026,26.7299,2.3697,54.9763,40.2844,36.019,19.0526,315.0,45.9716,315,09DJN0279I,ENRIQUE LAUBSCHER,-99.17354722,19.46356111,AZCAPOTZALCO,Preescolar,97.6303
09DPR1823Y,JOSÉ OJEDA GARDUÑO,MATUTINO,2024-2025 | 2025-2026,26.7093,7.9872,52.0767,35.4633,38.0192,18.8132,339.0,42.492,339,09DPR1824X,JOSÉ OJEDA GARDUÑO,-99.21433889,19.38768056,ÁLVARO OBREGÓN,Primaria,92.0128
09DPR1980O,PROFR. CANDELARIO MEJIA Y CERVANTES,MATUTINO,2025-2026,26.7036,6.6482,59.5568,23.8227,43.4903,18.969,468.0,39.6122,468,09DPR1980O,PROFR. CANDELARIO MEJIA Y CERVANTES,-99.15324167,19.33717222,COYOACÁN,Primaria,93.3518
09DPR1903J,CENOBIA GARCÍA NAVA,MATUTINO,2024-2025 | 2025-2026,26.6995,0.0,57.4713,41.7077,34.3186,18.3317,613.0,44.6634,613,09DPR5135K,CENOBIA GARCÍA NAVA,-99.28146667,19.32846111,ÁLVARO OBREGÓN,Primaria,100.0
09DPR4009G,CARLOS ALVARADO LANG,MATUTINO,2024-2025 | 2025-2026,26.6928,0.0,61.0568,28.9628,43.4442,19.0467,526.0,41.0959,526,09DPR4009G,CARLOS ALVARADO LANG,-99.20768333,19.38203611,ÁLVARO OBREGÓN,Primaria,100.0
09DPR2946O,PROFRA. CARMEN ARROYO DE LA PARRA,MATUTINO,2024-2025 | 2025-2026,26.6667,11.3553,58.2418,16.1172,47.619,19.8306,258.0,39.9267,258,09DPR3010P,PROFRA. CARMEN ARROYO DE LA PARRA,-99.05331111,19.29006111,TLÁHUAC,Primaria,88.6447
09DPR1595U,FRANCISCO DE PAULA HERRASTI,MATUTINO,2024-2025 | 2025-2026,26.6667,20.0855,43.1624,33.3333,36.7521,,,38.8889,223,09DPR1595U,FRANCISCO DE PAULA HERRASTI,-99.14904444,19.47052778,AZCAPOTZALCO,Primaria,79.9145
09DPR2871O,ING. JOSÉ LÓPEZ PORTILLO Y WEBER,MATUTINO,2025-2026,26.652,0.2203,38.7665,60.3524,33.9207,17.9397,478.0,43.1718,478,09DPR2871O,ING. JOSÉ LÓPEZ PORTILLO Y WEBER,-99.12571111,19.33080833,COYOACÁN,Primaria,99.7797
09DPR4203K,MÉXICO-JAPÓN,MATUTINO,2024-2025 | 2025-2026,26.6365,1.0558,44.7964,49.4721,37.8582,19.5605,695.0,48.2655,695,09DBS0041K,MÉXICO-JAPÓN,-99.04960833,19.32438889,IZTAPALAPA,Adultos - Secundaria,98.9442
09DPR2655Z,TLAMACHIHUAPAN,VESPERTINO,2024-2025,26.6301,29.863,38.3562,38.0822,26.8493,18.8637,357.0,33.4247,357,09DPR2655Z,TLAMACHIHUAPAN,-99.07363056,19.24300278,XOCHIMILCO,Primaria,70.137
09DPR1177I,JUANA DE ASBAJE,MATUTINO,2024-2025 | 2025-2026,26.6192,2.4911,43.4164,50.8897,36.2989,19.012,325.0,46.2633,325,09DPR1412W,JUANA DE ASBAJE,-99.10957222,19.49110833,GUSTAVO A. MADERO,Primaria,97.5089
09DPR1795S,RAFAEL AREVALO MARTÍNEZ,MATUTINO,2024-2025 | 2025-2026,26.619,0.2381,62.8571,26.9048,43.0952,,,40.7143,432,09DPR1795S,RAFAEL AREVALO MARTÍNEZ,-99.2128,19.38902222,ÁLVARO OBREGÓN,Primaria,99.7619
09DPR1540R,PROFR. MOISES SAENZ,MATUTINO,2024-2025 | 2025-2026,26.5909,1.1364,38.2576,60.2273,33.3333,14.26,266.0,47.7273,266,09DPR1540R,PROFR. MOISES SAENZ,-99.09953333,19.48360278,GUSTAVO A. MADERO,Primaria,98.8636
09DPR0143L,ESPERANZA VILLASANA HEREDIA,MATUTINO,2024-2025 | 2025-2026,26.5854,0.3049,61.5854,27.439,43.5976,,,45.7317,320,09DPR0143L,ESPERANZA VILLASANA HEREDIA,-99.201575,19.39121667,ÁLVARO OBREGÓN,Primaria,99.6951
09DPR1703L,GRAL. J. FERNANDO RAMIREZ,MATUTINO,2024-2025 | 2025-2026,26.5854,0.0,32.9268,62.1951,37.8049,19.5944,97.0,46.3415,97,09DPR1703L,GRAL. J. FERNANDO RAMIREZ,-99.209425,19.45241944,MIGUEL HIDALGO,Primaria,100.0
09DPR2482Y,ALFREDO E. URUCHURTU,MATUTINO,2024-2025 | 2025-2026,26.5839,1.2422,47.8261,52.795,31.0559,,,52.1739,211,09DPR2479K,ALFREDO E. URUCHURTU,-99.12513333,19.43825556,CUAUHTÉMOC,Primaria,98.7578
09DPR3240H,CONSTITUYENTE CELESTINO PÉREZ Y PÉREZ,VESPERTINO,2024-2025 | 2025-2026,26.5823,0.0,62.0253,46.8354,24.0506,20.8946,106.0,49.3671,106,09DPR3239S,CONSTITUYENTE CELESTINO PÉREZ Y PÉREZ,-99.0016,19.36690833,IZTAPALAPA,Primaria,100.0
09DPR1929R,LIDICE,MATUTINO,2024-2025,26.5714,24.2857,45.2381,26.4286,36.9048,19.6642,452.0,35.4762,452,09DPR1929R,LIDICE,-99.22481111,19.32593333,LA MAGDALENA CONTRERAS,Primaria,75.71430000000001
09DPR0059N,DOMINGO MARTÍNEZ  PAREDEZ,MATUTINO,2024-2025 | 2025-2026,26.5714,0.7143,53.0952,36.1905,42.8571,,,41.1905,429,09DPR0059N,DOMINGO MARTÍNEZ  PAREDEZ,-99.22241389,19.27457778,TLALPAN,Primaria,99.2857
09DPR3242F,PROFR. MANUEL VILLASEÑOR,VESPERTINO,2024-2025 | 2025-2026,26.57,0.9662,50.2415,48.7923,32.8502,18.5227,315.0,47.343,315,09DPR3155K,PROFR. MANUEL VILLASEÑOR,-99.05008889,19.33380833,IZTAPALAPA,Primaria,99.0338
09DPR2772O,CORONEL NICOLAS ROMERO,MATUTINO,2024-2025,26.5653,21.2766,47.4164,29.7872,34.3465,19.0112,347.0,34.6505,347,09DPR2762H,CORONEL NICOLAS ROMERO,-99.25272778,19.30666389,LA MAGDALENA CONTRERAS,Primaria,78.7234
09DPR4005K,JUAN RULFO,MATUTINO,2024-2025 | 2025-2026,26.544,17.3824,34.3558,53.7832,27.1984,,,43.3538,467,09DPR5073O,JUAN RULFO,-99.03578333,19.36853333,IZTAPALAPA,Primaria,82.6176
09DPR1887I,ALVARO OBREGON,MATUTINO,2024-2025,26.5405,6.4865,64.3243,28.9189,32.973,16.7879,390.0,38.9189,390,09DJN0223G,ALVARO OBREGON,-99.07028889,19.4783,GUSTAVO A. MADERO,Preescolar,93.5135
09DPR2501W,AUGUSTO CESAR SANDINO,MATUTINO,2024-2025 | 2025-2026,26.5385,0.9615,49.0385,50.0,32.6923,19.69,131.0,47.1154,131,09DPR2501W,AUGUSTO CESAR SANDINO,-99.161075,19.456425,CUAUHTÉMOC,Primaria,99.0385
09DPR2505S,DR. AGUSTIN RIVERA,MATUTINO,2024-2025 | 2025-2026,26.5374,0.0,39.6122,48.7535,44.3213,19.5345,365.0,46.2604,365,09DPR2505S,DR. AGUSTIN RIVERA,-99.14514444,19.42730556,CUAUHTÉMOC,Primaria,100.0
09DPR3073A,TORIBIO VELASCO FRIAS,MATUTINO,2024-2025 | 2025-2026,26.5245,0.2132,59.7015,24.5203,48.1876,19.753,536.0,44.7761,536,09DPR3073A,TORIBIO VELASCO FRIAS,-99.22943333,19.357275,ÁLVARO OBREGÓN,Primaria,99.7868
09DPR2072V,HÉROES DE LA INDEPENDENCIA,MATUTINO,2024-2025,26.5217,5.4348,36.9565,46.3768,43.8406,18.1969,308.0,42.029,308,09DPR2072V,HÉROES DE LA INDEPENDENCIA,-99.13815278,19.27629722,XOCHIMILCO,Primaria,94.5652
09DPR1876C,VALENTÍN GOMEZ FARIAS,MATUTINO,2024-2025 | 2025-2026,26.5193,11.6022,30.3867,45.8564,44.7514,19.5725,257.0,38.1215,257,09DPR1876C,VALENTÍN GOMEZ FARIAS,-99.18441389,19.37442222,BENITO JUÁREZ,Primaria,88.3978
09DPR2024L,CRISTÓBAL COLÓN,VESPERTINO,2024-2025 | 2025-2026,26.514,40.458,31.5522,30.5344,30.0254,19.2459,400.0,32.3155,400,09DPR2024L,CRISTÓBAL COLÓN,-98.96447222,19.22480278,TLÁHUAC,Primaria,59.542
09DPR1620C,CANDIDO NAVARRO,MATUTINO,2024-2025 | 2025-2026,26.5103,7.3314,44.5748,47.5073,33.1378,,,41.349,309,09DPR1620C,CANDIDO NAVARRO,-99.17706389,19.49026389,AZCAPOTZALCO,Primaria,92.6686
09DPR5118U,CALPULLI CALTONGO,VESPERTINO,2024-2025,26.5089,11.2426,54.4379,27.2189,39.645,18.7653,188.0,42.0118,188,09DPR5008O,CALPULLI CALTONGO,-99.0794,19.26101111,XOCHIMILCO,Primaria,88.7574
09DPR1904I,XICOTENCATL,MATUTINO,2024-2025 | 2025-2026,26.499,31.0273,44.4444,27.8826,29.1405,,,32.4948,476,09DPR1904I,XICOTENCATL,-99.25632222,19.31331944,LA MAGDALENA CONTRERAS,Primaria,68.9727
09DPR5105Q,JAIME SABINES,MATUTINO,2024-2025 | 2025-2026,26.4953,0.0,23.5981,68.4579,40.4206,18.6079,440.0,39.486,440,09DPR5105Q,JAIME SABINES,-99.00394444,19.33298611,IZTAPALAPA,Primaria,100.0
09DPR2292G,DR. SAMUEL RAMOS,VESPERTINO,2024-2025 | 2025-2026,26.4815,3.7037,38.8889,41.6667,48.1481,19.3433,140.0,43.5185,140,09DPR2292G,DR. SAMUEL RAMOS,-99.19883056,19.37474722,ÁLVARO OBREGÓN,Primaria,96.2963
09DPR0038A,PROFRA. EMMA GODOY,MATUTINO,2024-2025 | 2025-2026,26.4773,25.0,28.9773,50.0,28.4091,19.2317,148.0,39.2045,148,09DPR2619U,PROFRA. EMMA GODOY,-99.21901111,19.27626667,TLALPAN,Primaria,75.0
09DPR3132Z,IGNACIO L. VALLARTA,MATUTINO,2025-2026,26.4762,0.0,20.9524,75.2381,36.1905,18.1221,144.0,40.0,144,09DPR3132Z,IGNACIO L. VALLARTA,-99.16099167,19.42073889,CUAUHTÉMOC,Primaria,100.0
09DPR2954X,CUAUHTEPEC,MATUTINO,2024-2025 | 2025-2026,26.4734,27.5362,31.401,49.7585,23.6715,,,38.6473,361,09DPR2954X,CUAUHTEPEC,-99.13119722,19.55950278,GUSTAVO A. MADERO,Primaria,72.46379999999999
09DPR4179A,ANDRES IDUARTE,MATUTINO,2024-2025 | 2025-2026,26.4684,19.5167,27.6952,52.6022,32.5279,,,39.4052,472,09DPR4179A,ANDRES IDUARTE,-99.12496111,19.51381667,GUSTAVO A. MADERO,Primaria,80.4833
09DPR1846I,ENRIQUE DE OLAVARRIA Y FERRARI,MATUTINO,2024-2025 | 2025-2026,26.4684,3.7175,41.2639,44.6097,42.7509,,,39.777,292,09DPR1846I,ENRIQUE DE OLAVARRIA Y FERRARI,-99.18760278,19.37403889,BENITO JUÁREZ,Primaria,96.2825
09DPR2749N,PROFR. CECILIO MIJARES POBLANO,VESPERTINO,2024-2025 | 2025-2026,26.4662,0.3759,66.5414,31.9549,33.4586,18.5177,301.0,46.2406,301,09DPR2749N,PROFR. CECILIO MIJARES POBLANO,-99.23698611,19.27231389,TLALPAN,Primaria,99.6241
09DPR2027I,CRISTÓBAL COLÓN,MATUTINO,2024-2025,26.466,24.7382,51.9634,19.1099,36.5183,19.2242,825.0,34.4241,825,09DPR2024L,CRISTÓBAL COLÓN,-98.96447222,19.22480278,TLÁHUAC,Primaria,75.2618
09DPR1870I,HERMANOS GALEANA,MATUTINO,2024-2025 | 2025-2026,26.453,0.4274,62.1795,29.9145,39.7436,19.2037,545.0,45.2991,545,09DPR1677D,HERMANOS GALEANA,-99.25387778,19.359,ÁLVARO OBREGÓN,Primaria,99.5726
09DPR4209E,LUCAS ORTIZ BENITEZ,MATUTINO,2024-2025 | 2025-2026,26.4506,16.9753,40.4321,49.0741,25.7716,18.2323,562.0,41.0494,562,09DPR4209E,LUCAS ORTIZ BENITEZ,-99.14713889,19.53187222,GUSTAVO A. MADERO,Primaria,83.0247
09DPR3168O,PROFR. RUBEN MOREIRA COBOS,MATUTINO,2024-2025 | 2025-2026,26.4495,4.5603,42.671,46.2541,38.7622,19.1833,337.0,44.9511,337,09DPR3168O,PROFR. RUBEN MOREIRA COBOS,-99.06668611,19.410775,IZTACALCO,Primaria,95.4397
09DPR2309Q,MANUEL BUENDIA,MATUTINO,2024-2025 | 2025-2026,26.4444,0.7407,41.8519,54.4444,35.1852,,,42.2222,294,09DPR2309Q,MANUEL BUENDIA,-99.122925,19.390075,IZTACALCO,Primaria,99.2593
09DPR1729T,CENTRO ESCOLAR MÉXICO,VESPERTINO,2024-2025 | 2025-2026,26.4368,0.0,29.8851,65.5172,36.7816,19.5701,102.0,44.8276,102,09PPR1710Z,CENTRO ESCOLAR MÉXICO,-98.99792,19.348589,IZTAPALAPA,Primaria,100.0
09DPR1811T,MARIA G. DE GARCÍA RUIZ,MATUTINO,2025-2026,26.4286,0.4464,45.5357,43.3036,42.8571,19.3015,288.0,45.5357,288,09DPR1811T,MARIA G. DE GARCÍA RUIZ,-99.21105278,19.38724167,ÁLVARO OBREGÓN,Primaria,99.5536
09DPR1569W,REPÚBLICA DE CUBA,MATUTINO,2024-2025 | 2025-2026,26.4286,0.4464,41.5179,50.8929,39.2857,,,46.4286,238,09DPR1569W,REPÚBLICA DE CUBA,-99.16182778,19.452325,CUAUHTÉMOC,Primaria,99.5536
09DPR2899U,CARTA DE LOS DERECHOS Y DEBERES ECONOMICOS DE LOS ESTADOS,MATUTINO,2024-2025 | 2025-2026,26.4069,0.4329,40.2597,49.7835,41.5584,19.3376,295.0,43.7229,295,09DPR2899U,CARTA DE LOS DERECHOS Y DEBERES ECONOMICOS DE LOS ESTADOS,-99.10849167,19.38378889,IZTACALCO,Primaria,99.5671
09DPR5141V,TLALOC,VESPERTINO,2024-2025,26.4,33.3333,57.3333,15.3333,26.0,19.165,188.0,32.6667,188,09DPR5063H,TLALOC,-99.05151944,19.36743889,IZTAPALAPA,Primaria,66.66669999999999
09DPR0122Z,PRESIDENTE VICENTE ROCAFUERTE,MATUTINO,2024-2025 | 2025-2026,26.3966,0.0,34.7548,60.3412,36.887,19.2375,511.0,47.9744,511,09DPR0122Z,PRESIDENTE VICENTE ROCAFUERTE,-99.0565,19.42323333,VENUSTIANO CARRANZA,Primaria,100.0
09DPR5100V,JOSÉ MARIA CHAVEZ ANDRADE,MATUTINO,2024-2025 | 2025-2026,26.3889,0.463,62.963,26.1574,42.3611,18.5396,426.0,41.2037,426,09DPR5100V,JOSÉ MARIA CHAVEZ ANDRADE,-99.21221111,19.26843889,TLALPAN,Primaria,99.537
09DPR1544N,GRAL. MIGUEL NEGRETE,MATUTINO,2024-2025 | 2025-2026,26.3704,18.2716,46.4198,36.0494,31.1111,,,37.5309,386,09DPR1544N,GRAL. MIGUEL NEGRETE,-99.08605278,19.50009167,GUSTAVO A. MADERO,Primaria,81.7284
09DPR2127H,JULIO VERNE,MATUTINO,2024-2025 | 2025-2026,26.3636,27.2727,15.9091,56.3636,32.2727,,,36.8182,247,09DES4287B,JULIO VERNE,-99.05103056,19.33368889,IZTAPALAPA,Secundaria,72.7273
09DPR1308K,ESTEBAN GARCÍA DE ALBA,MATUTINO,2024-2025 | 2025-2026,26.3529,4.7059,54.7059,25.2941,47.0588,19.7602,310.0,38.8235,310,09DPR1308K,ESTEBAN GARCÍA DE ALBA,-99.12056389,19.3596,IZTAPALAPA,Primaria,95.2941
09DPR3197J,PROFRA. VIRGINIA RIVERA LOZANO,MATUTINO,2025-2026,26.3529,0.0,72.1569,25.4902,34.1176,18.7376,298.0,45.8824,298,09DPR0130H,PROFRA. VIRGINIA RIVERA LOZANO,-99.21444444,19.35409722,ÁLVARO OBREGÓN,Primaria,100.0
09DPR4187J,PROFR. SAUL VENANCIO ANCHONDO LOZOYA,MATUTINO,2024-2025 | 2025-2026,26.3518,0.0,47.0684,44.7883,39.9023,18.8719,634.0,44.7883,634,09DPR4187J,PROFR. SAUL VENANCIO ANCHONDO LOZOYA,-99.22583889,19.26697222,TLALPAN,Primaria,100.0
09DPR2472R,PLAN SEXENAL,VESPERTINO,2024-2025,26.3333,35.625,50.2083,25.4167,20.4167,17.7841,535.0,29.5833,535,09DPR2053G,PLAN SEXENAL,-99.07345,19.18691667,MILPA ALTA,Primaria,64.375
09DPR1987H,FRANCISCO I. MADERO,MATUTINO,2024-2025 | 2025-2026,26.3305,1.6807,65.8263,22.2689,41.8768,19.0029,729.0,42.437,729,09DPR1986I,FRANCISCO I. MADERO,-99.20555278,19.21824722,TLALPAN,Primaria,98.3193
09DPR1315U,ERNESTO P. URUCHURTU,MATUTINO,2024-2025 | 2025-2026,26.33,0.0,51.1785,50.5051,29.9663,18.6176,330.0,51.5152,330,09DPR1315U,ERNESTO P. URUCHURTU,-99.09640833,19.36548056,IZTAPALAPA,Primaria,100.0
09DPR2839F,MTRA. GUILLERMINA GONZÁLEZ GALICIA,MATUTINO,2024-2025 | 2025-2026,26.3256,0.4651,43.0233,45.3488,42.7907,19.0653,527.0,42.7907,527,09DPR2839F,MTRA. GUILLERMINA GONZÁLEZ GALICIA,-99.07958056,19.34792222,IZTAPALAPA,Primaria,99.5349
09DPR1650X,MÁRTIRES DEL AGRARISMO,MATUTINO,2024-2025 | 2025-2026,26.3138,27.7883,26.8431,44.8015,32.1361,18.7952,341.0,34.7826,341,09DPR1650X,MÁRTIRES DEL AGRARISMO,-99.20050556,19.48334167,AZCAPOTZALCO,Primaria,72.21170000000001
09DPR2061P,MARTÍN TORRES PADILLA,MATUTINO,2024-2025 | 2025-2026,26.3125,0.3125,45.9375,42.1875,43.125,19.1232,378.0,40.625,378,09DPR2061P,MARTÍN TORRES PADILLA,-99.13998889,19.285475,TLALPAN,Primaria,99.6875
09DPR2836I,GREGORIO TORRES QUINTERO,MATUTINO,2024-2025 | 2025-2026,26.3048,25.261,35.2818,44.8852,26.096,18.6124,409.0,40.0835,409,09DJN0910W,GREGORIO TORRES QUINTERO,-99.10751944,19.3193,COYOACÁN,Preescolar,74.739
09DPR1937Z,JOHN F. KENNEDY,MATUTINO,2025-2026,26.2911,0.0,54.4601,30.0469,46.9484,19.1538,257.0,42.2535,257,09DES4067Q,JOHN F. KENNEDY,-99.20011389,19.48436667,AZCAPOTZALCO,Secundaria,100.0
09DPR0145J,PROFRA. JOSEFINA TOLSA MARAÑON,MATUTINO,2024-2025 | 2025-2026,26.2901,28.0916,37.0992,39.2366,27.0229,,,38.626,515,09DPR4208F,PROFRA. JOSEFINA TOLSA MARAÑON,-99.13484167,19.55234167,GUSTAVO A. MADERO,Primaria,71.9084
09DPR2900T,TLACAELEL,MATUTINO,2024-2025,26.2899,38.5749,27.7641,32.1867,32.9238,19.5756,560.0,30.4668,560,09DPR2782V,TLACAELEL,-99.05723333,19.29519722,TLÁHUAC,Primaria,61.4251
09DPR1621B,CARLOS MARX,MATUTINO,2024-2025 | 2025-2026,26.2895,23.4609,36.772,43.594,27.6206,,,39.4343,554,09DES0214I,CARLOS MARX,-99.000825,19.36634444,IZTAPALAPA,Secundaria,76.5391
09DPR2674N,RABINDRANATH TAGORE,VESPERTINO,2024-2025 | 2025-2026,26.2821,22.4359,49.359,39.1026,20.5128,,,38.4615,124,09DPR2674N,RABINDRANATH TAGORE,-99.13798611,19.52011389,GUSTAVO A. MADERO,Primaria,77.5641
09DPR1960A,LIBERAL,VESPERTINO,2025-2026,26.2791,50.0,38.3721,19.7674,23.2558,18.9279,107.0,30.2326,107,09DPR1960A,LIBERAL,-99.14677778,19.32136667,COYOACÁN,Primaria,50.0
09DPR5110B,JOSÉ MARIA CHAVEZ ANDRADE,VESPERTINO,2024-2025 | 2025-2026,26.2676,0.7042,73.2394,21.1268,36.2676,18.7221,316.0,45.0704,316,09DPR5100V,JOSÉ MARIA CHAVEZ ANDRADE,-99.21221111,19.26843889,TLALPAN,Primaria,99.2958
09DPR2280B,REPÚBLICA ITALIANA,MATUTINO,2025-2026,26.2595,20.1018,42.4936,35.1145,33.5878,18.735,377.0,35.1145,377,09DPR2280B,REPÚBLICA ITALIANA,-99.13140278,19.34407222,COYOACÁN,Primaria,79.8982
09DPR1863Z,JACINTO CANEK,MATUTINO,2024-2025 | 2025-2026,26.2374,1.6097,51.1066,35.6137,42.8571,18.706,595.0,37.6258,595,09DPR1961Z,JACINTO CANEK,-99.21888333,19.28870833,TLALPAN,Primaria,98.3903
09DPR1884L,BATALLON DE SAN PATRICIO,MATUTINO,2024-2025 | 2025-2026,26.2275,1.1976,51.497,38.9222,39.521,,,44.9102,179,09DPR1886J,BATALLON DE SAN PATRICIO,-99.21332222,19.34417778,ÁLVARO OBREGÓN,Primaria,98.8024
09DPR1953R,PLAN DE AYUTLA,MATUTINO,2024-2025 | 2025-2026,26.2254,2.5045,50.4472,37.746,40.4293,18.4028,567.0,40.2504,567,09DPR1044S,PLAN DE AYUTLA,-99.09669444,19.445675,VENUSTIANO CARRANZA,Primaria,97.49549999999999
09DPR2532P,JAIME NUNO,MATUTINO,2024-2025 | 2025-2026,26.2,0.5,50.0,49.5,31.0,18.617,234.0,45.5,234,09DJN0698T,JAIME NUNO,-99.13766389,19.44666944,CUAUHTÉMOC,Preescolar,99.5
09DPR2393E,JOSÉ MARÍA PINO SUÁREZ,MATUTINO,2024-2025 | 2025-2026,26.1947,0.0,45.1327,40.708,45.1327,19.8187,141.0,43.3628,141,09DPR2393E,JOSÉ MARÍA PINO SUÁREZ,-99.12995,19.44877778,CUAUHTÉMOC,Primaria,100.0
09DPR1119S,MANUEL ACUÑA,MATUTINO,2024-2025 | 2025-2026,26.1899,18.0025,34.5253,50.9248,27.4969,,,42.1702,652,09DES0306Z,MANUEL ACUÑA,-99.02557778,19.33202778,IZTAPALAPA,Secundaria,81.9975
09DPR1758O,ISAAC OCHOTERENA,MATUTINO,2024-2025 | 2025-2026,26.1832,0.0,51.145,33.9695,45.8015,18.9227,352.0,41.9847,352,09DPR1760C,ISAAC OCHOTERENA,-99.16700833,19.27355278,TLALPAN,Primaria,100.0
09DPR1716P,FRANCISCO FIGUEROA,MATUTINO,2025-2026,26.1702,0.0,44.6809,47.8723,38.2979,19.6324,128.0,48.9362,128,09DPR1716P,FRANCISCO FIGUEROA,-99.19326944,19.45848611,MIGUEL HIDALGO,Primaria,100.0
09DPR2748O,PROFRA. CONSUELO MARTÍNEZ DE CUERVO,MATUTINO,2024-2025 | 2025-2026,26.1659,23.4742,36.6197,48.8263,21.9092,17.8779,517.0,41.471,517,09DPR2748O,PROFRA. CONSUELO MARTÍNEZ DE CUERVO,-99.09342778,19.50753056,GUSTAVO A. MADERO,Primaria,76.5258
09DPR0017O,NICOLAS LEON,MATUTINO,2024-2025,26.1538,22.3077,41.2821,27.6923,39.4872,18.4152,410.0,35.1282,410,09DPR0015Q,NICOLAS LEON,-98.99588889,19.28511944,TLÁHUAC,Primaria,77.6923
09DPR2022N,ING. ESTANISLAO RAMÍREZ RUIZ,MATUTINO,2024-2025,26.1497,25.9358,33.9572,36.8984,33.9572,18.4007,416.0,36.0963,416,09DPR2022N,ING. ESTANISLAO RAMÍREZ RUIZ,-99.00883611,19.27838611,TLÁHUAC,Primaria,74.0642
09DPR4165Y,DANIEL COSIO VILLEGAS,VESPERTINO,2024-2025 | 2025-2026,26.1456,53.6388,28.0323,27.2237,21.8329,18.7012,388.0,29.1105,388,09DPR4165Y,DANIEL COSIO VILLEGAS,-99.03792778,19.31230556,TLÁHUAC,Primaria,46.3612
09DPR2065L,JUAN DE LA BARRERA,MATUTINO,2024-2025,26.1408,19.4366,46.1972,29.8592,35.2113,18.7892,406.0,35.493,406,09DPR2065L,JUAN DE LA BARRERA,-99.13141389,19.25603333,XOCHIMILCO,Primaria,80.5634
09DPR2773N,MAESTRO ARQUELES VELA S.,MATUTINO,2025-2026,26.1364,3.9773,61.6477,18.4659,46.5909,19.3577,341.0,39.7727,341,09DPR2773N,MAESTRO ARQUELES VELA S.,-99.20045,19.38991944,ÁLVARO OBREGÓN,Primaria,96.0227
09DPR2916U,CERRO DE LA ESTRELLA,VESPERTINO,2024-2025 | 2025-2026,26.129,4.8387,74.1935,12.9032,38.7097,19.5517,159.0,38.7097,159,09DPR2908L,CERRO DE LA ESTRELLA,-99.10246111,19.34549444,IZTAPALAPA,Primaria,95.1613
09DPR1951T,REPÚBLICA DE GUATEMALA,MATUTINO,2024-2025 | 2025-2026,26.114,0.0,45.0777,44.0415,41.4508,18.9739,231.0,43.0052,231,09DES0057I,REPÚBLICA DE GUATEMALA,-99.11147778,19.46148889,GUSTAVO A. MADERO,Secundaria,100.0
09DPR1489K,REPÚBLICA DE SUDAN,MATUTINO,2024-2025 | 2025-2026,26.1128,24.3323,31.454,46.5875,28.1899,19.0832,277.0,39.7626,277,09DPR1489K,REPÚBLICA DE SUDAN,-99.06900556,19.48577222,GUSTAVO A. MADERO,Primaria,75.6677
09DPR1447L,VICTORIO ROJAS OLIVAR,VESPERTINO,2024-2025 | 2025-2026,26.1017,27.6836,34.4633,42.9379,25.4237,,,37.8531,153,09DPR1449J,VICTORIO ROJAS OLIVAR,-99.13395833,19.51943889,GUSTAVO A. MADERO,Primaria,72.3164
09DPR2172U,BOMBERO RAMÓN ARRIAGA ACEVES,VESPERTINO,2024-2025 | 2025-2026,26.0938,26.5625,34.375,45.3125,24.2188,,,38.2812,111,09DPR2172U,BOMBERO RAMÓN ARRIAGA ACEVES,-99.11734167,19.50060278,GUSTAVO A. MADERO,Primaria,73.4375
09DPR1902K,HÉROES DE CHURUBUSCO,MATUTINO,2024-2025 | 2025-2026,26.08,0.0,49.6,39.2,41.6,19.0112,38.0,40.8,38,09DPR1902K,HÉROES DE CHURUBUSCO,-99.15631389,19.35010278,COYOACÁN,Primaria,100.0
09DPR5154Z,BENITO JUÁREZ,VESPERTINO,2024-2025,26.0563,12.6761,40.8451,54.2254,22.5352,17.3976,210.0,39.4366,210,09DPR2241Z,BENITO JUÁREZ,-99.32901667,19.33125556,CUAJIMALPA DE MORELOS,Primaria,87.3239
09DPR3154L,REPÚBLICA DE GUATEMALA,VESPERTINO,2025-2026,26.055,0.0,50.4587,54.1284,25.6881,18.439,142.0,47.7064,142,09DES0057I,REPÚBLICA DE GUATEMALA,-99.11147778,19.46148889,GUSTAVO A. MADERO,Secundaria,100.0
09DPR1501P,VIDAL ALCOCER,MATUTINO,2024-2025 | 2025-2026,26.049,0.0,46.8665,39.782,43.5967,19.616,439.0,43.0518,439,09DPR1501P,VIDAL ALCOCER,-99.16491944,19.28780556,TLALPAN,Primaria,100.0
09DPR0109E,PROFR. MANUEL RAFAEL GUTIERREZ,MATUTINO,2024-2025,26.0455,27.3292,28.5714,35.4037,38.9234,28.255,506.0,33.9545,506,09DPR0009F,PROFR. MANUEL RAFAEL GUTIERREZ,-99.00582778,19.28943611,TLÁHUAC,Primaria,72.6708
09DPR2737I,XOCHIMILCO,MATUTINO,2024-2025,26.0364,26.7273,35.6364,36.3636,31.4545,18.9695,589.0,32.0,589,09DJN0073Q,XOCHIMILCO,-99.10267222,19.27168889,XOCHIMILCO,Preescolar,73.2727
09DPR1283S,JOSÉ JOAQUIN TERRAZAS,MATUTINO,2025-2026,26.0345,3.4483,50.8621,43.1034,32.7586,18.1115,165.0,38.7931,165,09DPR1283S,JOSÉ JOAQUIN TERRAZAS,-99.14075833,19.39041111,BENITO JUÁREZ,Primaria,96.5517
09DPR2639H,PROFR. SOSTENES NICOLAS CHAPA NIETO,VESPERTINO,2024-2025 | 2025-2026,26.0294,6.6176,61.7647,20.5882,41.1765,19.3459,200.0,44.1176,200,09DPR2624F,PROFR. SOSTENES NICOLAS CHAPA NIETO,-99.19134722,19.27183333,TLALPAN,Primaria,93.3824
09DPR1299T,FRAY MARTÍN DE VALENCIA,VESPERTINO,2025-2026,26.0215,1.0753,49.4624,48.3871,31.1828,18.8833,136.0,48.3871,136,09DPR1299T,FRAY MARTÍN DE VALENCIA,-99.07073056,19.36405556,IZTAPALAPA,Primaria,98.9247
09DPR4199O,XAVIER VILLAURRUTIA,MATUTINO,2024-2025 | 2025-2026,26.0158,0.2639,63.0607,28.7599,37.9947,18.9196,395.0,43.5356,395,09DPR4199O,XAVIER VILLAURRUTIA,-99.1036,19.31409722,COYOACÁN,Primaria,99.7361
09DPR5119T,QUETZALCOATL,VESPERTINO,2024-2025 | 2025-2026,26.009,15.2466,52.0179,34.0807,28.6996,,,42.1525,186,09DPR5119T,QUETZALCOATL,-99.30938056,19.3535,CUAJIMALPA DE MORELOS,Primaria,84.7534
09DPR2200Z,SIRIA,MATUTINO,2024-2025 | 2025-2026,26.0064,9.5847,31.9489,45.3674,43.131,19.283,397.0,35.7827,397,09DPR2200Z,SIRIA,-99.09983611,19.44246389,VENUSTIANO CARRANZA,Primaria,90.4153
09DPR2029G,CHICHÉN ITZÁ,MATUTINO,2024-2025 | 2025-2026,26.0052,37.3368,39.4256,21.9321,31.3316,19.1194,780.0,29.765,780,09DPR2029G,CHICHÉN ITZÁ,-99.12616667,19.24756111,XOCHIMILCO,Primaria,62.6632
09DPR5050D,PROFR. MANUEL S. HIDALGO CASTRO,MATUTINO,2024-2025 | 2025-2026,25.9711,38.0417,34.8315,28.2504,28.7319,18.7904,673.0,30.3371,673,09DPR5051C,PROFR. MANUEL S. HIDALGO CASTRO,-99.04088611,19.30443333,TLÁHUAC,Primaria,61.9583
09DPR1865X,JUAN A. MATEOS,MATUTINO,2024-2025 | 2025-2026,25.9664,0.4202,61.3445,31.9328,36.1345,18.9157,272.0,42.8571,272,09DPR1865X,JUAN A. MATEOS,-99.218825,19.37125833,ÁLVARO OBREGÓN,Primaria,99.5798
09DPR1528W,PROFR. RAFAEL RAMIREZ,MATUTINO,2024-2025 | 2025-2026,25.9539,26.4151,36.8973,42.348,24.109,,,38.3648,447,09DPR1529V,PROFR. RAFAEL RAMIREZ,-99.09654722,19.49922222,GUSTAVO A. MADERO,Primaria,73.5849
09DPR1014Y,TELPOCHCALLI,MATUTINO,2024-2025 | 2025-2026,25.9535,0.4651,32.093,53.9535,43.2558,19.7403,291.0,45.5814,291,09DJN0030S,TELPOCHCALLI,-99.07869722,19.48646111,GUSTAVO A. MADERO,Preescolar,99.5349
09DPR1627W,VEINTE DE NOVIEMBRE,MATUTINO,2024-2025 | 2025-2026,25.9524,21.8254,26.9841,48.0159,32.9365,,,38.8889,242,09DBN0027W,VEINTE DE NOVIEMBRE,-99.1592,19.43830556,CUAUHTÉMOC,Primaria,78.1746
09DPR0040P,FLAVIO GUTIERREZ ZACARIAS,VESPERTINO,2025-2026,25.9524,0.0,53.5714,35.7143,40.4762,18.7418,107.0,42.8571,107,09DPR0040P,FLAVIO GUTIERREZ ZACARIAS,-99.22496111,19.38311389,ÁLVARO OBREGÓN,Primaria,100.0
09DIX0028V,GRAL. LÁZARO CARDENAS,MATUTINO,2025-2026,25.9517,0.0,49.0617,34.3164,46.3807,18.6121,384.0,40.2145,384,09DIX0028V,GRAL. LÁZARO CARDENAS,-99.09388056,19.36661111,IZTAPALAPA,Primaria,100.0
09DPR4208F,PROFRA. JOSEFINA TOLSA MARAÑON,VESPERTINO,2024-2025 | 2025-2026,25.9512,23.1707,36.3415,44.878,25.3659,,,39.5122,348,09DPR4208F,PROFRA. JOSEFINA TOLSA MARAÑON,-99.13484167,19.55234167,GUSTAVO A. MADERO,Primaria,76.8293
09DPR2821G,JUAN RAMON JIMÉNEZ,VESPERTINO,2024-2025 | 2025-2026,25.9459,1.0811,63.7838,22.1622,42.7027,19.4302,295.0,38.3784,295,09DPR2795Z,JUAN RAMON JIMÉNEZ,-99.08056111,19.30685278,IZTAPALAPA,Primaria,98.9189
09DPR2236O,REPÚBLICA DE CAMERUN,MATUTINO,2024-2025 | 2025-2026,25.9332,0.1965,32.8094,48.5265,48.1336,20.0255,535.0,42.4361,535,09DPR2719T,REPÚBLICA DE CAMERUN,-99.22205833,19.37792222,ÁLVARO OBREGÓN,Primaria,99.8035
09DPR5029A,FUERZAS ARMADAS DE MÉXICO,VESPERTINO,2025-2026,25.9322,0.0,49.1525,49.1525,31.3559,18.4274,187.0,44.9153,187,09DPR2301Y,FUERZAS ARMADAS DE MÉXICO,-99.16236667,19.27827222,TLALPAN,Primaria,100.0
09DPR3270B,PROFR. RAMON ANDRADE CARMONA,VESPERTINO,2024-2025 | 2025-2026,25.9296,19.933,41.206,42.5461,25.9631,,,39.196,535,09DPR3270B,PROFR. RAMON ANDRADE CARMONA,-99.13305833,19.56748611,GUSTAVO A. MADERO,Primaria,80.06700000000001
09DPR5009N,PROFR. AGUSTIN BANDA SEVILLA,MATUTINO,2024-2025,25.9218,10.3352,53.352,34.3575,31.5642,18.9097,375.0,36.0335,375,09DPR5009N,PROFR. AGUSTIN BANDA SEVILLA,-99.097725,19.20853056,XOCHIMILCO,Primaria,89.6648
09DPR4511Q,REPÚBLICA ARABE DE EGIPTO,MATUTINO,2024-2025 | 2025-2026,25.9191,0.5515,41.1765,53.4926,34.375,19.1554,619.0,44.1176,619,09DPR4510R,REPÚBLICA ARABE DE EGIPTO,-99.03789444,19.32099722,IZTAPALAPA,Primaria,99.4485
09DPR5128A,DANIEL RAMIREZ PÉREZ,VESPERTINO,2024-2025,25.8986,36.4055,45.6221,20.2765,27.1889,19.0633,261.0,30.8756,261,09DPR4193U,DANIEL RAMIREZ PÉREZ,-99.12149722,19.21893333,XOCHIMILCO,Primaria,63.5945
09DPR1851U,MAESTRO CANDOR GUAJARDO,MATUTINO,2024-2025 | 2025-2026,25.898,0.0,49.2239,33.2594,47.0067,19.2789,495.0,41.6851,495,09DPR1851U,MAESTRO CANDOR GUAJARDO,-99.22328056,19.37000833,ÁLVARO OBREGÓN,Primaria,100.0
09DPR2515Z,MIGUEL DE UNAMUNO,MATUTINO,2024-2025 | 2025-2026,25.896,0.578,43.3526,47.9769,37.5723,19.8117,185.0,45.0867,185,09DPR2515Z,MIGUEL DE UNAMUNO,-99.15962778,19.42572222,CUAUHTÉMOC,Primaria,99.422
09DPR1209K,CHIPRE,MATUTINO,2024-2025 | 2025-2026,25.8955,0.0,33.209,49.2537,47.0149,19.6819,301.0,41.791,301,09DPR1209K,CHIPRE,-99.14580556,19.37651944,BENITO JUÁREZ,Primaria,100.0
09DPR2030W,AURELIANO CASTILLO,MATUTINO,2024-2025,25.8944,24.1935,34.6041,33.5777,37.0968,18.8371,746.0,32.6979,746,09DPR2030W,AURELIANO CASTILLO,-99.03712222,19.25748056,XOCHIMILCO,Primaria,75.8065
09DPR1849F,CLUB DE LEONES NUMERO 4,MATUTINO,2025-2026,25.8924,0.0,45.8924,42.7762,40.7932,18.6773,402.0,43.9093,402,09DPR1850V,CLUB DE LEONES NUMERO 4,-99.20187222,19.370925,ÁLVARO OBREGÓN,Primaria,100.0
09DPR1335H,BENITO JUÁREZ,MATUTINO,2024-2025 | 2025-2026,25.8866,0.1206,29.9156,62.0024,37.3945,18.9928,831.0,44.1496,831,09DPR2241Z,BENITO JUÁREZ,-99.32901667,19.33125556,CUAJIMALPA DE MORELOS,Primaria,99.8794
09DPR2695Z,NETZAHUALCOYOTL,MATUTINO,2024-2025 | 2025-2026,25.8654,10.5769,60.0962,19.2308,39.4231,19.0479,246.0,38.4615,246,09DJN0211B,NETZAHUALCOYOTL,-99.15440833,19.52056667,GUSTAVO A. MADERO,Preescolar,89.4231
09DPR5079I,MARCELIANO TREJO SANTANA,MATUTINO,2024-2025 | 2025-2026,25.8537,10.1045,53.6585,28.9199,36.5854,14.9622,289.0,40.7666,289,09DPR5087R,MARCELIANO TREJO SANTANA,-99.11943889,19.28166389,XOCHIMILCO,Primaria,89.8955
09DPR2252F,MA. MAGDALENA PACHECO BLANCO,VESPERTINO,2024-2025,25.8537,9.7561,42.6829,35.3659,41.4634,17.8041,198.0,41.4634,198,09DPR2252F,MA. MAGDALENA PACHECO BLANCO,-99.06246111,19.29656667,TLÁHUAC,Primaria,90.2439
09DPR0921S,REPÚBLICA FEDERAL DE ALEMANIA,VESPERTINO,2024-2025 | 2025-2026,25.8491,2.8302,39.6226,50.9434,35.8491,19.2041,107.0,49.0566,107,09DPR0921S,REPÚBLICA FEDERAL DE ALEMANIA,-99.09701944,19.3947,IZTACALCO,Primaria,97.1698
09DPR1991U,ESTADO DE NAYARIT,MATUTINO,2024-2025 | 2025-2026,25.8469,0.0,54.5244,31.5545,43.1555,20.1159,498.0,42.6914,498,09DPR1991U,ESTADO DE NAYARIT,-99.17156389,19.13495833,TLALPAN,Primaria,100.0
09DPR1866W,DOCTOR JESUS DIAZ DE LEON,MATUTINO,2024-2025 | 2025-2026,25.8462,3.5897,55.3846,21.5385,48.7179,19.7674,264.0,41.5385,264,09DPR1867V,DOCTOR JESUS DIAZ DE LEON,-99.190525,19.38090278,BENITO JUÁREZ,Primaria,96.4103
09DPR2032U,ÁLVARO OBREGÓN,MATUTINO,2024-2025,25.8455,31.7328,49.8956,21.2944,26.3048,17.7787,717.0,31.7328,717,09DJN0223G,ALVARO OBREGON,-99.07028889,19.4783,GUSTAVO A. MADERO,Preescolar,68.2672
09DPR2769A,XITLE,MATUTINO,2024-2025 | 2025-2026,25.8434,51.506,26.8072,28.9157,21.988,18.0516,405.0,26.506,405,09DPR2768B,XITLE,-99.16848056,19.32446389,COYOACÁN,Primaria,48.494
09DPR2513A,SECRETARIA DEL TRABAJO Y PREVISION SOCIAL,MATUTINO,2024-2025 | 2025-2026,25.8416,0.0,37.6238,60.8911,30.6931,17.9903,331.0,44.0594,331,09DPR2513A,SECRETARIA DEL TRABAJO Y PREVISION SOCIAL,-99.14621667,19.42386667,CUAUHTÉMOC,Primaria,100.0
09DPR2927Z,JUAN BADIANO,VESPERTINO,2024-2025 | 2025-2026,25.8394,40.8759,31.3869,29.927,27.0073,,,32.8467,178,09DPR2545T,JUAN BADIANO,-99.13045,19.26141667,XOCHIMILCO,Primaria,59.1241
09DPR4108G,JOSÉ MA. RODRÍGUEZ COS,VESPERTINO,2024-2025 | 2025-2026,25.8333,0.625,46.0417,52.5,30.0,19.5732,517.0,48.5417,517,09DPR4108G,JOSÉ MA. RODRÍGUEZ COS,-99.04478333,19.32818056,IZTAPALAPA,Primaria,99.375
09DPR1624Z,VICENTE ALCARAZ,MATUTINO,2024-2025 | 2025-2026,25.8333,24.2424,27.6515,48.4848,28.7879,19.326,262.0,39.7727,262,09DPR1624Z,VICENTE ALCARAZ,-99.18425,19.48115833,AZCAPOTZALCO,Primaria,75.7576
09DPR2395C,PROFR. SABINO RODRÍGUEZ,MATUTINO,2024-2025 | 2025-2026,25.819,7.3276,28.2328,56.4655,37.069,19.0616,516.0,40.3017,516,09DPR2395C,PROFR. SABINO RODRÍGUEZ,-99.17640278,19.43715833,MIGUEL HIDALGO,Primaria,92.6724
09DPR3064T,PROFR. LIBRADO RIVERA,VESPERTINO,2024-2025 | 2025-2026,25.812,3.4188,54.7009,35.0427,35.8974,18.154,154.0,38.4615,154,09DPR2970O,PROFR. LIBRADO RIVERA,-99.15597222,19.30675556,COYOACÁN,Primaria,96.5812
09DPR2473Q,GRAL. LAZARO CARDENAS DEL RIO,VESPERTINO,2024-2025 | 2025-2026,25.7895,0.0,65.7895,26.3158,36.8421,,,44.7368,44,09DPR2234Q,GRAL. LAZARO CARDENAS DEL RIO,-99.14005278,19.29741389,TLALPAN,Primaria,100.0
09DPR0901E,ESTADO DE YUCATAN,MATUTINO,2024-2025 | 2025-2026,25.7651,0.0,46.2633,49.1103,33.452,18.2967,304.0,44.484,304,09DPR0901E,ESTADO DE YUCATAN,-99.13808333,19.44669444,CUAUHTÉMOC,Primaria,100.0
09DPR3091Q,PROFR. ELISEO BANDALA FERNANDEZ,MATUTINO,2024-2025 | 2025-2026,25.7627,13.8418,52.5424,20.339,42.0904,19.3911,475.0,34.1808,475,09DPR3091Q,PROFR. ELISEO BANDALA FERNANDEZ,-99.23694167,19.29198889,TLALPAN,Primaria,86.1582
09DPR3198I,FLAVIO GUTIERREZ ZACARIAS,MATUTINO,2024-2025 | 2025-2026,25.7595,0.3165,58.2278,31.962,38.2911,19.1285,393.0,41.4557,393,09DPR0040P,FLAVIO GUTIERREZ ZACARIAS,-99.22496111,19.38311389,ÁLVARO OBREGÓN,Primaria,99.6835
09DPR4213R,PROFR. RAFAEL HERNANDEZ LÓPEZ,VESPERTINO,2024-2025,25.7554,30.9353,53.9568,19.4245,24.4604,18.2562,169.0,31.6547,169,09DPR4213R,PROFR. RAFAEL HERNANDEZ LÓPEZ,-99.25446944,19.31238333,LA MAGDALENA CONTRERAS,Primaria,69.0647
09DPR0014R,JUAN PABLO GALEANA,MATUTINO,2024-2025 | 2025-2026,25.7495,11.7043,32.4435,58.9322,25.6674,14.5968,457.0,43.5318,457,09DPR0014R,JUAN PABLO GALEANA,-99.13296111,19.57691389,GUSTAVO A. MADERO,Primaria,88.2957
09DPR2414A,EZEQUIEL A. CHAVEZ,VESPERTINO,2025-2026,25.7471,0.0,45.977,54.023,28.7356,19.9914,136.0,44.8276,136,09DPR2414A,EZEQUIEL A. CHAVEZ,-99.16153056,19.44859722,CUAUHTÉMOC,Primaria,100.0
09DPR5034M,KUKULKAN,MATUTINO,2024-2025 | 2025-2026,25.7438,8.0579,47.9339,28.5124,44.2149,,,38.4298,456,09DJN0604O,KUKULKAN,-99.03290556,19.3875,IZTAPALAPA,Preescolar,91.9421
09DPR1225B,REFORMA AGRARIA,VESPERTINO,2024-2025 | 2025-2026,25.7426,1.9802,66.3366,15.8416,44.5545,19.4041,169.0,35.6436,169,09DPR1225B,REFORMA AGRARIA,-99.102875,19.32857778,IZTAPALAPA,Primaria,98.0198
09DPR3195L,VALENTÍN VAZQUEZ NAVA,MATUTINO,2024-2025 | 2025-2026,25.7377,0.0,55.3279,33.1967,40.1639,20.1392,292.0,42.623,292,09DPR3195L,VALENTÍN VAZQUEZ NAVA,-99.21365,19.37811389,ÁLVARO OBREGÓN,Primaria,100.0
09DPR3193N,PROFR. CARITINO MALDONADO PÉREZ,MATUTINO,2024-2025,25.7248,16.8807,30.8257,42.5688,38.3486,19.0252,571.0,34.6789,571,09DPR0011U,PROFR. CARITINO MALDONADO PÉREZ,-99.106175,19.24628611,XOCHIMILCO,Primaria,83.1193
09DPR0871A,JOSÉ VASCONCELOS,MATUTINO,2025-2026,25.721,0.9456,29.078,59.1017,39.4799,18.936,436.0,46.0993,436,09DES0315G,JOSÉ VASCONCELOS,-99.08845833,19.33361111,IZTAPALAPA,Secundaria,99.0544
09DPR1382S,PROFR. CELSO FLORES ZAMORA,MATUTINO,2024-2025 | 2025-2026,25.7085,18.2186,37.4494,38.8664,34.0081,19.2934,479.0,39.6761,479,09DPR1382S,PROFR. CELSO FLORES ZAMORA,-99.08965833,19.50573333,GUSTAVO A. MADERO,Primaria,81.7814
09DPR1346N,BERNAL DIAZ DEL CASTILLO,MATUTINO,2024-2025 | 2025-2026,25.7053,18.4953,39.8119,43.5737,26.6458,,,38.8715,286,09DPR1346N,BERNAL DIAZ DEL CASTILLO,-99.1579,19.50581111,GUSTAVO A. MADERO,Primaria,81.5047
09DPR1493X,GRAL. VICENTE GUERRERO,MATUTINO,2024-2025 | 2025-2026,25.704,13.3574,48.7365,29.6029,36.8231,,,39.7112,229,09DPR2174S,GRAL. VICENTE GUERRERO,-99.10500833,19.49071944,GUSTAVO A. MADERO,Primaria,86.6426
09DPR1263E,LÁZARO CARDENAS,MATUTINO,2024-2025 | 2025-2026,25.7025,0.0,50.0,26.8595,51.6529,19.5888,359.0,41.7355,359,09DPR3090R,LAZARO CARDENAS,-99.15,19.54074722,GUSTAVO A. MADERO,Primaria,100.0
09DPR3250O,LIC. ANTONIO MARTÍNEZ  DE CASTRO,MATUTINO,2025-2026,25.6863,0.9804,64.2157,25.0,38.2353,18.4534,192.0,39.7059,192,09DPR3250O,LIC. ANTONIO MARTÍNEZ  DE CASTRO,-99.14992222,19.312625,COYOACÁN,Primaria,99.0196
09DPR4220A,PROFR. JOSÉ DE JESUS DE LA ROSA PÉREZ,MATUTINO,2025-2026,25.6809,4.2802,27.6265,50.9728,45.5253,23.3568,297.0,41.2451,297,09DPR4220A,PROFR. JOSÉ DE JESUS DE LA ROSA PÉREZ,-99.10331389,19.31545,COYOACÁN,Primaria,95.7198
09DPR2721H,FRANCISCO HERNANDEZ DE CORDOBA,VESPERTINO,2024-2025,25.6805,18.3432,40.2367,34.3195,35.503,16.1007,234.0,37.2781,234,09DPR2721H,FRANCISCO HERNANDEZ DE CORDOBA,-98.99442778,19.24350833,TLÁHUAC,Primaria,81.6568
09DPR1037I,RAFAEL VALENZUELA,MATUTINO,2024-2025 | 2025-2026,25.6805,0.0,30.7692,61.5385,36.0947,18.8233,166.0,43.1953,166,09DPR1037I,RAFAEL VALENZUELA,-99.09318611,19.412175,VENUSTIANO CARRANZA,Primaria,100.0
09DPR4014S,PROFRA. LEONOR LEAÑOS NAVARRO,VESPERTINO,2024-2025,25.6757,18.4685,28.3784,50.9009,30.6306,18.2602,234.0,32.4324,234,09DPR4014S,PROFRA. LEONOR LEAÑOS NAVARRO,-99.26513333,19.30925833,LA MAGDALENA CONTRERAS,Primaria,81.5315
09DPR1362E,MTRO. MANUEL C. TELLO,MATUTINO,2024-2025 | 2025-2026,25.6749,26.4463,40.7713,31.6804,29.4766,,,37.4656,301,09DPR1363D,MTRO. MANUEL C. TELLO,-99.07655,19.46758056,GUSTAVO A. MADERO,Primaria,73.55369999999999
09DPR1542P,MOCTEZUMA ILHUICAMINA,MATUTINO,2024-2025 | 2025-2026,25.6542,24.0654,22.8972,50.9346,30.3738,,,38.0841,374,09DJN0688M,MOCTEZUMA ILHUICAMINA,-99.10806389,19.33324167,IZTAPALAPA,Preescolar,75.9346
09DPR1532I,PATRIA NUEVA,MATUTINO,2024-2025 | 2025-2026,25.6522,20.4969,38.1988,40.3727,29.1925,,,37.2671,302,09DPR1532I,PATRIA NUEVA,-99.08581667,19.48061944,GUSTAVO A. MADERO,Primaria,79.5031
09DPR5036K,MIGUEL BUSTOS CERECEDO,MATUTINO,2024-2025 | 2025-2026,25.6371,3.2819,50.5792,33.7838,40.5405,,,42.0849,587,09DPR5064G,MIGUEL BUSTOS CERECEDO,-99.14893333,19.23837222,TLALPAN,Primaria,96.7181
09DPR1106O,LIC. MANUEL GUAL VIDAL,MATUTINO,2024-2025 | 2025-2026,25.6349,0.7937,26.5873,53.5714,47.2222,19.43,301.0,38.8889,301,09DPR1105P,LIC. MANUEL GUAL VIDAL,-99.21009444,19.44240833,MIGUEL HIDALGO,Primaria,99.2063
09DPR2001A,UCRANIA,MATUTINO,2024-2025 | 2025-2026,25.6345,0.2538,34.7716,53.5533,39.5939,18.8829,341.0,40.3553,341,09DPR2001A,UCRANIA,-99.121625,19.29231667,TLALPAN,Primaria,99.7462
09DPR1226A,REFORMA AGRARIA,MATUTINO,2024-2025 | 2025-2026,25.619,1.4286,78.5714,6.6667,41.4286,18.475,372.0,37.619,372,09DPR1225B,REFORMA AGRARIA,-99.102875,19.32857778,IZTAPALAPA,Primaria,98.5714
09DPR1730I,CENTRO ESCOLAR MÉXICO,MATUTINO,2024-2025 | 2025-2026,25.6164,0.6849,39.726,45.8904,41.7808,,,43.1507,170,09PPR1710Z,CENTRO ESCOLAR MÉXICO,-98.99792,19.348589,IZTAPALAPA,Primaria,99.3151
09DPR1926U,MARIANO ABASOLO,VESPERTINO,2024-2025,25.614,24.5614,24.5614,50.8772,28.0702,18.7605,125.0,35.0877,125,09DPR1926U,MARIANO ABASOLO,-99.23381389,19.30567222,LA MAGDALENA CONTRERAS,Primaria,75.43860000000001
09DPR1136I,ITALIA,MATUTINO,2024-2025 | 2025-2026,25.5959,7.772,35.7513,57.513,26.943,18.4977,161.0,45.0777,161,09DPR1136I,ITALIA,-99.14188333,19.44891111,CUAUHTÉMOC,Primaria,92.228
09DPR1712T,FRANCISCO SARABIA,MATUTINO,2024-2025 | 2025-2026,25.5866,1.1173,31.2849,57.5419,37.9888,19.4362,222.0,40.2235,222,09DPR1712T,FRANCISCO SARABIA,-99.1758,19.45725278,MIGUEL HIDALGO,Primaria,98.8827
09DPR1070Q,JUAN CRISOSTOMO BONILLA,VESPERTINO,2024-2025 | 2025-2026,25.5856,0.9009,33.3333,54.0541,39.6396,21.4517,194.0,40.5405,194,09DPR1069A,JUAN CRISOSTOMO BONILLA,-99.08409444,19.40922222,VENUSTIANO CARRANZA,Primaria,99.09909999999999
09DPR1755R,MTRO. CAYETANO RODRIGUEZ BELTRAN,VESPERTINO,2024-2025 | 2025-2026,25.5814,0.0,48.8372,40.6977,38.3721,18.69,117.0,44.186,117,09DPR1755R,MTRO. CAYETANO RODRIGUEZ BELTRAN,-99.20841389,19.38846944,ÁLVARO OBREGÓN,Primaria,100.0
09DPR2220N,MATILDE ACOSTA,MATUTINO,2024-2025 | 2025-2026,25.5714,0.1786,64.6429,18.3929,44.6429,19.004,584.0,40.3571,584,09DPR2220N,MATILDE ACOSTA,-99.20324167,19.36693889,ÁLVARO OBREGÓN,Primaria,99.8214
09DPR0907Z,18 DE MARZO,MATUTINO,2024-2025 | 2025-2026,25.5652,0.0,42.6087,50.4348,34.7826,18.9068,123.0,46.9565,123,09DPR0907Z,18 DE MARZO,-99.14153889,19.40417778,CUAUHTÉMOC,Primaria,100.0
09DPR0996I,CARMEN SERDAN,MATUTINO,2024-2025 | 2025-2026,25.5484,0.3226,35.1613,57.4194,34.8387,21.6268,408.0,46.129,408,09DES0169M,CARMEN SERDÁN,-99.246225,19.36003056,ÁLVARO OBREGÓN,Secundaria,99.6774
09DPR2525F,MANUEL LÓPEZ COTILLA,MATUTINO,2024-2025 | 2025-2026,25.5399,0.939,20.1878,72.77,33.8028,18.4906,258.0,39.9061,258,09DPR2525F,MANUEL LÓPEZ COTILLA,-99.16606667,19.41938056,CUAUHTÉMOC,Primaria,99.061
09DPR3056K,JOSÉ LÓPEZ ALAVEZ,MATUTINO,2024-2025 | 2025-2026,25.5329,24.7166,25.8503,51.7007,25.3968,,,38.5488,372,09DPR3056K,JOSÉ LÓPEZ ALAVEZ,-99.09822778,19.50940278,GUSTAVO A. MADERO,Primaria,75.2834
09DPR2619U,PROFRA. EMMA GODOY,MATUTINO,2024-2025 | 2025-2026,25.5305,0.3215,53.3762,27.3312,46.6238,,,39.2283,389,09DPR2619U,PROFRA. EMMA GODOY,-99.21901111,19.27626667,TLALPAN,Primaria,99.6785
09DPR2091J,GUADALUPE CENICEROS DE PÉREZ ZAVALETA,MATUTINO,2024-2025 | 2025-2026,25.529,0.0,42.3208,50.5119,34.8123,19.7332,372.0,46.0751,372,09DPR2094G,GUADALUPE CENICEROS DE PÉREZ ZAVALETA,-99.05848889,19.35068889,IZTAPALAPA,Primaria,100.0
09DPR5150C,NUEVO MILENIO,VESPERTINO,2024-2025 | 2025-2026,25.5281,34.1573,52.3596,11.236,29.8876,18.8623,520.0,30.1124,520,09DPR5150C,NUEVO MILENIO,-99.03996667,19.28296667,TLÁHUAC,Primaria,65.84270000000001
09DPR2631P,FRANCISCO VILLA,VESPERTINO,2025-2026,25.5263,0.0,60.5263,32.8947,34.2105,18.3197,153.0,38.1579,153,09DPR2093H,FRANCISCO VILLA,-99.06078333,19.33928889,IZTAPALAPA,Primaria,100.0
09DPR2878H,REPÚBLICA DE BOLIVIA,MATUTINO,2024-2025 | 2025-2026,25.5215,0.6135,35.5828,50.9202,40.4908,,,49.0798,174,09DES0054L,REPÚBLICA DE BOLIVIA,-99.18358889,19.48296111,AZCAPOTZALCO,Secundaria,99.3865
09DPR1631I,SOTERO PRIETO,VESPERTINO,2024-2025 | 2025-2026,25.4962,23.6641,34.3511,44.2748,25.1908,,,39.6947,115,09DPR1631I,SOTERO PRIETO,-99.17723611,19.49135278,AZCAPOTZALCO,Primaria,76.3359
09DPR2803R,MARIA PATIÑO VDA DE OLMEDO,MATUTINO,2025-2026,25.4902,0.2801,54.902,28.2913,43.9776,18.5026,362.0,38.9356,362,09DPR2803R,MARIA PATIÑO VDA DE OLMEDO,-99.22636111,19.337425,ÁLVARO OBREGÓN,Primaria,99.7199
09DPR1832F,JOSÉ AGUSTIN RAMIREZ ALTAMIRANO,MATUTINO,2024-2025 | 2025-2026,25.4722,14.0436,43.3414,29.2978,40.678,18.8576,478.0,35.109,478,09DPR1832F,JOSÉ AGUSTIN RAMIREZ ALTAMIRANO,-99.20750833,19.38799722,ÁLVARO OBREGÓN,Primaria,85.9564
09DPR0123Y,PROFR. RAMON DURAND,MATUTINO,2025-2026,25.4706,0.8824,61.7647,20.2941,44.4118,19.0058,364.0,41.1765,364,09DPR0123Y,PROFR. RAMON DURAND,-99.16980556,19.31553889,COYOACÁN,Primaria,99.1176
09DPR1819L,KALPILLI,MATUTINO,2024-2025 | 2025-2026,25.4617,18.4697,41.029,36.9393,30.8707,16.368,623.0,36.6755,623,09DPR1481S,KALPILLI,-99.29678611,19.36066389,CUAJIMALPA DE MORELOS,Primaria,81.5303
09DPR0022Z,PROFR. LUIS AUDIRAC GALVEZ,MATUTINO,2024-2025 | 2025-2026,25.4601,0.3067,54.2945,27.9141,44.7853,,,40.184,354,09DPR0022Z,PROFR. LUIS AUDIRAC GALVEZ,-99.23376667,19.37564722,ÁLVARO OBREGÓN,Primaria,99.6933
09DPR3227N,PROFR. VICENTE MORA,MATUTINO,2024-2025 | 2025-2026,25.4545,11.5479,54.2998,16.4619,44.9631,19.7264,530.0,37.3464,530,09DPR0010V,PROFR. VICENTE MORA,-99.08324167,19.30241111,IZTAPALAPA,Primaria,88.4521
09DPR4236B,AARON CAMACHO LÓPEZ,MATUTINO,2024-2025 | 2025-2026,25.4329,16.8081,45.3311,29.5416,35.4839,18.5208,645.0,33.6163,645,09DPR4521X,AARON CAMACHO LÓPEZ,-99.02798333,19.25085833,XOCHIMILCO,Primaria,83.1919
09DPR2952Z,PINTOR DIEGO RIVERA,VESPERTINO,2024-2025 | 2025-2026,25.4305,3.9735,58.9404,29.8013,34.4371,18.0124,429.0,33.1126,429,09DPR2952Z,PINTOR DIEGO RIVERA,-99.08965,19.19246389,MILPA ALTA,Primaria,96.0265
09DPR4015R,PROFR. LUIS AUDIRAC GALVEZ,VESPERTINO,2024-2025 | 2025-2026,25.4286,0.7143,63.5714,29.2857,33.5714,18.639,168.0,42.8571,168,09DPR0022Z,PROFR. LUIS AUDIRAC GALVEZ,-99.23376667,19.37564722,ÁLVARO OBREGÓN,Primaria,99.2857
09DPR0997H,CARMEN SERDAN,VESPERTINO,2024-2025 | 2025-2026,25.4264,0.7752,47.2868,54.2636,24.8062,20.1318,174.0,47.2868,174,09DES0169M,CARMEN SERDÁN,-99.246225,19.36003056,ÁLVARO OBREGÓN,Secundaria,99.2248
09DPR0012T,SALVADOR  HERMOSO NAJERA,VESPERTINO,2024-2025,25.4135,9.0226,39.8496,36.8421,41.3534,19.0165,190.0,37.594,190,09DPR0012T,SALVADOR  HERMOSO NAJERA,-99.04636667,19.29240833,TLÁHUAC,Primaria,90.9774
09DPR1477F,GUADALUPE VICTORIA,MATUTINO,2024-2025 | 2025-2026,25.4067,0.2392,50.9569,34.9282,40.9091,19.0702,534.0,41.1483,534,09PJN5024U,GUADALUPE VICTORIA,-99.015402,19.34962,IZTAPALAPA,Preescolar,99.7608
09DPR3191P,IGNACIO MARISCAL,VESPERTINO,2024-2025 | 2025-2026,25.4032,21.7742,42.7419,41.5323,20.9677,,,41.129,224,09DPR3020W,IGNACIO MARISCAL,-99.055075,19.45634167,GUSTAVO A. MADERO,Primaria,78.22579999999999
09DPR1777C,MIGUEL RAMOS ARIZPE,MATUTINO,2024-2025 | 2025-2026,25.4028,0.4739,57.346,18.4834,50.7109,19.2443,387.0,37.4408,387,09DES0244C,MIGUEL RAMOS ARIZPE,-99.16785556,19.40367778,CUAUHTÉMOC,Secundaria,99.5261
09DPR1289M,HEROICOS CADETES,MATUTINO,2024-2025 | 2025-2026,25.3953,1.8605,50.2326,31.6279,43.2558,19.0483,287.0,40.0,287,09DPR1289M,HEROICOS CADETES,-99.12557222,19.38209722,IZTACALCO,Primaria,98.1395
09DPR2141A,MIGUEL HIDALGO,MATUTINO,2024-2025 | 2025-2026,25.3933,0.0,33.7079,53.9326,39.3258,19.1839,319.0,41.9476,319,09PES0749Y,MIGUEL HIDALGO,-98.998541,19.216687,MILPA ALTA,Secundaria,100.0
09DPR5130P,MAESTRO ADOLFO VALLES,VESPERTINO,2024-2025 | 2025-2026,25.3818,27.2727,49.0909,22.9091,27.6364,17.9965,432.0,31.2727,432,09DPR2034S,MAESTRO ADOLFO VALLES,-99.10799167,19.22682222,XOCHIMILCO,Primaria,72.7273
09DPR5047Q,SUSANA IRMA HERRERA MASCORRO,VESPERTINO,2024-2025 | 2025-2026,25.3659,43.9024,35.3659,25.6098,21.9512,,,28.0488,94,09DPR3221T,SUSANA IRMA HERRERA MASCORRO,-99.09981944,19.50629167,GUSTAVO A. MADERO,Primaria,56.0976
09DPR1769U,ETIOPIA,MATUTINO,2024-2025 | 2025-2026,25.3595,0.0,47.0588,36.6013,43.1373,19.0067,195.0,37.9085,195,09DPR1769U,ETIOPIA,-99.19525,19.39195833,ÁLVARO OBREGÓN,Primaria,100.0
09DPR2402W,PROFR. JACINTO N. CHAGOYA,MATUTINO,2024-2025 | 2025-2026,25.3425,0.0,32.1918,52.0548,42.4658,19.6667,186.0,43.8356,186,09DPR2402W,PROFR. JACINTO N. CHAGOYA,-99.13485278,19.46151667,CUAUHTÉMOC,Primaria,100.0
09DPR2064M,PROFR. LUIS VILLARREAL MARTÍNEZ,MATUTINO,2024-2025,25.3226,20.6989,37.3656,33.6022,34.9462,19.2563,414.0,33.6022,414,09DPR2064M,PROFR. LUIS VILLARREAL MARTÍNEZ,-99.11124444,19.24289167,XOCHIMILCO,Primaria,79.3011
09DPR3299G,PROFRA. MARÍA HAZAS VARGAS,VESPERTINO,2024-2025 | 2025-2026,25.3165,3.1646,64.557,35.443,23.4177,17.1336,204.0,43.6709,204,09DPR3299G,PROFRA. MARÍA HAZAS VARGAS,-98.99517778,19.34689722,IZTAPALAPA,Primaria,96.83539999999999
09DPR1696S,MODELO,MATUTINO,2024-2025 | 2025-2026,25.3165,1.5823,47.7848,36.3924,40.8228,,,37.0253,336,09DPR1696S,MODELO,-99.19065278,19.44305556,MIGUEL HIDALGO,Primaria,98.4177
09DPR2021O,MAESTRO FELIX JIMÉNEZ NÁJERA,MATUTINO,2024-2025,25.3125,22.9167,54.6875,19.7917,29.1667,17.5081,449.0,32.0312,449,09DPR2021O,MAESTRO FELIX JIMÉNEZ NÁJERA,-98.99476667,19.24811111,TLÁHUAC,Primaria,77.08330000000001
09DPR2825C,PROFR. PABLO DAMIAN GONZÁLEZ,MATUTINO,2024-2025 | 2025-2026,25.3018,64.042,22.0472,21.2598,19.1601,,,23.3596,323,09DPR2825C,PROFR. PABLO DAMIAN GONZÁLEZ,-99.07673889,19.49731667,GUSTAVO A. MADERO,Primaria,35.958
09DPR2753Z,ESTADO DE OAXACA,MATUTINO,2024-2025 | 2025-2026,25.3,1.5,29.0,53.5,42.5,18.7479,214.0,43.0,214,09DJN1032X,ESTADO DE OAXACA,-99.07380556,19.50152222,GUSTAVO A. MADERO,Preescolar,98.5
09DPR1481S,KALPILLI,VESPERTINO,2024-2025 | 2025-2026,25.2923,22.4615,46.1538,35.0769,22.7692,18.4929,270.0,38.1538,270,09DPR1481S,KALPILLI,-99.29678611,19.36066389,CUAJIMALPA DE MORELOS,Primaria,77.5385
09DPR0995J,PROFRA. MARGARITA LÓPEZ FARFAN,VESPERTINO,2024-2025 | 2025-2026,25.2918,40.0778,28.7938,35.4086,22.179,18.9918,272.0,31.5175,272,09DPR2967A,PROFRA. MARGARITA LÓPEZ FARFAN,-99.13908056,19.56498889,GUSTAVO A. MADERO,Primaria,59.9222
09DPR2905O,VALENTÍN ZAMORA OROZCO,MATUTINO,2024-2025 | 2025-2026,25.2903,0.9677,21.9355,69.3548,34.1935,,,43.2258,316,09DPR2905O,VALENTÍN ZAMORA OROZCO,-99.16589444,19.41872222,CUAUHTÉMOC,Primaria,99.0323
09DPR0865Q,RICARDO FLORES MAGON,MATUTINO,2024-2025 | 2025-2026,25.2893,1.6529,48.2094,27.2727,49.3113,,,36.0882,543,09DPR0865Q,RICARDO FLORES MAGON,-99.03564444,19.29611111,TLÁHUAC,Primaria,98.3471
09DPR1648I,MARIANO MATAMOROS,MATUTINO,2024-2025 | 2025-2026,25.283,19.2872,30.608,43.3962,33.1237,,,37.7358,433,09DPR1648I,MARIANO MATAMOROS,-99.19098611,19.48873889,AZCAPOTZALCO,Primaria,80.7128
09DPR1572J,ESTADO DE JALISCO,MATUTINO,2024-2025 | 2025-2026,25.2326,24.4186,35.4651,44.7674,21.5116,,,40.6977,155,09DPR1570L,ESTADO DE JALISCO,-99.15060278,19.47558056,AZCAPOTZALCO,Primaria,75.5814
09DPR4185L,TEODORO A. DEHESA,MATUTINO,2024-2025 | 2025-2026,25.2174,0.0,62.3188,20.2899,43.4783,18.2953,203.0,39.1304,203,09DPR4185L,TEODORO A. DEHESA,-99.08269444,19.30301944,IZTAPALAPA,Primaria,100.0
09DPR3221T,SUSANA IRMA HERRERA MASCORRO,MATUTINO,2024-2025 | 2025-2026,25.2093,58.6047,34.4186,14.4186,18.6047,,,23.7209,187,09DPR3221T,SUSANA IRMA HERRERA MASCORRO,-99.09981944,19.50629167,GUSTAVO A. MADERO,Primaria,41.3953
09DPR2956V,LIC. EMILIO PORTES GIL,MATUTINO,2024-2025 | 2025-2026,25.2055,21.4612,49.3151,16.4384,38.8128,19.5536,261.0,31.5068,261,09DPR2956V,LIC. EMILIO PORTES GIL,-99.17116667,19.33503889,COYOACÁN,Primaria,78.5388
09DPR2038O,TLAMACHKALI,MATUTINO,2024-2025 | 2025-2026,25.1733,7.7333,52.2667,22.4,43.4667,,,35.2,660,09DPR2038O,TLAMACHKALI,-99.05461111,19.29997222,TLÁHUAC,Primaria,92.2667
09DPR2465H,ENRIQUE C. REBSAMEN,VESPERTINO,2024-2025 | 2025-2026,25.1705,5.6818,50.5682,35.2273,34.375,19.1064,686.0,37.5,686,09DBS0040L,ENRIQUE C REBSAMEN,-99.012,19.25468889,XOCHIMILCO,Adultos - Secundaria,94.3182
09DPR2961G,PROGRESO CAMPESINO,VESPERTINO,2024-2025,25.1656,46.3576,38.4106,20.5298,20.5298,17.8383,182.0,25.8278,182,09DPR2054F,PROGRESO CAMPESINO,-99.03437222,19.17517222,MILPA ALTA,Primaria,53.6424
09DPR1822Z,MAESTRO JUSTO SIERRA,MATUTINO,2024-2025,25.1636,24.3636,54.3636,16.1818,30.9091,19.6642,566.0,32.0,566,09DPR1822Z,MAESTRO JUSTO SIERRA,-99.33401389,19.30742778,CUAJIMALPA DE MORELOS,Primaria,75.6364
09DPR1319Q,REVOLUCIÓN,MATUTINO,2025-2026,25.1613,0.2481,34.9876,56.0794,34.4913,19.1753,492.0,45.1613,492,09DPR1174L,REVOLUCION,-99.14862222,19.42673333,CUAUHTÉMOC,Primaria,99.7519
09DPR1105P,LIC. MANUEL GUAL VIDAL,VESPERTINO,2025-2026,25.1613,0.0,35.4839,54.8387,35.4839,,,51.6129,62,09DPR1105P,LIC. MANUEL GUAL VIDAL,-99.21009444,19.44240833,MIGUEL HIDALGO,Primaria,100.0
09DPR2738H,SALVADOR HERMOSO NAJERA,MATUTINO,2024-2025 | 2025-2026,25.1546,28.866,21.6495,38.1443,37.1134,,,30.9278,233,09DPR0012T,SALVADOR  HERMOSO NAJERA,-99.04636667,19.29240833,TLÁHUAC,Primaria,71.134
09DPR0043M,CARLOS MARIA BUSTAMANTE,VESPERTINO,2024-2025 | 2025-2026,25.1525,13.8983,42.3729,33.8983,35.5932,18.6154,276.0,35.2542,276,09DPR0144K,CARLOS MARIA BUSTAMANTE,-99.28806667,19.37253611,CUAJIMALPA DE MORELOS,Primaria,86.1017
09DPR3123S,PROFR. OTILIO MONTAÑO,MATUTINO,2024-2025,25.142,38.1166,35.8744,21.2257,30.4933,19.2442,684.0,28.6996,684,09DPR2924C,PROFR. OTILIO MONTAÑO,-99.00004444,19.27851389,TLÁHUAC,Primaria,61.8834
09DPR1885K,BENEMERITO DE LAS AMERICAS,MATUTINO,2025-2026,25.1389,0.0,39.5833,38.8889,47.2222,19.7929,185.0,44.4444,185,09DPR1885K,BENEMERITO DE LAS AMERICAS,-99.17501667,19.35701389,ÁLVARO OBREGÓN,Primaria,100.0
09DPR2716W,CONSTITUYENTE ING. JULIAN ADAME ALATORRE,MATUTINO,2025-2026,25.1389,11.3426,34.2593,41.8981,38.1944,18.4405,444.0,35.8796,444,09DPR2716W,CONSTITUYENTE ING. JULIAN ADAME ALATORRE,-99.16196944,19.35173333,COYOACÁN,Primaria,88.6574
09DPR3295K,PROFR. JOSÉ DAVILA,VESPERTINO,2025-2026,25.1327,2.6549,51.3274,35.3982,36.2832,18.5793,165.0,37.1681,165,09DPR3295K,PROFR. JOSÉ DAVILA,-99.07120556,19.33275,IZTAPALAPA,Primaria,97.3451
09DPR5116W,LUCIO CABAÑAS BARRIENTOS,VESPERTINO,2024-2025 | 2025-2026,25.1316,0.0,48.3553,43.75,33.5526,18.8624,392.0,43.75,392,09DPR5114Y,LUCIO CABAÑAS BARRIENTOS,-99.03964167,19.32173056,IZTAPALAPA,Primaria,100.0
09DPR3095M,FRANCISCO NICODEMO,MATUTINO,2024-2025,25.1294,16.9412,35.0588,34.1176,39.5294,18.8601,444.0,35.7647,444,09DPR3095M,FRANCISCO NICODEMO,-99.23812222,19.30514444,LA MAGDALENA CONTRERAS,Primaria,83.0588
09DPR2792B,DR. IGNACIO CHÁVEZ,VESPERTINO,2024-2025 | 2025-2026,25.1282,2.5641,51.2821,46.1538,25.641,17.5395,57.0,35.8974,57,09DPR2792B,DR. IGNACIO CHÁVEZ,-99.03588611,19.38180278,IZTAPALAPA,Primaria,97.4359
09DPR3206A,PROFR HERMILO ZAVALZA DEL VALLE,MATUTINO,2024-2025 | 2025-2026,25.1256,0.7538,64.8241,20.3518,39.6985,19.8739,526.0,39.6985,526,09DPR0035D,PROFR. HERMILO ZAVALZA DEL VALLE,-99.22308611,19.27502778,TLALPAN,Primaria,99.2462
09DPR1735D,GENERAL ANDRES FIGUEROA,MATUTINO,2025-2026,25.122,0.0,32.9268,58.5366,34.1463,19.9143,126.0,50.0,126,09DPR1735D,GENERAL ANDRES FIGUEROA,-99.19226389,19.45408889,MIGUEL HIDALGO,Primaria,100.0
09DPR5104R,MURALISTA ALFREDO ZALCE,MATUTINO,2024-2025 | 2025-2026,25.1087,1.087,59.2391,13.0435,52.1739,,,39.1304,348,09DPR5104R,MURALISTA ALFREDO ZALCE,-99.08032778,19.32849444,IZTAPALAPA,Primaria,98.913
09DPR4243L,ANTONIO SANCHEZ MOLINA,MATUTINO,2024-2025 | 2025-2026,25.1082,3.8961,42.4242,44.1558,35.0649,,,35.0649,237,09DPR5011B,ANTONIO SANCHEZ MOLINA,-99.23013333,19.29253611,TLALPAN,Primaria,96.1039
09DPR1456T,TONANTZIN,VESPERTINO,2024-2025 | 2025-2026,25.1034,22.069,43.4483,26.8966,33.1034,21.7348,106.0,34.4828,106,09DBA0010S,TONANTZIN,-99.09223889,19.50260278,GUSTAVO A. MADERO,Adultos - Primaria,77.931
09DPR2582X,COYOLXAUHQUI,MATUTINO,2025-2026,25.102,0.5102,41.8367,36.7347,46.4286,19.3978,271.0,38.7755,271,09DJN0312Z,COYOLXAUHQUI,-99.33439722,19.30725833,CUAJIMALPA DE MORELOS,Preescolar,99.4898
09DPR2342Y,RODOLFO MENENDEZ,VESPERTINO,2025-2026,25.0909,0.0,29.0909,56.3636,40.0,20.13,69.0,43.6364,69,09DPR2342Y,RODOLFO MENENDEZ,-99.12868889,19.43606389,CUAUHTÉMOC,Primaria,100.0
09DPR2658W,GRAL. SANTOS DEGOLLADO,VESPERTINO,2024-2025 | 2025-2026,25.082,2.8689,45.9016,44.2623,32.377,17.5515,260.0,38.5246,260,09DPR1791W,GRAL. SANTOS DEGOLLADO,-99.32628889,19.33090278,CUAJIMALPA DE MORELOS,Primaria,97.1311
09DPR0934W,PLAN DE ONCE AÑOS,VESPERTINO,2025-2026,25.0794,0.0,41.2698,44.4444,39.6825,20.254,92.0,44.4444,92,09DPR0934W,PLAN DE ONCE AÑOS,-99.12153333,19.38986667,IZTACALCO,Primaria,100.0
09DPR0874Y,PROFRA. CARMEN DOMÍNGUEZ AGUIRRE,MATUTINO,2024-2025,25.0633,20.2532,41.7722,35.443,27.8481,17.4897,175.0,34.1772,175,09DPR0873Z,PROFRA. CARMEN DOMÍNGUEZ AGUIRRE,-99.24826944,19.315875,LA MAGDALENA CONTRERAS,Primaria,79.74680000000001
09DPR0004K,PROFRA. HERMINIA ORDOÑEZ TORRES,MATUTINO,2024-2025,25.0473,11.9874,54.2587,18.2965,40.694,18.8391,320.0,34.7003,320,09DPR0004K,PROFRA. HERMINIA ORDOÑEZ TORRES,-99.11128333,19.26803333,XOCHIMILCO,Primaria,88.0126
09DPR1827U,JOSÉ LUIS VIEYRA GONZÁLEZ,MATUTINO,2024-2025 | 2025-2026,25.0413,8.6777,29.3388,57.2314,29.9587,,,40.0826,490,09DPR1827U,JOSÉ LUIS VIEYRA GONZÁLEZ,-99.29626667,19.35344722,CUAJIMALPA DE MORELOS,Primaria,91.3223
09DPR1517Q,REPÚBLICA DE URUGUAY,MATUTINO,2024-2025 | 2025-2026,25.029,25.1451,31.3346,41.9729,26.6925,,,36.3636,442,09DPR1517Q,REPÚBLICA DE URUGUAY,-99.11968333,19.46280278,GUSTAVO A. MADERO,Primaria,74.8549
09DPR2657X,PLAN DE AYALA,VESPERTINO,2024-2025,25.0199,23.1076,39.4422,21.9124,40.6375,21.0404,287.0,29.8805,287,09PPR1488Q,PLAN DE AYALA,-99.075159,19.187855,MILPA ALTA,Primaria,76.8924
09DPR0902D,ESTADO DE SINALOA,MATUTINO,2024-2025 | 2025-2026,25.0187,0.0,38.2022,53.5581,33.3333,18.9994,330.0,47.5655,330,09DPR0902D,ESTADO DE SINALOA,-99.11826389,19.40303056,IZTACALCO,Primaria,100.0
09DPR1132M,CENTRO URBANO PRESIDENTE ALEMAN,MATUTINO,2025-2026,25.0,13.4921,20.2381,46.8254,44.4444,19.0598,315.0,35.7143,315,09DPR1132M,CENTRO URBANO PRESIDENTE ALEMAN,-99.17049444,19.37297222,BENITO JUÁREZ,Primaria,86.5079
09DPR1434H,GRAL. GERTRUDIS G. SANCHEZ,MATUTINO,2024-2025 | 2025-2026,24.9805,22.5681,39.6887,36.5759,26.07,19.1359,212.0,36.5759,212,09DPR1434H,GRAL. GERTRUDIS G. SANCHEZ,-99.10048611,19.46481389,GUSTAVO A. MADERO,Primaria,77.4319
09DPR0049G,PROFR. CARLOS SANDOVAL SEVILLA,MATUTINO,2024-2025 | 2025-2026,24.9697,0.0,21.5152,62.4242,40.9091,18.4903,394.0,38.1818,394,09DPR0049G,PROFR. CARLOS SANDOVAL SEVILLA,-99.0815,19.38554722,IZTAPALAPA,Primaria,100.0
09DPR1786K,VALERIO TRUJANO,MATUTINO,2024-2025 | 2025-2026,24.9558,16.1062,44.0708,35.5752,29.0265,18.264,489.0,36.4602,489,09DPR1786K,VALERIO TRUJANO,-99.31610556,19.35353333,CUAJIMALPA DE MORELOS,Primaria,83.8938
09DPR2348S,FRAY MELCHOR DE TALAMANTES,MATUTINO,2024-2025 | 2025-2026,24.9505,10.8911,40.099,29.703,44.0594,36.1082,194.0,37.1287,194,09DPR2348S,FRAY MELCHOR DE TALAMANTES,-99.12141389,19.43741389,VENUSTIANO CARRANZA,Primaria,89.1089
09DPR4221Z,TEODORO A. DEHESA,VESPERTINO,2025-2026,24.9383,0.0,69.1358,13.5802,41.9753,18.5688,164.0,35.8025,164,09DPR4185L,TEODORO A. DEHESA,-99.08269444,19.30301944,IZTAPALAPA,Primaria,100.0
09DPR2739G,ESTADO DE OAXACA,VESPERTINO,2024-2025 | 2025-2026,24.9351,16.8831,37.6623,53.2468,16.8831,,,36.3636,107,09DJN1032X,ESTADO DE OAXACA,-99.07380556,19.50152222,GUSTAVO A. MADERO,Preescolar,83.1169
09DPR0962S,PROFRA. CARMEN COSGAYA RIVAS,VESPERTINO,2024-2025 | 2025-2026,24.918,11.007,33.2553,47.7752,32.5527,17.7563,396.0,37.9391,396,09DPR0905A,PROFRA. CARMEN COSGAYA RIVAS,-99.13769167,19.54418056,GUSTAVO A. MADERO,Primaria,88.993
09DPR2752A,HERÓICA VERACRUZ,MATUTINO,2024-2025 | 2025-2026,24.9149,51.7958,25.1418,29.4896,18.1474,18.1236,482.0,24.0076,482,09DPR2752A,HERÓICA VERACRUZ,-99.08941667,19.48766389,GUSTAVO A. MADERO,Primaria,48.2042
09DPR2544U,GRAL. DE DIVISION MARCIANO GONZÁLEZ,MATUTINO,2024-2025 | 2025-2026,24.9112,10.0592,59.4675,20.4142,34.6154,18.2811,398.0,34.3195,398,09DPR2544U,GRAL. DE DIVISION MARCIANO GONZÁLEZ,-99.11573333,19.33181667,COYOACÁN,Primaria,89.9408
09DPR1616Q,CIUDAD REYNOSA,MATUTINO,2024-2025 | 2025-2026,24.9074,31.0185,30.5556,29.6296,33.3333,20.2634,232.0,29.6296,232,09DPR1615R,CIUDAD REYNOSA,-99.188425,19.49303056,AZCAPOTZALCO,Primaria,68.9815
09DPR1630J,REPÚBLICA DE COREA,MATUTINO,2024-2025 | 2025-2026,24.9025,24.5125,27.0195,48.1894,24.7911,,,36.7688,317,09DPR1630J,REPÚBLICA DE COREA,-99.17272222,19.47418333,AZCAPOTZALCO,Primaria,75.4875
09DPR2057C,PLAN DE AYALA,MATUTINO,2024-2025,24.8944,24.6479,48.2394,12.3239,39.2606,19.2502,675.0,30.4577,675,09PPR1488Q,PLAN DE AYALA,-99.075159,19.187855,MILPA ALTA,Primaria,75.35210000000001
09DPR4168V,PROFR. ANTONIO S. LÓPEZ,VESPERTINO,2024-2025 | 2025-2026,24.8927,0.0,66.5236,16.309,41.6309,19.0167,257.0,38.1974,257,09DPR4168V,PROFR. ANTONIO S. LÓPEZ,-99.23501389,19.35776111,ÁLVARO OBREGÓN,Primaria,100.0
09DPR1141U,JOSÉ MARTI,MATUTINO,2024-2025 | 2025-2026,24.88,3.6,33.2,66.0,21.6,16.7814,243.0,38.4,243,09DES0084F,JOSÉ MARTI,-99.10729167,19.34555278,IZTAPALAPA,Secundaria,96.4
09DPR4007I,PROFRA. CONCEPCION TARAZAGA COLOMER,VESPERTINO,2024-2025 | 2025-2026,24.8555,1.7341,61.8497,26.0116,34.6821,18.3312,200.0,42.1965,200,09DPR4008H,PROFRA. CONCEPCION TARAZAGA COLOMER,-99.241175,19.28284722,TLALPAN,Primaria,98.2659
09DPR1015X,TEZIUTLAN,MATUTINO,2025-2026,24.8485,0.0,36.9697,59.3939,27.8788,17.9407,175.0,42.4242,175,09DPR1015X,TEZIUTLAN,-99.09253611,19.418975,VENUSTIANO CARRANZA,Primaria,100.0
09DPR1075L,JOSÉ MARÍA MERCADO,VESPERTINO,2024-2025 | 2025-2026,24.8485,0.0,46.6667,47.8788,29.697,18.9299,236.0,49.0909,236,09DPR1075L,JOSÉ MARÍA MERCADO,-99.04866944,19.39513611,IZTAPALAPA,Primaria,100.0
09DPR1351Z,JERONIMO FIGUEROA,MATUTINO,2024-2025 | 2025-2026,24.8421,42.6316,16.8421,42.1053,22.6316,18.8882,128.0,29.4737,128,09DPR1351Z,JERONIMO FIGUEROA,-99.15330833,19.52117222,GUSTAVO A. MADERO,Primaria,57.3684
09DPR2130V,MTRO. ENRIQUE C. REBSAMEN,MATUTINO,2024-2025 | 2025-2026,24.8408,17.1975,53.5032,26.4331,27.0701,,,36.3057,282,09DPR2130V,MTRO. ENRIQUE C. REBSAMEN,-99.07919167,19.49781667,GUSTAVO A. MADERO,Primaria,82.8025
09DPR5147P,PROFR. MAXIMILIANO MOLINA FUENTE,MATUTINO,2024-2025 | 2025-2026,24.8309,0.3623,43.8406,37.6812,42.2705,18.9397,856.0,39.7343,856,09DPR5147P,PROFR. MAXIMILIANO MOLINA FUENTE,-99.1484,19.20200556,TLALPAN,Primaria,99.6377
09DPR2231T,SOMALIA,MATUTINO,2024-2025 | 2025-2026,24.8307,0.4515,45.8239,39.2777,38.6005,18.4866,487.0,40.1806,487,09DPR2231T,SOMALIA,-99.124325,19.28735,TLALPAN,Primaria,99.5485
09DPR2376O,LUCIO TAPIA,MATUTINO,2024-2025 | 2025-2026,24.8227,1.4184,52.4823,29.7872,40.4255,18.9802,190.0,41.1348,190,09DPR2376O,LUCIO TAPIA,-99.13065833,19.445975,CUAUHTÉMOC,Primaria,98.5816
09DPR0903C,ESTADO DE SONORA,MATUTINO,2024-2025 | 2025-2026,24.8148,1.8519,38.8889,58.3333,25.0,,,37.963,113,09DPR0903C,ESTADO DE SONORA,-99.13208611,19.45614167,CUAUHTÉMOC,Primaria,98.1481
09DPR3272Z,MAESTRO MARIO DE LA CUEVA,MATUTINO,2024-2025 | 2025-2026,24.8031,18.5039,25.5906,48.4252,31.4961,,,36.2205,234,09DPR3272Z,MAESTRO MARIO DE LA CUEVA,-99.08886667,19.481675,GUSTAVO A. MADERO,Primaria,81.4961
09DPR2108T,ARTEMIO DE VALLE ARIZPE,VESPERTINO,2024-2025 | 2025-2026,24.8,1.3333,56.0,34.6667,32.0,18.6608,86.0,46.6667,86,09DJN0363G,ARTEMIO DE VALLE ARIZPE,-99.01178056,19.36178056,IZTAPALAPA,Preescolar,98.6667
09DPR1242S,MÁRTIRES DE LA REFORMA,VESPERTINO,2025-2026,24.8,0.0,60.0,26.6667,37.3333,19.5291,95.0,41.3333,95,09DPR1242S,MÁRTIRES DE LA REFORMA,-99.10918889,19.33201389,IZTAPALAPA,Primaria,100.0
09DPR4523V,YECAHUIZOTL,VESPERTINO,2024-2025,24.8,26.2857,30.2857,39.4286,28.0,18.3473,235.0,30.2857,235,09DPR4506E,YECAHUIZOTL,-98.97209444,19.30796944,TLÁHUAC,Primaria,73.71430000000001
09DPR2138N,14 DE JULIO,MATUTINO,2024-2025 | 2025-2026,24.8,27.0,25.0,43.0,29.0,,,38.0,104,09DPR2138N,14 DE JULIO,-99.15745,19.47019444,AZCAPOTZALCO,Primaria,73.0
09DPR2723F,XOCHIMILCO,VESPERTINO,2024-2025,24.7945,38.3562,23.2877,36.3014,26.0274,18.4144,170.0,28.0822,170,09DJN0073Q,XOCHIMILCO,-99.10267222,19.27168889,XOCHIMILCO,Preescolar,61.6438
09DPR4205I,EVERARDO CRUZ SALMERON,MATUTINO,2025-2026,24.7929,6.8047,59.4675,14.2012,43.4911,18.6343,460.0,33.1361,460,09DPR4205I,EVERARDO CRUZ SALMERON,-99.18416667,19.25675833,TLALPAN,Primaria,93.1953
09DPR1952S,REPÚBLICA DE CHECOSLOVAQUIA,MATUTINO,2025-2026,24.7863,0.0,41.5954,39.0313,43.3048,19.1649,385.0,40.7407,385,09DJN0857R,REPÚBLICA DE CHECOSLOVAQUIA,-99.044175,19.32727222,IZTAPALAPA,Preescolar,100.0
09DPR3131A,21 DE MARZO,MATUTINO,2024-2025 | 2025-2026,24.7761,0.0,23.1343,62.6866,38.0597,19.3505,156.0,41.0448,156,09DPR3131A,21 DE MARZO,-99.16103611,19.405025,CUAUHTÉMOC,Primaria,100.0
09DPR5064G,MIGUEL BUSTOS CERECEDO,VESPERTINO,2025-2026,24.7541,1.6393,54.0984,29.5082,38.5246,19.0391,242.0,37.7049,242,09DPR5064G,MIGUEL BUSTOS CERECEDO,-99.14893333,19.23837222,TLALPAN,Primaria,98.3607
09DPR2293F,REPÚBLICA DE JAMAICA,MATUTINO,2024-2025 | 2025-2026,24.7525,1.9802,38.6139,41.0891,42.0792,19.1753,245.0,39.1089,245,09DPR2293F,REPÚBLICA DE JAMAICA,-99.24018611,19.37920833,ÁLVARO OBREGÓN,Primaria,98.0198
09DPR1825W,DR. JOSÉ ELEUTERIO GONZÁLEZ,MATUTINO,2024-2025 | 2025-2026,24.7059,0.0,16.7421,68.7783,38.009,19.5055,278.0,43.8914,278,09DPR1825W,DR. JOSÉ ELEUTERIO GONZÁLEZ,-99.17923333,19.40284722,MIGUEL HIDALGO,Primaria,100.0
09DPR1548J,MIGUEL HIDALGO,MATUTINO,2024-2025 | 2025-2026,24.6991,22.6361,24.3553,44.1261,32.3782,,,36.9628,259,09PES0749Y,MIGUEL HIDALGO,-98.998541,19.216687,MILPA ALTA,Secundaria,77.3639
09DPR2906N,SECRETARIA DE COMERCIO Y FOMENTO INDUSTRIAL,MATUTINO,2024-2025 | 2025-2026,24.6575,0.6849,29.4521,44.5205,48.6301,20.0465,184.0,36.3014,184,09DPR2906N,SECRETARIA DE COMERCIO Y FOMENTO INDUSTRIAL,-99.15956389,19.41394167,CUAUHTÉMOC,Primaria,99.3151
09DPR1133L,PATRIMONIO NACIONAL,MATUTINO,2024-2025 | 2025-2026,24.6552,7.7586,38.7931,31.8966,44.8276,19.2809,105.0,38.7931,105,09DPR1133L,PATRIMONIO NACIONAL,-99.17243056,19.389325,BENITO JUÁREZ,Primaria,92.2414
09DPR1462D,FILOMENO MATA,VESPERTINO,2024-2025 | 2025-2026,24.6512,33.1395,33.7209,34.3023,22.093,19.7529,154.0,33.7209,154,09DPR1462D,FILOMENO MATA,-99.122,19.50553056,GUSTAVO A. MADERO,Primaria,66.8605
09DPR0057P,MARIANO ESCOBEDO,VESPERTINO,2024-2025 | 2025-2026,24.6358,0.0,62.2517,29.1391,31.7881,18.5949,232.0,41.7219,232,09DPR4215P,MARIANO ESCOBEDO,-99.23763056,19.35965556,ÁLVARO OBREGÓN,Primaria,100.0
09DPR1908E,RICARDO GÓMEZ,MATUTINO,2024-2025 | 2025-2026,24.6154,0.4049,46.9636,36.8421,38.8664,19.732,303.0,39.6761,303,09DPR1908E,RICARDO GÓMEZ,-99.19935556,19.34101944,ÁLVARO OBREGÓN,Primaria,99.5951
09DPR5112Z,EULALIA GUZMÁN BARRON,VESPERTINO,2024-2025 | 2025-2026,24.6032,0.7937,41.2698,48.4127,32.5397,19.0422,154.0,39.6825,154,09DPR5112Z,EULALIA GUZMÁN BARRON,-99.23226111,19.35714722,ÁLVARO OBREGÓN,Primaria,99.2063
09DPR2378M,LUIS G. LEON,MATUTINO,2024-2025 | 2025-2026,24.6032,1.5873,42.8571,45.2381,33.3333,18.452,144.0,39.6825,144,09DPR2378M,LUIS G. LEON,-99.13238056,19.44773889,CUAUHTÉMOC,Primaria,98.4127
09DPR3147B,FRANCISCO LARROYO,MATUTINO,2024-2025 | 2025-2026,24.6005,15.2542,54.4794,16.9492,36.3196,,,30.5085,453,09DPR3147B,FRANCISCO LARROYO,-99.14964444,19.32698611,COYOACÁN,Primaria,84.7458
09DPR4215P,MARIANO ESCOBEDO,MATUTINO,2025-2026,24.5833,0.0,59.0278,10.0694,53.8194,20.2508,301.0,40.2778,301,09DPR4215P,MARIANO ESCOBEDO,-99.23763056,19.35965556,ÁLVARO OBREGÓN,Primaria,100.0
09DPR5024F,JULIA NAVA RUIZ SANCHEZ,MATUTINO,2024-2025,24.5778,15.7778,12.4444,51.7778,42.8889,19.4421,453.0,33.5556,453,09DPR5024F,JULIA NAVA RUIZ SANCHEZ,-99.00416111,19.25897222,TLÁHUAC,Primaria,84.2222
09DPR2006W,MARTINA ISLAS,MATUTINO,2024-2025 | 2025-2026,24.5732,1.8293,46.0366,30.4878,44.5122,18.7309,347.0,38.1098,347,09DPR2008U,MARTINA ISLAS,-99.16790833,19.26588333,TLALPAN,Primaria,98.1707
09DPR4164Z,BENITO PÉREZ GALDOS,VESPERTINO,2024-2025 | 2025-2026,24.5714,0.0,57.1429,23.8095,41.9048,18.3438,174.0,36.1905,174,09DPR4163Z,BENITO PÉREZ GALDOS,-98.98928333,19.34596111,IZTAPALAPA,Primaria,100.0
09DPR2958T,VILLA ESTRELLA,MATUTINO,2024-2025 | 2025-2026,24.5652,0.0,33.6957,59.2391,29.8913,18.6311,197.0,44.0217,197,09DPR2958T,VILLA ESTRELLA,-99.09114444,19.35264167,IZTAPALAPA,Primaria,100.0
09DPR4227U,GUILLEN DE LAMPART,MATUTINO,2024-2025 | 2025-2026,24.5614,10.2339,50.8772,22.807,38.8889,19.5648,393.0,37.1345,393,09DPR4227U,GUILLEN DE LAMPART,-99.169925,19.31027222,COYOACÁN,Primaria,89.7661
09DPR2077Q,GREGORIO TORRES QUINTERO,MATUTINO,2024-2025 | 2025-2026,24.5588,24.5098,33.5784,27.9412,36.7647,19.1818,450.0,29.1667,450,09DJN0910W,GREGORIO TORRES QUINTERO,-99.10751944,19.3193,COYOACÁN,Preescolar,75.4902
09DPR2678J,PROFR. ALFREDO BASURTO GARCÍA,VESPERTINO,2024-2025 | 2025-2026,24.557,10.1266,53.1646,29.1139,30.3797,18.54,83.0,39.2405,83,09DPR2678J,PROFR. ALFREDO BASURTO GARCÍA,-99.15815278,19.31206944,COYOACÁN,Primaria,89.8734
09DPR5139G,JAIME SABINES,VESPERTINO,2024-2025 | 2025-2026,24.556,20.8494,40.5405,28.5714,32.8185,17.8429,288.0,32.4324,288,09DPR5105Q,JAIME SABINES,-99.00394444,19.33298611,IZTAPALAPA,Primaria,79.1506
09DPR4103L,ROSA VILLANUEVA RAMOS,VESPERTINO,2024-2025,24.5533,14.121,48.9914,31.9885,27.6657,15.1849,386.0,35.4467,386,09DPR0052U,ROSA VILLANUEVA RAMOS,-98.99201111,19.21435,MILPA ALTA,Primaria,85.879
09DPR2974K,PROFR. VICTORIANO GUZMÁN,MATUTINO,2024-2025 | 2025-2026,24.5361,1.0309,45.6186,31.4433,44.5876,18.7098,381.0,38.1443,381,09DPR2974K,PROFR. VICTORIANO GUZMÁN,-99.15980278,19.32406111,COYOACÁN,Primaria,98.9691
09DPR2530R,ESTADO DE COAHUILA,MATUTINO,2024-2025 | 2025-2026,24.5333,0.0,37.3333,52.0,33.3333,19.5696,174.0,43.3333,174,09DPR2530R,ESTADO DE COAHUILA,-99.15660556,19.41785556,CUAUHTÉMOC,Primaria,100.0
09DPR1298U,GENERAL ANAYA,MATUTINO,2024-2025 | 2025-2026,24.5161,0.4608,67.2811,10.5991,44.2396,18.6624,335.0,35.9447,335,09DPR1298U,GENERAL ANAYA,-99.14003333,19.37224722,BENITO JUÁREZ,Primaria,99.5392
09DPR1095Z,LIC. CARLOS ZAPATA VELA,MATUTINO,2024-2025 | 2025-2026,24.4976,0.0,39.7129,55.9809,26.7943,18.1556,283.0,45.4545,283,09DPR1095Z,LIC. CARLOS ZAPATA VELA,-99.10535,19.39396111,IZTACALCO,Primaria,100.0
09DPR5066E,PROFR. RAFAEL C. HARO,MATUTINO,2024-2025,24.4848,12.9293,47.6768,23.6364,38.1818,18.9088,521.0,34.3434,521,09DPR5066E,PROFR. RAFAEL C. HARO,-99.124975,19.27752778,XOCHIMILCO,Primaria,87.0707
09DPR0103K,PROFR. ANTONIO CEDEÑO,MATUTINO,2024-2025 | 2025-2026,24.4742,0.1912,27.5335,59.0822,35.5641,,,43.5946,541,09DPR0005J,PROFR. ANTONIO CEDEÑO,-99.05108889,19.32975833,IZTAPALAPA,Primaria,99.8088
09DPR0019M,DANIEL COSIO VILLEGAS,MATUTINO,2024-2025 | 2025-2026,24.47,26.9585,46.3134,16.8203,32.2581,,,29.4931,486,09DPR4165Y,DANIEL COSIO VILLEGAS,-99.03792778,19.31230556,TLÁHUAC,Primaria,73.0415
09DPR1949E,REPÚBLICA DE NICARAGUA,MATUTINO,2024-2025 | 2025-2026,24.4571,0.0,45.1429,37.1429,40.0,18.6404,225.0,42.8571,225,09DES4074Z,REPÚBLICA DE NICARAGUA,-99.095375,19.49694444,GUSTAVO A. MADERO,Secundaria,100.0
09DPR4017P,RAFAEL DONDE,MATUTINO,2025-2026,24.4503,0.0,43.1937,37.9581,41.0995,19.2337,407.0,40.8377,407,09DPR4017P,RAFAEL DONDE,-98.997525,19.35018611,IZTAPALAPA,Primaria,100.0
09DPR1615R,CIUDAD REYNOSA,VESPERTINO,2024-2025 | 2025-2026,24.4444,19.1919,41.4141,30.303,31.3131,,,35.3535,100,09DPR1615R,CIUDAD REYNOSA,-99.188425,19.49303056,AZCAPOTZALCO,Primaria,80.8081
09DPR2848N,PROFR. CECILIO MIJARES POBLANO,MATUTINO,2024-2025 | 2025-2026,24.4444,1.0929,62.1129,18.2149,40.8015,18.6809,714.0,35.7013,714,09DPR2749N,PROFR. CECILIO MIJARES POBLANO,-99.23698611,19.27231389,TLALPAN,Primaria,98.9071
09DPR4211T,EULALIA GUZMÁN BARRON,MATUTINO,2025-2026,24.4361,0.0,52.6316,34.9624,34.5865,18.8104,267.0,40.2256,267,09DPR5112Z,EULALIA GUZMÁN BARRON,-99.23226111,19.35714722,ÁLVARO OBREGÓN,Primaria,100.0
09DPR1619N,CENTENARIO DE LA CONSTITUCION DEL 57,MATUTINO,2024-2025 | 2025-2026,24.4321,26.3158,26.8698,40.7202,28.2548,,,35.1801,315,09DPR1619N,CENTENARIO DE LA CONSTITUCION DEL 57,-99.17893611,19.47581389,AZCAPOTZALCO,Primaria,73.6842
09DPR1868U,PROFR. ERASTO VALLE ALCARAZ,MATUTINO,2024-2025 | 2025-2026,24.401,0.2445,50.3667,28.1174,43.2763,,,38.3863,461,09DPR1868U,PROFR. ERASTO VALLE ALCARAZ,-99.21051944,19.38044167,ÁLVARO OBREGÓN,Primaria,99.7555
09DPR1921Z,PROCERES DE LA INDEPENDENCIA,MATUTINO,2024-2025,24.3621,10.2881,35.8025,42.3868,33.3333,18.0317,274.0,30.4527,274,09DPR1921Z,PROCERES DE LA INDEPENDENCIA,-99.212025,19.33355833,LA MAGDALENA CONTRERAS,Primaria,89.7119
09DPR5142U,POPOL VUH,VESPERTINO,2024-2025 | 2025-2026,24.3519,31.9444,41.6667,15.2778,32.8704,18.386,264.0,25.463,264,09DJN0068E,POPOL VUH,-99.11109167,19.37898056,IZTAPALAPA,Preescolar,68.0556
09DPR5109M,LINAJE AZTECA,VESPERTINO,2024-2025,24.3421,26.9737,45.3947,14.4737,34.8684,18.2099,171.0,27.6316,171,09DPR5054Z,LINAJE AZTECA,-99.05528333,19.28293056,TLÁHUAC,Primaria,73.02629999999999
09DPR5059V,RAFAEL SOLANA,VESPERTINO,2024-2025 | 2025-2026,24.3386,2.6455,46.0317,50.2646,22.7513,18.2304,409.0,39.6825,409,09DPR5059V,RAFAEL SOLANA,-99.00646389,19.37054722,IZTAPALAPA,Primaria,97.3545
09DPR1338E,PADRE MIER,MATUTINO,2024-2025 | 2025-2026,24.3123,0.3717,27.881,56.5056,36.803,19.2345,352.0,39.0335,352,09DPR1338E,PADRE MIER,-99.16564722,19.43514722,CUAUHTÉMOC,Primaria,99.6283
09DPR1641P,HÉROES DEL SUR,MATUTINO,2024-2025 | 2025-2026,24.2932,41.8848,24.3455,25.3927,29.8429,19.414,376.0,24.0838,376,09DPR1641P,HÉROES DEL SUR,-99.18428056,19.49173889,AZCAPOTZALCO,Primaria,58.1152
09DPR2731O,PROFR. JESUS ROMERO FLORES,MATUTINO,2024-2025 | 2025-2026,24.2884,25.1386,24.5841,47.1349,24.5841,18.8529,430.0,34.5656,430,09DPR2731O,PROFR. JESUS ROMERO FLORES,-99.12861667,19.47538611,GUSTAVO A. MADERO,Primaria,74.8614
09DPR2164L,GRAL. LAZARO CARDENAS,MATUTINO,2024-2025 | 2025-2026,24.2781,71.123,22.4599,25.1337,2.6738,2.5407,131.0,21.9251,131,09DIX0028V,GRAL. LÁZARO CARDENAS,-99.09388056,19.36661111,IZTAPALAPA,Primaria,28.876999999999995
09DPR2060Q,MIGUEL HIDALGO Y COSTILLA,MATUTINO,2024-2025,24.2672,20.6897,32.9741,37.2845,30.3879,18.0427,457.0,30.6034,457,09DJN0214Z,MIGUEL HIDALGO Y COSTILLA,-99.14521111,19.47839722,GUSTAVO A. MADERO,Preescolar,79.3103
09DPR3172A,INGENIERO JAVIER BARROS SIERRA,VESPERTINO,2025-2026,24.2667,0.0,62.6667,12.4444,46.2222,19.333,287.0,38.6667,287,09DPR3172A,INGENIERO JAVIER BARROS SIERRA,-99.23829167,19.33692222,ÁLVARO OBREGÓN,Primaria,100.0
09DPR1125C,REINO UNIDO DE LA GRAN BRETAÑA,MATUTINO,2024-2025 | 2025-2026,24.2241,6.4655,46.9828,27.5862,40.0862,19.3926,284.0,35.3448,284,09DPR1125C,REINO UNIDO DE LA GRAN BRETAÑA,-99.16995278,19.37324444,BENITO JUÁREZ,Primaria,93.5345
09DPR2669B,PROFR. NARCISO RAMOS GALICIA,VESPERTINO,2024-2025,24.2202,39.4495,36.3914,17.1254,28.1346,19.4783,382.0,25.0765,382,09DPR2953Y,PROFR. NARCISO RAMOS GALICIA,-99.004025,19.27011667,TLÁHUAC,Primaria,60.5505
09DPR2521J,JOSÉ MARIA IGLESIAS,MATUTINO,2024-2025 | 2025-2026,24.2105,0.7519,27.0677,56.391,36.8421,19.4411,165.0,41.3534,165,09DPR2521J,JOSÉ MARIA IGLESIAS,-99.170125,19.41779722,CUAUHTÉMOC,Primaria,99.2481
09DPR0849Z,JOSÉ AZUETA,MATUTINO,2024-2025 | 2025-2026,24.2017,0.4202,42.0168,40.3361,38.2353,18.5588,472.0,38.6555,472,09DES0288Z,JOSÉ AZUETA,-99.14978889,19.32665,COYOACÁN,Secundaria,99.5798
09DPR2380A,IGNACIO ALLENDE,MATUTINO,2024-2025 | 2025-2026,24.2017,18.4874,25.2101,47.8992,29.4118,18.6667,151.0,33.6134,151,09DPR2380A,IGNACIO ALLENDE,-99.12186667,19.45625,VENUSTIANO CARRANZA,Primaria,81.51259999999999
09DPR3040J,DR. JAIME TORRES BODET,VESPERTINO,2024-2025 | 2025-2026,24.186,14.7287,40.3101,28.6822,37.2093,,,31.7829,183,09DPR2577L,DR. JAIME TORRES BODET,-99.047625,19.29606944,TLÁHUAC,Primaria,85.2713
09DPR5129Z,PROVINCIA DE QUEBEC,VESPERTINO,2024-2025 | 2025-2026,24.183,0.6536,42.4837,37.2549,40.5229,,,39.2157,190,09DPR5129Z,PROVINCIA DE QUEBEC,-99.22575556,19.28439167,TLALPAN,Primaria,99.3464
09DPR1986I,FRANCISCO I. MADERO,VESPERTINO,2024-2025 | 2025-2026,24.1718,0.0,67.0757,20.6544,33.1288,18.5255,601.0,36.8098,601,09DPR1986I,FRANCISCO I. MADERO,-99.20555278,19.21824722,TLALPAN,Primaria,100.0
09DPR2281A,MAHATMA GANDHI,MATUTINO,2024-2025 | 2025-2026,24.1606,0.0,51.4599,22.6277,46.7153,18.5175,368.0,33.5766,368,09PJN0882V,MAHATMA GANDHI,-99.121871,19.332599,COYOACÁN,Preescolar,100.0
09DPR2218Z,LUXEMBURGO,MATUTINO,2024-2025 | 2025-2026,24.1577,0.0,49.1039,33.3333,38.3513,18.7017,365.0,38.7097,365,09DJN0340W,LUXEMBURGO,-99.15459167,19.50106389,GUSTAVO A. MADERO,Preescolar,100.0
09DPR2864E,PLAN DE SAN LUIS,VESPERTINO,2024-2025 | 2025-2026,24.153,0.5464,48.6339,32.2404,39.3443,19.276,216.0,37.7049,216,09DPR2864E,PLAN DE SAN LUIS,-99.10947778,19.34435,IZTAPALAPA,Primaria,99.4536
09DPR1437E,DR. JOSÉ MARIA LUIS MORA,VESPERTINO,2024-2025 | 2025-2026,24.1481,23.7037,34.8148,47.4074,14.8148,,,37.7778,135,09DPR1433I,DR. JOSÉ MARIA LUIS MORA,-99.13875278,19.52653889,GUSTAVO A. MADERO,Primaria,76.2963
09DPR1639A,MANUEL BELGRANO,MATUTINO,2024-2025 | 2025-2026,24.1475,6.4516,21.659,61.2903,31.3364,,,41.0138,244,09DPR1639A,MANUEL BELGRANO,-99.19324722,19.49787222,AZCAPOTZALCO,Primaria,93.5484
09DPR1163F,AGUSTIN LEGORRETA,VESPERTINO,2024-2025 | 2025-2026,24.1424,33.4951,45.6311,17.7994,23.7864,,,24.9191,655,09DPR1163F,AGUSTIN LEGORRETA,-98.99569444,19.21891667,MILPA ALTA,Primaria,66.50489999999999
09DPR0144K,CARLOS MARIA BUSTAMANTE,MATUTINO,2024-2025 | 2025-2026,24.1304,18.1159,48.7319,18.1159,35.6884,18.9757,603.0,30.7971,603,09DPR0144K,CARLOS MARIA BUSTAMANTE,-99.28806667,19.37253611,CUAJIMALPA DE MORELOS,Primaria,81.8841
09DPR5098X,JOSÉ SANTOS VALDEZ,MATUTINO,2024-2025 | 2025-2026,24.125,0.0,38.75,36.875,45.0,18.9597,177.0,39.375,177,09DPR5098X,JOSÉ SANTOS VALDEZ,-99.10445833,19.32171389,COYOACÁN,Primaria,100.0
09DPR2415Z,FLORENCIO M. DEL CASTILLO,VESPERTINO,2024-2025 | 2025-2026,24.1121,0.0,23.3645,59.8131,37.3832,19.2417,115.0,45.7944,115,09DPR2415Z,FLORENCIO M. DEL CASTILLO,-99.1592,19.43830556,CUAUHTÉMOC,Primaria,100.0
09DPR3004E,EL SEGURO DEL MAESTRO,VESPERTINO,2024-2025 | 2025-2026,24.1096,0.0,72.6027,4.1096,43.8356,18.7411,113.0,26.0274,113,09DPR3126P,EL SEGURO DEL MAESTRO,-98.9953,19.36238611,IZTAPALAPA,Primaria,100.0
09DPR2793A,RABINDRANATH TAGORE,MATUTINO,2024-2025 | 2025-2026,24.1037,25.486,32.3974,39.3089,23.3261,19.204,410.0,34.9892,410,09DPR2674N,RABINDRANATH TAGORE,-99.13798611,19.52011389,GUSTAVO A. MADERO,Primaria,74.514
09DPR1842M,ADOLFO RUIZ CORTINES,MATUTINO,2024-2025 | 2025-2026,24.094,1.0067,60.4027,21.1409,37.9195,18.8149,318.0,39.9329,318,09DJN0221I,ADOLFO RUIZ CORTINES,-99.16970556,19.31959722,COYOACÁN,Preescolar,98.9933
09DPR0108F,PROFR. MANUEL AGUILAR SAENZ,MATUTINO,2024-2025 | 2025-2026,24.0827,0.7752,23.2558,57.8811,38.5013,19.1213,410.0,39.2765,410,09DPR0108F,PROFR. MANUEL AGUILAR SAENZ,-99.05444167,19.35227222,IZTAPALAPA,Primaria,99.2248
09DPR0873Z,PROFRA. CARMEN DOMÍNGUEZ AGUIRRE,VESPERTINO,2024-2025,24.0741,13.8889,40.7407,19.4444,46.2963,19.6742,132.0,29.6296,132,09DPR0873Z,PROFRA. CARMEN DOMÍNGUEZ AGUIRRE,-99.24826944,19.315875,LA MAGDALENA CONTRERAS,Primaria,86.1111
09DPR0985C,DOMINGO F. SARMIENTO,MATUTINO,2024-2025 | 2025-2026,24.0686,0.2451,37.5,51.2255,31.3725,,,44.8529,456,09DPR0985C,DOMINGO F. SARMIENTO,-99.11911111,19.42295556,VENUSTIANO CARRANZA,Primaria,99.7549
09DPR2451E,PROFR. GABRIEL LUCIO ARGUELLES,MATUTINO,2025-2026,24.0678,0.0,55.9322,22.0339,42.3729,19.5982,179.0,34.7458,179,09DPR2451E,PROFR. GABRIEL LUCIO ARGUELLES,-99.11001944,19.31735278,COYOACÁN,Primaria,100.0
09DPR2576M,PROFR. URBANO LAVIN ROMÁN,MATUTINO,2024-2025 | 2025-2026,24.046,12.6437,41.6092,22.2989,43.6782,,,32.4138,559,09DPR3119F,PROFR. URBANO LAVIN ROMÁN,-99.04906667,19.29441667,TLÁHUAC,Primaria,87.3563
09DPR2623G,PROFR. PEDRO LOREDO ORTEGA,VESPERTINO,2024-2025 | 2025-2026,24.0376,4.2254,53.9906,15.493,46.4789,19.4505,248.0,34.7418,248,09DPR2623G,PROFR. PEDRO LOREDO ORTEGA,-99.23708611,19.29158056,TLALPAN,Primaria,95.7746
09DPR1377G,LUIS G. LOZANO,MATUTINO,2024-2025 | 2025-2026,24.0,22.2222,21.5873,52.381,23.8095,18.4563,242.0,34.9206,242,09DPR1377G,LUIS G. LOZANO,-99.09921111,19.46978333,GUSTAVO A. MADERO,Primaria,77.7778
09DPR5151B,MAESTRO JUSTO SIERRA,VESPERTINO,2024-2025 | 2025-2026,24.0,14.5946,37.8378,44.5946,22.973,16.6736,360.0,32.4324,360,09DPR1822Z,MAESTRO JUSTO SIERRA,-99.33401389,19.30742778,CUAJIMALPA DE MORELOS,Primaria,85.4054
09DPR1685M,RAFAELA SUAREZ,MATUTINO,2024-2025 | 2025-2026,24.0,0.0,9.4118,71.7647,38.8235,19.6608,183.0,41.7647,183,09DJN1031Y,RAFAELA SUAREZ,-99.05635556,19.38650833,IZTAPALAPA,Preescolar,100.0
09DPR3105C,FERNANDO MONTES DE OCA,MATUTINO,2024-2025 | 2025-2026,23.9583,19.6429,46.4286,23.2143,30.506,19.6867,578.0,33.4821,578,09DES0025Q,FERNANDO MONTES DE OCA,-99.19845833,19.49748889,AZCAPOTZALCO,Secundaria,80.3571
09DPR2989M,PROFR. SALVADOR VARELA RESENDIZ,VESPERTINO,2024-2025 | 2025-2026,23.9535,40.6977,20.9302,32.5581,25.5814,,,27.907,62,09DPR2594B,PROFR. SALVADOR VARELA RESENDIZ,-99.201925,19.50988611,AZCAPOTZALCO,Primaria,59.3023
09DPR3003F,RABINDRANATH TAGORE,MATUTINO,2024-2025 | 2025-2026,23.9527,0.0,63.3446,16.723,39.6959,19.9684,698.0,39.527,698,09DPR2674N,RABINDRANATH TAGORE,-99.13798611,19.52011389,GUSTAVO A. MADERO,Primaria,100.0
09DPR4195S,PROFRA. HERMINIA ORDOÑEZ TORRES,VESPERTINO,2024-2025,23.945,21.5596,25.6881,38.9908,33.4862,19.2386,268.0,27.5229,268,09DPR0004K,PROFRA. HERMINIA ORDOÑEZ TORRES,-99.11128333,19.26803333,XOCHIMILCO,Primaria,78.4404
09DPR2035R,AGUSTIN LEGORRETA,MATUTINO,2024-2025,23.9443,34.8339,34.298,24.0086,26.5809,18.0488,965.0,26.6881,965,09DPR1163F,AGUSTIN LEGORRETA,-98.99569444,19.21891667,MILPA ALTA,Primaria,65.1661
09DPR1480T,EMILIANO ZAPATA,MATUTINO,2024-2025 | 2025-2026,23.9254,57.8999,24.5339,18.842,18.3513,18.7126,755.0,20.4122,755,09DPR1320F,EMILIANO ZAPATA,-99.10103333,19.32441667,IZTAPALAPA,Primaria,42.1001
09DPR1413V,INSURGENTE MORELOS,MATUTINO,2024-2025 | 2025-2026,23.9247,27.4194,26.3441,43.5484,22.3118,19.8379,252.0,33.6022,252,09DPR1413V,INSURGENTE MORELOS,-99.11394722,19.48494444,GUSTAVO A. MADERO,Primaria,72.5806
09DPR2638I,LUCRECIA TORIZ,VESPERTINO,2025-2026,23.908,0.0,24.1379,54.023,41.3793,20.0625,115.0,41.3793,115,09DPR2638I,LUCRECIA TORIZ,-99.09434444,19.38601944,IZTACALCO,Primaria,100.0
09DPR2969Z,QUIRINO MENDOZA Y CORTES,VESPERTINO,2024-2025,23.8961,44.8052,44.1558,11.6883,18.8312,18.1541,179.0,22.7273,179,09DPR2051I,QUIRINO MENDOZA Y CORTES,-99.10673333,19.25687778,XOCHIMILCO,Primaria,55.1948
09DPR2970O,PROFR. LIBRADO RIVERA,MATUTINO,2024-2025 | 2025-2026,23.8906,20.9726,45.5927,15.5015,37.386,19.1062,403.0,29.4833,403,09DPR2970O,PROFR. LIBRADO RIVERA,-99.15597222,19.30675556,COYOACÁN,Primaria,79.0274
09DPR2978G,PROFR. ELISEO BANDALA FERNANDEZ,VESPERTINO,2024-2025 | 2025-2026,23.8889,48.1481,37.963,11.1111,22.2222,18.2491,175.0,22.2222,175,09DPR3091Q,PROFR. ELISEO BANDALA FERNANDEZ,-99.23694167,19.29198889,TLALPAN,Primaria,51.8519
09DPR4003M,LUIS PENICHE VALLADO,VESPERTINO,2024-2025 | 2025-2026,23.8655,26.8908,40.3361,18.9076,33.1933,,,30.6723,357,09DPR4002N,LUIS PENICHE VALLADO,-99.03741111,19.31199444,TLÁHUAC,Primaria,73.1092
09DPR1127A,TLACOQUEMECATL,MATUTINO,2024-2025 | 2025-2026,23.8532,11.4679,46.3303,27.5229,33.945,18.9559,262.0,33.945,262,09DJN0006S,TLACOQUEMECATL,-99.15092222,19.39396111,BENITO JUÁREZ,Preescolar,88.5321
09DPR2648P,PROFR. CARLOS FUENTES MARTÍNEZ,MATUTINO,2024-2025 | 2025-2026,23.8491,34.717,23.0189,39.6226,21.8868,17.997,231.0,28.6792,231,09DPR2648P,PROFR. CARLOS FUENTES MARTÍNEZ,-99.06871389,19.48009444,GUSTAVO A. MADERO,Primaria,65.283
09DPR4506E,YECAHUIZOTL,MATUTINO,2024-2025,23.8342,5.6995,49.2228,22.2798,41.9689,18.3192,238.0,30.5699,238,09DPR4506E,YECAHUIZOTL,-98.97209444,19.30796944,TLÁHUAC,Primaria,94.3005
09DPR1816O,MAESTRO LEOPOLDO GARCÍA VEYRAN,MATUTINO,2024-2025 | 2025-2026,23.8235,0.4902,60.7843,15.6863,42.1569,19.5636,279.0,37.2549,279,09DPR1816O,MAESTRO LEOPOLDO GARCÍA VEYRAN,-99.20286111,19.39406944,ÁLVARO OBREGÓN,Primaria,99.5098
09DPR2982T,TONATIUH,VESPERTINO,2024-2025 | 2025-2026,23.8095,10.4762,53.3333,49.5238,5.7143,,,43.8095,128,09DJN0303S,TONATIUH,-99.12626111,19.43449444,CUAUHTÉMOC,Preescolar,89.5238
09DPR4188I,PROFR. SAUL VENANCIO ANCHONDO LOZOYA,VESPERTINO,2024-2025 | 2025-2026,23.8046,0.0,50.1285,27.2494,41.6452,19.1407,451.0,37.5321,451,09DPR4187J,PROFR. SAUL VENANCIO ANCHONDO LOZOYA,-99.22583889,19.26697222,TLALPAN,Primaria,100.0
09DPR1108M,PEDRO ASCENCIO,MATUTINO,2024-2025 | 2025-2026,23.7975,26.5823,25.3165,26.5823,40.5063,19.7351,98.0,31.6456,98,09DPR1108M,PEDRO ASCENCIO,-99.14851389,19.3762,BENITO JUÁREZ,Primaria,73.4177
09DPR1920Z,DOCTOR PORFIRIO PARRA,MATUTINO,2024-2025 | 2025-2026,23.7949,0.5128,52.3077,24.6154,41.5385,19.3691,277.0,36.4103,277,09DPR1915O,DOCTOR PORFIRIO PARRA,-99.19453333,19.34506111,ÁLVARO OBREGÓN,Primaria,99.4872
09DPR2103Y,CIUDAD PROCER DE GUANAJUATO,MATUTINO,2025-2026,23.7903,33.0645,13.7097,45.1613,27.0161,20.0053,291.0,29.8387,291,09DPR2103Y,CIUDAD PROCER DE GUANAJUATO,-99.10918056,19.42084167,VENUSTIANO CARRANZA,Primaria,66.93549999999999
09DPR3253L,RAFAEL RAMIREZ CASTAÑEDA,VESPERTINO,2024-2025 | 2025-2026,23.7803,47.8191,32.6333,18.4168,20.0323,18.9615,573.0,22.9402,573,09DPR3253L,RAFAEL RAMIREZ CASTAÑEDA,-98.96586667,19.31056389,TLÁHUAC,Primaria,52.1809
09DPR2241Z,BENITO JUÁREZ,MATUTINO,2024-2025 | 2025-2026,23.7647,12.9412,41.3235,36.7647,27.7941,18.9017,579.0,33.5294,579,09DPR2241Z,BENITO JUÁREZ,-99.32901667,19.33125556,CUAJIMALPA DE MORELOS,Primaria,87.0588
09DPR1527X,REPÚBLICA DEL CONGO,VESPERTINO,2024-2025 | 2025-2026,23.75,2.5,55.0,30.0,31.25,20.0927,90.0,50.0,90,09DPR1504M,REPÚBLICA DEL CONGO,-99.21956667,19.37143611,ÁLVARO OBREGÓN,Primaria,97.5
09DPR1852T,MAESTRO CANDOR GUAJARDO,VESPERTINO,2025-2026,23.75,0.0,42.7083,39.5833,36.4583,20.4308,112.0,36.4583,112,09DPR1851U,MAESTRO CANDOR GUAJARDO,-99.22328056,19.37000833,ÁLVARO OBREGÓN,Primaria,100.0
09DPR4510R,REPÚBLICA ARABE DE EGIPTO,VESPERTINO,2025-2026,23.7405,2.2901,41.2214,50.0,25.1908,18.5723,350.0,41.2214,350,09DPR4510R,REPÚBLICA ARABE DE EGIPTO,-99.03789444,19.32099722,IZTAPALAPA,Primaria,97.7099
09DPR2632O,MARIA LUISA ROSS,VESPERTINO,2024-2025 | 2025-2026,23.7383,0.9346,65.4206,14.9533,37.3832,,,33.6449,144,09DPR2620J,MARIA LUISA ROSS,-99.22988333,19.37256944,ÁLVARO OBREGÓN,Primaria,99.0654
09DPR1244Q,LIC. MARIANO OTERO,MATUTINO,2024-2025 | 2025-2026,23.7363,0.2747,47.5275,27.1978,43.6813,18.6022,575.0,31.044,575,09DPR1244Q,LIC. MARIANO OTERO,-99.10576111,19.33337778,IZTAPALAPA,Primaria,99.7253
09DPR3202E,VINI CUBI,MATUTINO,2024-2025 | 2025-2026,23.7317,10.9015,44.8637,30.1887,32.7044,16.4445,502.0,35.8491,502,09DPR3202E,VINI CUBI,-99.30032222,19.34745556,CUAJIMALPA DE MORELOS,Primaria,89.0985
09DPR1767W,GUILLERMO PRIETO,MATUTINO,2024-2025 | 2025-2026,23.7313,0.7463,42.5373,44.0299,31.3433,,,41.791,147,09DJN1423L,GUILLERMO PRIETO,-98.997025,19.35471111,IZTAPALAPA,Preescolar,99.2537
09DPR2045Y,REY TIZOC,MATUTINO,2024-2025,23.7303,11.4607,34.382,26.7416,46.0674,19.5259,529.0,31.0112,529,09DPR2048V,REY TIZOC,-99.11665278,19.26426667,XOCHIMILCO,Primaria,88.5393
09DPR1677D,HERMANOS GALEANA,VESPERTINO,2024-2025 | 2025-2026,23.7288,0.0,62.1469,20.339,36.1582,19.1524,234.0,36.7232,234,09DPR1677D,HERMANOS GALEANA,-99.25387778,19.359,ÁLVARO OBREGÓN,Primaria,100.0
09DPR1184S,JULIO DIBELLA BARRAGAN,MATUTINO,2024-2025 | 2025-2026,23.7278,0.5917,35.2071,33.432,49.4083,19.6953,359.0,34.6154,359,09DPR1184S,JULIO DIBELLA BARRAGAN,-99.13073889,19.40089444,IZTACALCO,Primaria,99.4083
09DPR2044Z,CUAHILAMA,MATUTINO,2024-2025,23.7108,34.6988,32.5301,20.9639,30.3614,18.3358,451.0,25.7831,451,09DPR2044Z,CUAHILAMA,-99.07465833,19.246325,XOCHIMILCO,Primaria,65.3012
09DPR1999M,TIBURCIO MONTIEL,MATUTINO,2024-2025 | 2025-2026,23.7012,12.9032,45.5008,24.1087,35.9932,18.4788,697.0,31.7487,697,09DPR1997O,TIBURCIO MONTIEL,-99.17291667,19.25343333,TLALPAN,Primaria,87.0968
09DPR4217N,PROFR. JESUS SILVA HERZOG,MATUTINO,2025-2026,23.7,8.0,50.0,22.5,38.0,18.3727,466.0,32.25,466,09DPR4217N,PROFR. JESUS SILVA HERZOG,-99.11162778,19.32455556,COYOACÁN,Primaria,92.0
09DPR2427E,ESTADO DE VERACRUZ,MATUTINO,2025-2026,23.6957,4.8913,38.587,41.3043,33.6957,19.3496,222.0,39.6739,222,09DES0226N,ESTADO DE VERACRUZ,-99.10020556,19.32713611,IZTAPALAPA,Secundaria,95.1087
09DPR1537D,NICOLAS BRAVO,MATUTINO,2024-2025 | 2025-2026,23.6905,33.3333,28.5714,34.8214,21.7262,,,31.8452,285,09DBN0079B,NICOLAS BRAVO,-99.08130278,19.49550278,GUSTAVO A. MADERO,Primaria,66.66669999999999
09DPR4194T,PABLO MARTÍNEZ  DEL RIO,MATUTINO,2024-2025 | 2025-2026,23.6697,0.0,33.4862,38.0734,46.789,20.0385,260.0,40.367,260,09DPR4194T,PABLO MARTÍNEZ  DEL RIO,-99.12122222,19.32154722,COYOACÁN,Primaria,100.0
09DPR1750W,GENERAL ANTONIO ROSALES,MATUTINO,2025-2026,23.662,0.8451,42.8169,37.4648,37.1831,20.1546,380.0,39.4366,380,09DPR1750W,GENERAL ANTONIO ROSALES,-99.24618056,19.37883611,ÁLVARO OBREGÓN,Primaria,99.1549
09DPR3293M,PROFR. RUBEN MOREIRA COBOS,VESPERTINO,2024-2025 | 2025-2026,23.662,1.4085,35.2113,52.1127,29.5775,18.2064,100.0,46.4789,100,09DPR3168O,PROFR. RUBEN MOREIRA COBOS,-99.06668611,19.410775,IZTACALCO,Primaria,98.5915
09DPR1487M,EJIDO DE ZACATENCO,VESPERTINO,2024-2025 | 2025-2026,23.662,28.169,27.4648,39.4366,23.2394,18.8561,125.0,36.6197,125,09DPR1486N,EJIDO DE ZACATENCO,-99.12045278,19.50247778,GUSTAVO A. MADERO,Primaria,71.831
09DPR2895Y,REPÚBLICA COSTA DE MARFIL,MATUTINO,2024-2025 | 2025-2026,23.6567,0.3731,37.6866,45.8955,34.3284,19.0134,306.0,41.0448,306,09DPR2895Y,REPÚBLICA COSTA DE MARFIL,-99.10633611,19.38934444,IZTACALCO,Primaria,99.6269
09DPR0866P,RAMON MANTEROLA,MATUTINO,2024-2025 | 2025-2026,23.6501,11.7647,46.6063,24.5852,35.2941,18.6491,608.0,31.9759,608,09DBS0009B,RAMON MANTEROLA,-99.29819444,19.35676667,CUAJIMALPA DE MORELOS,Adultos - Secundaria,88.2353
09DPR2213D,AMISTAD MUNDIAL,MATUTINO,2024-2025 | 2025-2026,23.6364,0.3953,45.0593,32.4111,40.3162,18.8329,261.0,36.3636,261,09DPR2213D,AMISTAD MUNDIAL,-99.19469722,19.37220833,ÁLVARO OBREGÓN,Primaria,99.6047
09DPR2490G,JOAQUIN GARCÍA ICAZBALCETA,VESPERTINO,2025-2026,23.617,0.0,36.1702,56.383,25.5319,18.519,110.0,43.617,110,09DPR2491F,JOAQUIN GARCÍA ICAZBALCETA,-99.131325,19.42763056,CUAUHTÉMOC,Primaria,100.0
09DPR2074T,GREGORIO TORRES QUINTERO,VESPERTINO,2024-2025,23.617,31.383,44.6809,15.4255,26.5957,18.3295,219.0,26.5957,219,09DJN0910W,GREGORIO TORRES QUINTERO,-99.10751944,19.3193,COYOACÁN,Preescolar,68.617
09DPR5011B,ANTONIO SANCHEZ MOLINA,VESPERTINO,2024-2025 | 2025-2026,23.6111,20.1389,35.4167,27.0833,35.4167,19.1523,180.0,32.6389,180,09DPR5011B,ANTONIO SANCHEZ MOLINA,-99.23013333,19.29253611,TLALPAN,Primaria,79.8611
09DPR2787Q,MARIANO GALVAN RIVERA,MATUTINO,2024-2025,23.6084,26.4875,35.7006,29.9424,25.9117,17.899,534.0,27.6392,534,09DPR2787Q,MARIANO GALVAN RIVERA,-99.12925278,19.26788333,XOCHIMILCO,Primaria,73.5125
09DPR2683V,PROFR. RUBEN VIZCARRA Y CAMPOS,MATUTINO,2024-2025 | 2025-2026,23.6056,1.4085,43.662,28.4507,44.507,19.0786,361.0,36.338,361,09DPR2683V,PROFR. RUBEN VIZCARRA Y CAMPOS,-99.15920278,19.33361111,COYOACÁN,Primaria,98.5915
09DPR3014L,PROFR. RENE AVILES ROJAS,MATUTINO,2024-2025 | 2025-2026,23.6052,24.4635,45.0644,19.3133,29.1845,18.4678,326.0,28.3262,326,09DPR3014L,PROFR. RENE AVILES ROJAS,-99.05781111,19.294375,TLÁHUAC,Primaria,75.5365
09DPR5057X,PROFR. JOSÉ SANTOS VALDES,MATUTINO,2024-2025 | 2025-2026,23.6027,2.862,49.4949,37.7104,27.9461,18.9113,656.0,42.2559,656,09DPR5057X,PROFR. JOSÉ SANTOS VALDES,-99.04188889,19.31829444,IZTAPALAPA,Primaria,97.138
09DIX0002N,EJERCITO MEXICANO,MATUTINO,2024-2025,23.6,41.0,16.0,43.0,18.0,17.7339,115.0,20.0,115,09DIX0002N,EJERCITO MEXICANO,-99.17883889,19.48940278,AZCAPOTZALCO,Primaria,59.0
09DPR2802S,PROFR. ELISEO BANDALA FERNANDEZ,MATUTINO,2024-2025 | 2025-2026,23.5979,1.0582,40.2116,47.619,29.1005,19.1397,212.0,42.8571,212,09DPR3091Q,PROFR. ELISEO BANDALA FERNANDEZ,-99.23694167,19.29198889,TLALPAN,Primaria,98.9418
09DPR2053G,PLAN SEXENAL,MATUTINO,2024-2025,23.5835,60.7963,26.1868,16.2328,14.7014,17.6094,701.0,18.2236,701,09DPR2053G,PLAN SEXENAL,-99.07345,19.18691667,MILPA ALTA,Primaria,39.2037
09DPR1717O,FRANCISCO EDUARDO TRESGUERRAS,MATUTINO,2024-2025 | 2025-2026,23.5789,2.1053,42.1053,41.0526,32.6316,19.4174,95.0,38.9474,95,09DPR1717O,FRANCISCO EDUARDO TRESGUERRAS,-99.18441667,19.45743611,MIGUEL HIDALGO,Primaria,97.8947
09DPR5051C,PROFR. MANUEL S. HIDALGO CASTRO,VESPERTINO,2024-2025,23.5733,35.7333,33.6,23.7333,24.8,18.6643,483.0,25.6,483,09DPR5051C,PROFR. MANUEL S. HIDALGO CASTRO,-99.04088611,19.30443333,TLÁHUAC,Primaria,64.2667
09DPR3118G,JOSÉ MARIA MORELOS,VESPERTINO,2024-2025,23.5628,30.7692,52.6316,3.6437,30.7692,19.1363,270.0,23.0769,270,09DPR2067J,JOSÉ MARIA MORELOS,-99.02661389,19.19506944,MILPA ALTA,Primaria,69.2308
09DPR2302X,GRAL. JOSÉ MARIANO MONTERDE,MATUTINO,2024-2025 | 2025-2026,23.5621,0.1634,48.366,30.719,38.5621,18.3112,589.0,35.2941,589,09DPR2302X,GRAL. JOSÉ MARIANO MONTERDE,-99.14607778,19.26245,TLALPAN,Primaria,99.8366
09DPR2562J,PROFR. JORGE CASAHONDA CASTILLO,MATUTINO,2024-2025 | 2025-2026,23.5572,22.686,29.4011,42.2868,23.412,,,33.9383,449,09DBA0178Y,PROFR. JORGE CASAHONDA CASTILLO,-99.12915833,19.44875278,CUAUHTÉMOC,Adultos - Primaria,77.314
09DPR1725X,DR. MIGUEL SILVA,MATUTINO,2024-2025 | 2025-2026,23.5417,0.0,34.8958,48.9583,33.8542,18.5813,231.0,41.6667,231,09DPR1725X,DR. MIGUEL SILVA,-99.20656389,19.45525833,MIGUEL HIDALGO,Primaria,100.0
09DPR1142T,JOSÉ MARIA MATA,MATUTINO,2025-2026,23.5366,12.8049,27.439,34.7561,42.6829,18.9863,155.0,29.2683,155,09DPR1142T,JOSÉ MARIA MATA,-99.16223056,19.39966111,BENITO JUÁREZ,Primaria,87.1951
09DPR1584O,ANGELA PERALTA,MATUTINO,2024-2025 | 2025-2026,23.5248,21.7822,20.0,47.5248,28.3168,19.3742,283.0,34.8515,283,09DPR1584O,ANGELA PERALTA,-99.14853056,19.47877778,AZCAPOTZALCO,Primaria,78.2178
09DPR1449J,VICTORIO ROJAS OLIVAR,MATUTINO,2024-2025 | 2025-2026,23.504,29.6496,22.6415,43.3962,21.8329,19.3145,300.0,34.5013,300,09DPR1449J,VICTORIO ROJAS OLIVAR,-99.13395833,19.51943889,GUSTAVO A. MADERO,Primaria,70.35040000000001
09DPR3256I,PROFR. RENE AVILES ROJAS,VESPERTINO,2024-2025,23.4783,17.3913,60.2484,9.3168,30.4348,19.218,229.0,25.4658,229,09DPR3014L,PROFR. RENE AVILES ROJAS,-99.05781111,19.294375,TLÁHUAC,Primaria,82.6087
09DPR1134K,I.S.S.S.T.E.,MATUTINO,2025-2026,23.4615,0.3846,25.3846,58.8462,32.6923,18.3685,309.0,38.4615,309,09DPR1134K,I.S.S.S.T.E.,-99.14711111,19.45611111,CUAUHTÉMOC,Primaria,99.6154
09DPR1824X,JOSÉ OJEDA GARDUÑO,VESPERTINO,2024-2025 | 2025-2026,23.4615,5.7692,56.7308,16.3462,38.4615,18.5551,122.0,31.7308,122,09DPR1824X,JOSÉ OJEDA GARDUÑO,-99.21433889,19.38768056,ÁLVARO OBREGÓN,Primaria,94.2308
09DPR2967A,PROFRA. MARGARITA LÓPEZ FARFAN,MATUTINO,2024-2025 | 2025-2026,23.4437,38.0795,25.1656,32.2848,21.6887,,,28.1457,513,09DPR2967A,PROFRA. MARGARITA LÓPEZ FARFAN,-99.13908056,19.56498889,GUSTAVO A. MADERO,Primaria,61.9205
09DPR1046Q,PLAN DE AYUTLA,VESPERTINO,2024-2025 | 2025-2026,23.4286,1.4286,50.0,52.8571,12.8571,16.6731,79.0,41.4286,79,09DPR1044S,PLAN DE AYUTLA,-99.09669444,19.445675,VENUSTIANO CARRANZA,Primaria,98.5714
09DPR2018A,HÉROES DE CHAPULTEPEC,VESPERTINO,2024-2025 | 2025-2026,23.4146,0.813,47.1545,39.0244,30.0813,19.6253,168.0,42.2764,168,09DPR2017B,HÉROES DE CHAPULTEPEC,-99.17145833,19.27498611,TLALPAN,Primaria,99.187
09DPR0929K,QUETZALCOATL,MATUTINO,2024-2025 | 2025-2026,23.3962,0.0,29.2453,57.5472,30.1887,19.787,135.0,41.5094,135,09DPR5119T,QUETZALCOATL,-99.30938056,19.3535,CUAJIMALPA DE MORELOS,Primaria,100.0
09DPR1314V,LEONISMO INTERNACIONAL,MATUTINO,2025-2026,23.3952,0.2653,56.7639,19.6286,40.3183,18.3358,464.0,36.3395,464,09DPR1314V,LEONISMO INTERNACIONAL,-99.142825,19.39859444,BENITO JUÁREZ,Primaria,99.7347
09DPR1558Q,AUSTRIA,MATUTINO,2024-2025 | 2025-2026,23.3939,16.6667,30.303,35.1515,34.8485,,,34.5455,287,09DPR1558Q,AUSTRIA,-99.16218889,19.475675,AZCAPOTZALCO,Primaria,83.33330000000001
09DPR3109Z,MARTÍN LUIS GUZMAN,MATUTINO,2024-2025 | 2025-2026,23.3742,5.6748,50.0,20.2454,40.9509,19.0551,706.0,31.5951,706,09DPR3109Z,MARTÍN LUIS GUZMAN,-99.16310833,19.32626111,COYOACÁN,Primaria,94.3252
09DPR1522B,CLUB DE LEONES NUMERO 6,MATUTINO,2024-2025 | 2025-2026,23.3645,23.053,28.3489,38.0062,27.4143,19.2274,274.0,33.0218,274,09DPR1522B,CLUB DE LEONES NUMERO 6,-99.08781944,19.47690833,GUSTAVO A. MADERO,Primaria,76.947
09DPR1939Y,ANDRÉS QUINTANA ROO,MATUTINO,2025-2026,23.3636,6.3636,46.3636,20.4545,43.6364,19.0229,248.0,30.9091,248,09DJN0994U,ANDRES QUINTANA ROO,-99.22988056,19.36986944,ÁLVARO OBREGÓN,Preescolar,93.6364
09DPR0100N,TLAMATINI,MATUTINO,2024-2025 | 2025-2026,23.3526,0.1927,41.6185,39.3064,35.6455,18.3713,575.0,36.6089,575,09DJN1337P,TLAMATINI,-99.13876111,19.53462778,GUSTAVO A. MADERO,Preescolar,99.8073
09DPR2310F,AFGANISTAN,MATUTINO,2025-2026,23.3473,0.0,45.1883,41.4226,30.1255,18.1555,290.0,35.5649,290,09DPR2310F,AFGANISTAN,-99.09079444,19.38995833,IZTACALCO,Primaria,100.0
09DPR3122T,AURELIANO CASTILLO,VESPERTINO,2024-2025 | 2025-2026,23.3447,41.8089,36.8601,14.1638,23.8908,,,24.4027,634,09DPR2030W,AURELIANO CASTILLO,-99.03712222,19.25748056,XOCHIMILCO,Primaria,58.1911
09DPR1252Z,MÁRTIRES DE LA REFORMA,MATUTINO,2025-2026,23.3333,27.7778,41.6667,11.1111,36.1111,,,25.0,142,09DPR1242S,MÁRTIRES DE LA REFORMA,-99.10918889,19.33201389,IZTAPALAPA,Primaria,72.2222
09DPR1994R,ESPARTACO,MATUTINO,2024-2025 | 2025-2026,23.3333,0.0,60.0694,23.2639,33.3333,19.1062,360.0,36.4583,360,09DPR1994R,ESPARTACO,-99.13490556,19.31788056,COYOACÁN,Primaria,100.0
09DPR2677K,CORONEL SILVESTRE LÓPEZ,VESPERTINO,2024-2025 | 2025-2026,23.3333,23.6111,36.1111,39.5833,17.3611,,,36.8056,136,09DPR2733M,CORONEL SILVESTRE LÓPEZ,-99.06315556,19.45090556,GUSTAVO A. MADERO,Primaria,76.3889
09DPR1485O,EMILIANO ZAPATA,VESPERTINO,2024-2025 | 2025-2026,23.3333,35.5231,41.4842,13.2603,26.399,18.841,710.0,23.9659,710,09DPR1320F,EMILIANO ZAPATA,-99.10103333,19.32441667,IZTAPALAPA,Primaria,64.4769
09DPR2203X,PROFR. BENJAMIN GURROLA CARRERA,MATUTINO,2024-2025 | 2025-2026,23.3,32.0,29.0,34.5,21.0,,,33.0,185,09DPR2203X,PROFR. BENJAMIN GURROLA CARRERA,-99.10505,19.45984167,GUSTAVO A. MADERO,Primaria,68.0
09DPR3054M,SECRETARIA DE PROGRAMACIÓN Y PRESUPUESTO,MATUTINO,2025-2026,23.299,8.2474,42.268,36.0825,29.8969,17.9364,55.0,37.1134,55,09DPR3054M,SECRETARIA DE PROGRAMACIÓN Y PRESUPUESTO,-99.15796389,19.40233056,BENITO JUÁREZ,Primaria,91.7526
09DPR2215B,THAILANDIA,MATUTINO,2024-2025 | 2025-2026,23.271,0.0,48.1308,29.2056,39.0187,18.848,489.0,36.215,489,09DPR2783U,THAILANDIA,-99.23235278,19.37026667,ÁLVARO OBREGÓN,Primaria,100.0
09DPR2314B,FRAY BARTOLOMÉ DE LAS CASAS,MATUTINO,2024-2025 | 2025-2026,23.2653,8.1633,36.7347,51.0204,20.4082,15.7349,269.0,32.6531,269,09DPR2568D,FRAY BARTOLOMÉ DE LAS CASAS,-99.11003333,19.37703056,IZTAPALAPA,Primaria,91.83670000000001
09DPR1936A,JUAN ESCUTIA,MATUTINO,2024-2025 | 2025-2026,23.2618,0.2146,50.8584,18.4549,46.7811,19.0426,490.0,34.9785,490,09DJN0171R,JUAN ESCUTIA,-99.08091389,19.47825278,GUSTAVO A. MADERO,Preescolar,99.7854
09DPR2991A,JUAN AMOS COMENIO,MATUTINO,2024-2025 | 2025-2026,23.2432,27.8586,28.6902,40.1247,19.5426,,,32.8482,416,09DJN0043W,JUAN AMOS COMENIO,-99.09963333,19.501325,GUSTAVO A. MADERO,Preescolar,72.1414
09DPR5069B,LUIS DONALDO COLOSIO MURRIETA,MATUTINO,2024-2025 | 2025-2026,23.2381,0.9524,31.4286,30.9524,52.8571,19.3462,292.0,34.2857,292,09DES4302D,LUIS DONALDO COLOSIO MURRIETA,-99.23640556,19.30723056,LA MAGDALENA CONTRERAS,Secundaria,99.0476
09DPR3140I,MEXITLI,MATUTINO,2024-2025 | 2025-2026,23.2381,47.1429,8.5714,37.8571,22.619,,,24.0476,345,09DPR3140I,MEXITLI,-99.20863056,19.47946111,AZCAPOTZALCO,Primaria,52.8571
09DPR3001H,TEUHTLI,VESPERTINO,2024-2025 | 2025-2026,23.2184,59.7701,26.4368,16.092,13.7931,18.0676,211.0,19.5402,211,09DJN1164O,TEUHTLI,-99.03056111,19.24948333,XOCHIMILCO,Preescolar,40.2299
09DPR2762H,CORONEL NICOLAS ROMERO,VESPERTINO,2024-2025,23.2,37.3333,44.0,21.3333,13.3333,17.3766,97.0,24.0,97,09DPR2762H,CORONEL NICOLAS ROMERO,-99.25272778,19.30666389,LA MAGDALENA CONTRERAS,Primaria,62.6667
09DPR2237N,CUAUHTÉMOC,MATUTINO,2024-2025 | 2025-2026,23.1953,27.0217,42.4063,15.1874,31.3609,,,27.4162,580,09DES0319C,CUAUHTÉMOC,-99.06195278,19.32543056,IZTAPALAPA,Secundaria,72.9783
09DPR4019N,EFRAIN HUERTA,VESPERTINO,2024-2025 | 2025-2026,23.1738,0.2519,53.9043,24.1814,37.5315,18.6627,474.0,33.7531,474,09DPR4019N,EFRAIN HUERTA,-99.25931111,19.32503333,ÁLVARO OBREGÓN,Primaria,99.7481
09DPR2986P,RAMON LÓPEZ VELARDE,MATUTINO,2024-2025,23.1628,65.1163,13.4884,22.7907,14.4186,19.1267,222.0,16.2791,222,09DPR2735K,RAMÓN LÓPEZ VELARDE,-99.08513611,19.49048889,GUSTAVO A. MADERO,Primaria,34.883700000000005
09DPR5135K,CENOBIA GARCÍA NAVA,VESPERTINO,2024-2025 | 2025-2026,23.1541,0.7168,57.7061,25.0896,32.2581,18.3008,384.0,37.276,384,09DPR5135K,CENOBIA GARCÍA NAVA,-99.28146667,19.32846111,ÁLVARO OBREGÓN,Primaria,99.2832
09DPR1785L,VASCO DE QUIROGA,MATUTINO,2024-2025 | 2025-2026,23.1507,0.4566,50.2283,22.6027,42.4658,18.8204,500.0,34.7032,500,09DPR1785L,VASCO DE QUIROGA,-99.23967778,19.38282222,ÁLVARO OBREGÓN,Primaria,99.5434
09DPR2013F,JUÁREZ Y CONSTITUCION,VESPERTINO,2024-2025,23.142,41.3897,34.139,14.5015,25.6798,17.8789,372.0,21.7523,372,09DPR2063N,JUÁREZ Y CONSTITUCIÓN,-99.01058889,19.25529167,XOCHIMILCO,Primaria,58.6103
09DPR2976I,DR. CONRADO MENENDEZ MENA,MATUTINO,2024-2025 | 2025-2026,23.1325,18.6747,39.1566,24.0964,33.7349,18.3778,170.0,30.1205,170,09DPR2976I,DR. CONRADO MENENDEZ MENA,-99.25503333,19.38253611,CUAJIMALPA DE MORELOS,Primaria,81.3253
09DPR1363D,MTRO. MANUEL C. TELLO,VESPERTINO,2024-2025 | 2025-2026,23.1304,20.0,26.9565,46.087,22.6087,,,32.1739,100,09DPR1363D,MTRO. MANUEL C. TELLO,-99.07655,19.46758056,GUSTAVO A. MADERO,Primaria,80.0
09DPR1882N,CARMEN SERDAN,MATUTINO,2024-2025 | 2025-2026,23.1261,0.3552,60.0355,19.7158,35.524,18.207,567.0,33.5702,567,09DES0169M,CARMEN SERDÁN,-99.246225,19.36003056,ÁLVARO OBREGÓN,Secundaria,99.6448
09DPR0126V,ESTEFANIA CASTAÑEDA,MATUTINO,2024-2025 | 2025-2026,23.125,10.0,48.125,26.25,31.25,19.704,196.0,30.0,196,09DJN0183W,ESTEFANIA CASTAÑEDA,-99.18749167,19.37054167,BENITO JUÁREZ,Preescolar,90.0
09DPR3246B,PROFRA. SUSANA ORTIZ SILVA,MATUTINO,2024-2025 | 2025-2026,23.125,0.9375,40.9375,33.75,40.0,19.2004,334.0,36.875,334,09DPR3246B,PROFRA. SUSANA ORTIZ SILVA,-99.11555,19.32519722,COYOACÁN,Primaria,99.0625
09DPR1915O,DOCTOR PORFIRIO PARRA,VESPERTINO,2024-2025 | 2025-2026,23.1111,4.4444,46.6667,17.7778,46.6667,,,40.0,44,09DPR1915O,DOCTOR PORFIRIO PARRA,-99.19453333,19.34506111,ÁLVARO OBREGÓN,Primaria,95.5556
09DPR3030C,GRAL. FRANCISCO VILLA,MATUTINO,2024-2025 | 2025-2026,23.102,15.5102,39.5918,30.2041,30.2041,,,33.0612,233,09DJN0300V,GENERAL FRANCISCO VILLA,-99.06008889,19.33931667,IZTAPALAPA,Preescolar,84.4898
09DPR2625E,PROFRA. AMANDA PALAFOX Y BAZ,VESPERTINO,2024-2025 | 2025-2026,23.0928,3.0928,51.5464,17.5258,43.299,18.7696,237.0,30.9278,237,09DPR2622H,PROFRA. AMANDA PALAFOX Y BAZ,-99.17656944,19.26931944,TLALPAN,Primaria,96.9072
09DPR1941M,21 DE AGOSTO DE 1944,MATUTINO,2024-2025 | 2025-2026,23.0573,1.9108,37.5796,35.6688,40.1274,18.5854,154.0,35.6688,154,09DPR1941M,21 DE AGOSTO DE 1944,-99.18821944,19.33991111,COYOACÁN,Primaria,98.0892
09DPR1788I,CARLOS A. PEREYRA,VESPERTINO,2024-2025 | 2025-2026,23.0556,0.0,58.3333,25.0,31.9444,18.7475,152.0,35.4167,152,09DPR1784M,CARLOS A. PEREYRA,-99.22949167,19.37888056,ÁLVARO OBREGÓN,Primaria,100.0
09DPR1632H,EMPERADOR CUITLAHUAC,MATUTINO,2024-2025 | 2025-2026,23.0542,32.0197,20.197,46.3054,16.7488,,,28.5714,138,09DPR1632H,EMPERADOR CUITLAHUAC,-99.17049444,19.47275833,AZCAPOTZALCO,Primaria,67.9803
09DPR1340T,GRAL. JUAN N. MENDEZ,MATUTINO,2024-2025,23.0508,1.6949,46.6102,42.3729,24.5763,10.3112,118.0,43.2203,118,09DPR1340T,GRAL. JUAN N. MENDEZ,-99.18903889,19.471025,AZCAPOTZALCO,Primaria,98.3051
09DPR2152G,AURELIO MALDONADO CEDILLO,MATUTINO,2024-2025 | 2025-2026,23.0468,32.5792,25.0377,36.3499,21.267,19.0451,494.0,32.2775,494,09DPR0848Z,AURELIO MALDONADO CEDILLO,-99.15254444,19.54931111,GUSTAVO A. MADERO,Primaria,67.4208
09DPR1833E,INSURGENTES BRAVO,MATUTINO,2025-2026,23.0435,9.058,43.8406,27.8986,34.4203,19.0126,303.0,31.1594,303,09DPR1833E,INSURGENTES BRAVO,-99.18395556,19.39447778,BENITO JUÁREZ,Primaria,90.94200000000001
09DPR2561K,LIC. PROTASIO TAGLE,MATUTINO,2024-2025 | 2025-2026,23.0263,6.25,33.2237,44.7368,30.9211,18.1095,337.0,34.2105,337,09DPR2561K,LIC. PROTASIO TAGLE,-99.16395833,19.35124167,COYOACÁN,Primaria,93.75
09DPR1644M,EL NIÑO AGRARISTA,MATUTINO,2024-2025 | 2025-2026,23.0162,43.8515,23.6659,27.8422,19.7216,,,23.6659,339,09DPR1644M,EL NIÑO AGRARISTA,-99.20476111,19.47930556,AZCAPOTZALCO,Primaria,56.1485
09DPR2257A,REINO DE JORDANIA,MATUTINO,2024-2025 | 2025-2026,23.0151,0.0,36.1809,44.7236,34.1709,19.4455,267.0,35.6784,267,09DPR2257A,REINO DE JORDANIA,-99.18023333,19.34221667,COYOACÁN,Primaria,100.0
09DPR0011U,PROFR. CARITINO MALDONADO PÉREZ,VESPERTINO,2024-2025,22.987,26.6234,50.6494,7.1429,30.5195,19.5044,193.0,21.4286,193,09DPR0011U,PROFR. CARITINO MALDONADO PÉREZ,-99.106175,19.24628611,XOCHIMILCO,Primaria,73.3766
09DPR2652B,ANASTASIO GAONA DURAN,MATUTINO,2024-2025 | 2025-2026,22.9857,49.8978,27.6074,14.3149,23.1084,,,19.6319,454,09DPR2652B,ANASTASIO GAONA DURAN,-99.09093333,19.48466111,GUSTAVO A. MADERO,Primaria,50.1022
09DPR1996P,IGNACIO RAMÍREZ,VESPERTINO,2024-2025,22.9787,38.8298,17.5532,35.1064,23.4043,17.7183,187.0,22.3404,187,09DJN0782R,IGNACIO RAMÍREZ,-99.04370833,19.39286944,IZTAPALAPA,Preescolar,61.1702
09DPR1419P,PROFR. JUAN B. SALAZAR,VESPERTINO,2024-2025 | 2025-2026,22.9752,9.9174,57.0248,5.7851,42.1488,,,33.8843,118,09DPR1422C,PROFR. JUAN B. SALAZAR,-99.15458333,19.51784167,GUSTAVO A. MADERO,Primaria,90.0826
09DPR1809E,SATURNINO HERRAN,MATUTINO,2024-2025 | 2025-2026,22.9557,0.0,51.2315,15.7635,47.7833,19.3271,299.0,35.9606,299,09DJN0512Y,SATURNINO HERRAN,-99.293475,19.36190833,CUAJIMALPA DE MORELOS,Preescolar,100.0
09DPR1232L,GEORGES CUISENAIRE,MATUTINO,2024-2025 | 2025-2026,22.9482,17.1315,35.4582,32.6693,29.4821,,,30.6773,233,09DPR0875X,GEORGES CUISENAIRE,-99.18223056,19.497225,AZCAPOTZALCO,Primaria,82.8685
09DPR1159T,ANGEL ALBINO CORZO,MATUTINO,2024-2025 | 2025-2026,22.9429,2.1021,33.9339,40.5405,38.1381,19.077,423.0,33.6336,423,09DPR1159T,ANGEL ALBINO CORZO,-99.14323611,19.39873889,BENITO JUÁREZ,Primaria,97.89789999999999
09DPR2485V,ABRAHAM CASTELLANOS,MATUTINO,2024-2025 | 2025-2026,22.9384,1.4218,39.8104,40.2844,33.1754,19.1229,213.0,41.2322,213,09DPR2485V,ABRAHAM CASTELLANOS,-99.129125,19.44046111,CUAUHTÉMOC,Primaria,98.5782
09DPR4184M,JOSÉ JESUS AGUILERA PALOMINO,MATUTINO,2024-2025 | 2025-2026,22.9358,5.5046,30.2752,47.7064,31.1927,17.9165,232.0,35.7798,232,09DPR4184M,JOSÉ JESUS AGUILERA PALOMINO,-99.17239722,19.33126667,COYOACÁN,Primaria,94.4954
09DPR1318R,PROFR. FERNANDO BEST,MATUTINO,2024-2025 | 2025-2026,22.9153,18.9831,25.0847,42.0339,28.4746,,,30.1695,240,09DPR1318R,PROFR. FERNANDO BEST,-99.115325,19.47851389,GUSTAVO A. MADERO,Primaria,81.01689999999999
09DPR1130O,MAESTRO ERNESTO ALCONEDO,MATUTINO,2024-2025 | 2025-2026,22.9032,20.1613,29.0323,33.0645,32.2581,18.0041,124.0,25.8065,124,09DPR1130O,MAESTRO ERNESTO ALCONEDO,-99.171525,19.377175,BENITO JUÁREZ,Primaria,79.8387
09DPR1051B,PONCIANO QUIROZ HERRERA,VESPERTINO,2024-2025 | 2025-2026,22.8947,19.7368,32.8947,40.7895,21.0526,19.1195,110.0,32.8947,110,09DPR1052A,PONCIANO QUIROZ HERRERA,-99.0733,19.39359444,IZTACALCO,Primaria,80.2632
09DPR1515S,CLUB DE LEONES DE LA VILLA NUM. 2,MATUTINO,2024-2025 | 2025-2026,22.8704,28.7037,30.5556,35.6481,19.4444,,,31.4815,160,09DPR1515S,CLUB DE LEONES DE LA VILLA NUM. 2,-99.10883611,19.47211111,GUSTAVO A. MADERO,Primaria,71.2963
09DPR3079V,PROFR. VICTORIANO GONZÁLEZ GARZON,VESPERTINO,2024-2025 | 2025-2026,22.8571,0.0,48.8095,34.5238,30.9524,18.1139,114.0,36.9048,114,09DPR3079V,PROFR. VICTORIANO GONZÁLEZ GARZON,-99.05874444,19.43138056,VENUSTIANO CARRANZA,Primaria,100.0
09DPR2660K,VALERIO TRUJANO,VESPERTINO,2024-2025 | 2025-2026,22.8499,13.2316,51.145,20.1018,29.771,18.9102,353.0,33.8422,353,09DPR1786K,VALERIO TRUJANO,-99.31610556,19.35353333,CUAJIMALPA DE MORELOS,Primaria,86.7684
09DPR2301Y,FUERZAS ARMADAS DE MÉXICO,MATUTINO,2024-2025 | 2025-2026,22.8326,0.0,41.2017,21.4592,51.5021,19.4333,360.0,34.3348,360,09DPR2301Y,FUERZAS ARMADAS DE MÉXICO,-99.16236667,19.27827222,TLALPAN,Primaria,100.0
09DPR1691X,OROZCO Y BERRA,MATUTINO,2024-2025 | 2025-2026,22.8261,1.087,35.8696,47.8261,29.3478,22.4981,129.0,44.5652,129,09DPR1691X,OROZCO Y BERRA,-99.17954167,19.45746389,MIGUEL HIDALGO,Primaria,98.913
09DPR1782O,XOCHIQUETZAL,VESPERTINO,2024-2025 | 2025-2026,22.8159,7.5812,51.9856,20.9386,33.574,16.5469,269.0,32.852,269,09DPR1781P,XOCHIQUETZAL,-99.29086111,19.36985,CUAJIMALPA DE MORELOS,Primaria,92.4188
09DPR2239L,FRANCISCO GABILONDO SOLER,MATUTINO,2025-2026,22.8148,0.0,33.3333,39.2593,41.4815,18.9837,133.0,33.3333,133,09DPR2943R,FRANCISCO GABILONDO SOLER,-99.10873611,19.38710833,IZTACALCO,Primaria,100.0
09DPR2295D,TEOFILO ÁLVAREZ BORBOA,MATUTINO,2024-2025 | 2025-2026,22.7907,0.3876,47.2868,15.8915,50.3876,,,30.2326,347,09DPR2295D,TEOFILO ÁLVAREZ BORBOA,-99.13273333,19.28785556,TLALPAN,Primaria,99.6124
09DPR5039H,QUETZALCOATL,MATUTINO,2024-2025 | 2025-2026,22.7826,13.913,35.2174,37.8261,26.9565,17.1825,209.0,34.3478,209,09DPR5119T,QUETZALCOATL,-99.30938056,19.3535,CUAJIMALPA DE MORELOS,Primaria,86.087
09DPR1233K,PEDRO HENRIQUEZ UREÑA,VESPERTINO,2025-2026,22.7778,0.0,51.3889,25.0,37.5,21.5727,91.0,36.1111,91,09DPR1233K,PEDRO HENRIQUEZ UREÑA,-99.12918889,19.39999444,IZTACALCO,Primaria,100.0
09DPR2312D,REPÚBLICA DE ARGELIA,MATUTINO,2024-2025 | 2025-2026,22.7673,1.2579,40.2516,32.0755,40.2516,19.1387,234.0,33.9623,234,09DPR2312D,REPÚBLICA DE ARGELIA,-99.11891667,19.38267222,IZTACALCO,Primaria,98.7421
09DPR1756Q,MTRO. CAYETANO RODRIGUEZ BELTRAN,MATUTINO,2025-2026,22.7586,0.0,48.2759,31.0345,34.4828,18.4593,234.0,35.1724,234,09DPR1755R,MTRO. CAYETANO RODRIGUEZ BELTRAN,-99.20841389,19.38846944,ÁLVARO OBREGÓN,Primaria,100.0
09DPR2908L,CERRO DE LA ESTRELLA,MATUTINO,2024-2025 | 2025-2026,22.7556,0.0,58.6667,12.8889,42.2222,18.8026,295.0,35.1111,295,09DPR2908L,CERRO DE LA ESTRELLA,-99.10246111,19.34549444,IZTAPALAPA,Primaria,100.0
09DPR2675M,PROFR. VICTOR MANUEL MANZANO DELGADO,VESPERTINO,2024-2025 | 2025-2026,22.7298,0.2786,56.2674,14.4847,42.6184,19.1285,456.0,34.8189,456,09DPR2675M,PROFR. VICTOR MANUEL MANZANO DELGADO,-99.23513611,19.27704444,TLALPAN,Primaria,99.7214
09DPR3176X,FLORENCIO M. DEL CASTILLO,MATUTINO,2024-2025 | 2025-2026,22.7149,0.4525,32.5792,47.9638,32.5792,18.9851,294.0,36.1991,294,09DPR2415Z,FLORENCIO M. DEL CASTILLO,-99.1592,19.43830556,CUAUHTÉMOC,Primaria,99.5475
09DPR0841G,GENERAL IGNACIO ZARAGOZA,MATUTINO,2024-2025 | 2025-2026,22.7128,0.0,54.5213,23.6702,35.3723,18.1676,382.0,30.0532,382,09DES0112L,GENERAL IGNACIO ZARAGOZA,-99.122775,19.42110278,VENUSTIANO CARRANZA,Secundaria,100.0
09DPR2284Y,REPÚBLICA DE IRAK,MATUTINO,2024-2025 | 2025-2026,22.6897,1.0345,34.1379,35.8621,42.4138,18.7818,341.0,35.1724,341,09DPR2284Y,REPÚBLICA DE IRAK,-99.11970278,19.36365,IZTAPALAPA,Primaria,98.9655
09DPR1652V,MÁRTIRES DE LA LIBERTAD,MATUTINO,2024-2025 | 2025-2026,22.6712,31.1644,22.9452,35.6164,23.6301,,,30.137,256,09DPR1652V,MÁRTIRES DE LA LIBERTAD,-99.18696389,19.47933611,AZCAPOTZALCO,Primaria,68.8356
09DPR5083V,TIERRA Y LIBERTAD,MATUTINO,2024-2025 | 2025-2026,22.6531,1.5306,38.7755,34.6939,38.2653,18.3403,259.0,34.1837,259,09DPR5083V,TIERRA Y LIBERTAD,-98.99007778,19.35247778,IZTAPALAPA,Primaria,98.4694
09DPR2066K,MELCHOR OCAMPO,VESPERTINO,2024-2025 | 2025-2026,22.6415,21.3836,36.478,33.3333,22.0126,,,28.3019,141,09DPR5081X,MELCHOR OCAMPO,-98.99296667,19.34795278,IZTAPALAPA,Primaria,78.6164
09DPR0005J,PROFR. ANTONIO CEDEÑO,VESPERTINO,2024-2025 | 2025-2026,22.6337,0.4115,31.2757,51.4403,30.0412,19.0506,327.0,41.9753,327,09DPR0005J,PROFR. ANTONIO CEDEÑO,-99.05108889,19.32975833,IZTAPALAPA,Primaria,99.5885
09DPR3027P,PROFR. EFREN NUÑEZ MATA,MATUTINO,2024-2025 | 2025-2026,22.6328,0.2309,46.4203,29.7921,36.7206,19.4775,477.0,39.03,477,09DPR3027P,PROFR. EFREN NUÑEZ MATA,-99.18348611,19.28619167,TLALPAN,Primaria,99.7691
09DPR1570L,ESTADO DE JALISCO,VESPERTINO,2024-2025 | 2025-2026,22.6263,25.2525,31.3131,33.3333,23.2323,19.4909,66.0,34.3434,66,09DPR1570L,ESTADO DE JALISCO,-99.15060278,19.47558056,AZCAPOTZALCO,Primaria,74.7475
09DPR3186D,PROFR. ANTONIO S. LÓPEZ,MATUTINO,2025-2026,22.6217,0.0,59.176,12.7341,41.1985,18.5558,273.0,32.9588,273,09DPR4168V,PROFR. ANTONIO S. LÓPEZ,-99.23501389,19.35776111,ÁLVARO OBREGÓN,Primaria,100.0
09DPR2230U,MAESTROS DE MÉXICO,VESPERTINO,2024-2025 | 2025-2026,22.611,18.2768,33.6815,37.3368,23.7598,19.3312,334.0,30.0261,334,09DPR2230U,MAESTROS DE MÉXICO,-99.28223333,19.34231667,CUAJIMALPA DE MORELOS,Primaria,81.72319999999999
09DPR2834K,PROFR. ALFREDO BASURTO GARCÍA,MATUTINO,2025-2026,22.6087,2.7174,47.8261,27.7174,34.7826,18.865,194.0,37.5,194,09DPR2678J,PROFR. ALFREDO BASURTO GARCÍA,-99.15815278,19.31206944,COYOACÁN,Primaria,97.2826
09DPR4512P,SALVADOR NAVA MARTÍNEZ,VESPERTINO,2025-2026,22.6056,0.0,60.9155,17.6056,34.507,19.5467,350.0,34.507,350,09DPR4513O,SALVADOR NAVA MARTÍNEZ,-99.24060833,19.37067778,ÁLVARO OBREGÓN,Primaria,100.0
09DPR2005X,PRIMERO DE MAYO,MATUTINO,2024-2025 | 2025-2026,22.5926,0.463,54.1667,23.3796,34.9537,17.6623,584.0,32.8704,584,09PES0367R,PRIMERO DE MAYO,-99.177645,19.446675,MIGUEL HIDALGO,Secundaria,99.537
09DPR2297B,PROFRA. CONCEPCIÓN PATIÑO VALDEZ,MATUTINO,2024-2025 | 2025-2026,22.5862,10.7759,43.1034,15.9483,43.1034,,,26.2931,263,09DPR2297B,PROFRA. CONCEPCIÓN PATIÑO VALDEZ,-99.22321944,19.29537778,TLALPAN,Primaria,89.22409999999999
09DPR2000B,ARABIA SAUDITA,MATUTINO,2024-2025 | 2025-2026,22.5806,13.783,28.4457,36.3636,34.3109,,,28.739,355,09DPR2000B,ARABIA SAUDITA,-99.12926111,19.29201944,TLALPAN,Primaria,86.217
09DPR1807G,MANUEL MARIA CONTRERAS,MATUTINO,2024-2025 | 2025-2026,22.5751,0.4292,27.897,55.3648,29.1845,,,35.6223,283,09PPR0223B,MANUEL MARIA CONTRERAS,-99.1654,19.436638,CUAUHTÉMOC,Primaria,99.5708
09DPR2930N,DR. ANGEL MA. GARIBAY,VESPERTINO,2024-2025 | 2025-2026,22.5641,1.2821,65.3846,12.8205,33.3333,19.9563,94.0,34.6154,94,09DPR2467F,DR. ANGEL MA. GARIBAY,-99.16909167,19.31558333,COYOACÁN,Primaria,98.7179
09DPR3174Z,PROFR. SIMITRIO RAMIREZ HERNANDEZ,VESPERTINO,2024-2025 | 2025-2026,22.5532,20.9726,48.6322,10.3343,32.8267,,,25.228,441,09DPR3174Z,PROFR. SIMITRIO RAMIREZ HERNANDEZ,-99.26044167,19.31181111,LA MAGDALENA CONTRERAS,Primaria,79.0274
09DPR3243E,PROFR. ARNULFO PÉREZ HERNANDEZ,MATUTINO,2024-2025 | 2025-2026,22.5532,0.7092,41.844,31.9149,38.2979,18.542,303.0,37.5887,303,09DPR3243E,PROFR. ARNULFO PÉREZ HERNANDEZ,-99.11196667,19.38322222,IZTACALCO,Primaria,99.2908
09DPR0975W,ESTADO DE ISRAEL,MATUTINO,2025-2026,22.549,0.0,25.4902,56.8627,30.3922,18.642,143.0,38.2353,143,09DPR0975W,ESTADO DE ISRAEL,-99.10093611,19.42006389,VENUSTIANO CARRANZA,Primaria,100.0
09DPR1815P,MARIA CARRARO VDA. DE AMBROSSI,VESPERTINO,2024-2025 | 2025-2026,22.5455,1.8182,54.5455,20.0,36.3636,,,40.0,95,09DPR1815P,MARIA CARRARO VDA. DE AMBROSSI,-99.22858056,19.38390556,ÁLVARO OBREGÓN,Primaria,98.1818
09DPR2275Q,VALENTÍN ZAMORA OROZCO,MATUTINO,2025-2026,22.543,0.0,44.6735,30.9278,37.1134,19.2584,350.0,34.0206,350,09DPR2905O,VALENTÍN ZAMORA OROZCO,-99.16589444,19.41872222,CUAUHTÉMOC,Primaria,100.0
09DPR5145R,JUAN JOSÉ ARREOLA,VESPERTINO,2024-2025,22.5357,22.3214,20.5357,37.1429,32.6786,18.5986,659.0,26.6071,659,09DPR5144S,JUAN JOSÉ ARREOLA,-99.04761389,19.3112,TLÁHUAC,Primaria,77.6786
09DPR3223R,MANUEL RUIZ RODRIGUEZ,MATUTINO,2024-2025 | 2025-2026,22.5,21.2838,30.7432,33.1081,27.3649,,,30.0676,239,09DPR3223R,MANUEL RUIZ RODRIGUEZ,-99.08400833,19.48871111,GUSTAVO A. MADERO,Primaria,78.7162
09DPR5115X,MURALISTA ALFREDO ZALCE,VESPERTINO,2024-2025 | 2025-2026,22.5,0.0,67.3077,8.6538,36.5385,18.4299,225.0,34.6154,225,09DPR5104R,MURALISTA ALFREDO ZALCE,-99.08032778,19.32849444,IZTAPALAPA,Primaria,100.0
09DPR3033Z,PROFRA. ISABEL ROBLES ESPEJEL,MATUTINO,2024-2025 | 2025-2026,22.4924,13.3739,41.6413,24.0122,33.4347,,,30.0912,318,09DPR3033Z,PROFRA. ISABEL ROBLES ESPEJEL,-99.09611389,19.51135556,GUSTAVO A. MADERO,Primaria,86.6261
09DPR1563B,PROFR. ONOFRE MELENDEZ B.,VESPERTINO,2025-2026,22.4865,0.0,50.2703,23.2432,38.9189,18.1391,188.0,34.0541,188,09DPR1563B,PROFR. ONOFRE MELENDEZ B.,-99.26976667,19.32872222,ÁLVARO OBREGÓN,Primaria,100.0
09DPR0058O,NUEVA CREACION,VESPERTINO,2025-2026,22.4852,0.0,56.8047,27.8107,27.8107,17.4255,175.0,32.5444,175,09DPR0025X,NUEVA CREACION,-99.18145516,19.21404722,TLALPAN,Primaria,100.0
09DPR2122M,HEROES DE LA NAVAL,MATUTINO,2024-2025 | 2025-2026,22.4793,0.0,55.3719,31.405,25.6198,18.5316,148.0,32.2314,148,09DPR2121N,HEROES DE LA NAVAL,-99.20298056,19.37502222,ÁLVARO OBREGÓN,Primaria,100.0
09DPR1844K,AMADO NERVO,MATUTINO,2024-2025 | 2025-2026,22.4786,0.4274,62.8205,8.1197,41.0256,,,31.1966,304,09DES0174Y,AMADO NERVO,-99.21457222,19.48199722,AZCAPOTZALCO,Secundaria,99.5726
09DPR2644T,FRANCISCO MARQUEZ,VESPERTINO,2024-2025 | 2025-2026,22.4444,0.0,60.0,18.8889,33.3333,17.7289,199.0,31.1111,199,09DPR2641W,FRANCISCO MARQUEZ,-99.01433056,19.36083333,IZTAPALAPA,Primaria,100.0
09DPR1783N,VENUSTIANO CARRANZA,MATUTINO,2025-2026,22.4096,5.2209,41.3655,30.9237,34.5382,18.5113,248.0,32.9317,248,09DPR1783N,VENUSTIANO CARRANZA,-99.23198056,19.38433611,ÁLVARO OBREGÓN,Primaria,94.7791
09DPR0046J,GUSTAVO BAZ PRADA,MATUTINO,2024-2025 | 2025-2026,22.4,1.3333,54.4762,20.0,36.1905,,,33.7143,593,09DPR0046J,GUSTAVO BAZ PRADA,-99.23010556,19.27267222,TLALPAN,Primaria,98.6667
09DPR2180C,JAPÓN,MATUTINO,2024-2025 | 2025-2026,22.3983,13.2762,38.9722,27.409,32.334,,,29.7645,422,09DJN0207P,JAPON,-99.10925278,19.48650556,GUSTAVO A. MADERO,Preescolar,86.7238
09DPR1945I,IDEARIO DE JUÁREZ,MATUTINO,2024-2025 | 2025-2026,22.3977,0.2924,38.3041,33.9181,39.4737,18.3292,322.0,30.4094,322,09DPR1945I,IDEARIO DE JUÁREZ,-99.15714167,19.31788056,COYOACÁN,Primaria,99.7076
09DPR2756X,ALFREDO V. BONFIL,VESPERTINO,2025-2026,22.3913,28.8043,45.1087,10.3261,27.7174,18.9734,272.0,22.8261,272,09DPR2756X,ALFREDO V. BONFIL,-99.20292778,19.28211389,TLALPAN,Primaria,71.1957
09DPR2840V,FABIAN GARCÍA RAMÍREZ,MATUTINO,2024-2025 | 2025-2026,22.3902,0.7317,38.0488,47.0732,26.0976,18.6298,465.0,38.7805,465,09DPR2936H,FABIAN GARCÍA RAMÍREZ,-98.98687778,19.34020833,IZTAPALAPA,Primaria,99.2683
09DPR1189N,15 DE MAYO,MATUTINO,2025-2026,22.3693,14.9826,44.2509,22.6481,29.9652,18.5343,334.0,29.6167,334,09DPR1189N,15 DE MAYO,-99.12877778,19.35562778,COYOACÁN,Primaria,85.0174
09DPR1736C,GENERAL ANDRES FIGUEROA,VESPERTINO,2024-2025 | 2025-2026,22.3684,2.6316,39.4737,44.7368,25.0,19.5366,66.0,40.7895,66,09DPR1735D,GENERAL ANDRES FIGUEROA,-99.19226389,19.45408889,MIGUEL HIDALGO,Primaria,97.3684
09DPR1166C,SUIZA,MATUTINO,2024-2025 | 2025-2026,22.3611,0.0,44.4444,14.5833,52.7778,20.0816,185.0,36.8056,185,09DJN0663D,SUIZA,-99.14269444,19.31206944,COYOACÁN,Preescolar,100.0
09DPR1957N,LUIS HIDALGO MONROY,MATUTINO,2024-2025 | 2025-2026,22.3567,3.5032,35.3503,30.2548,42.6752,18.67,359.0,31.2102,359,09DPR1957N,LUIS HIDALGO MONROY,-99.16096944,19.35278056,COYOACÁN,Primaria,96.4968
09DPR2217Z,PROFR. JORGE CASAHONDA CASTILLO,MATUTINO,2024-2025 | 2025-2026,22.3567,0.6369,48.4076,17.1975,45.5414,19.0194,326.0,31.2102,326,09DBA0178Y,PROFR. JORGE CASAHONDA CASTILLO,-99.12915833,19.44875278,CUAUHTÉMOC,Adultos - Primaria,99.3631
09DPR0933X,PLAN DE ONCE AÑOS,MATUTINO,2024-2025 | 2025-2026,22.3404,1.0638,36.1702,39.3617,35.1064,19.1565,117.0,37.234,117,09DPR0934W,PLAN DE ONCE AÑOS,-99.12153333,19.38986667,IZTACALCO,Primaria,98.9362
09DPR0967N,HISPANO AMERICA,MATUTINO,2024-2025 | 2025-2026,22.3358,4.0146,32.1168,42.3358,33.2117,18.1038,309.0,32.1168,309,09DPR0967N,HISPANO AMERICA,-99.17983889,19.38893889,BENITO JUÁREZ,Primaria,95.9854
09DPR2611B,TECAYEHUATZIN,MATUTINO,2025-2026,22.3077,3.4188,55.1282,23.9316,29.0598,17.9156,307.0,34.6154,307,09DPR2611B,TECAYEHUATZIN,-99.11850833,19.33089722,COYOACÁN,Primaria,96.5812
09DPR1836B,DR. FRANCISCO VAZQUEZ GOMEZ,MATUTINO,2024-2025 | 2025-2026,22.3077,3.2051,49.0385,22.7564,36.5385,19.1061,359.0,32.3718,359,09DPR1836B,DR. FRANCISCO VAZQUEZ GOMEZ,-99.11655833,19.3398,COYOACÁN,Primaria,96.7949
09DPR2426F,PROFR. LUIS GUEVARA RAMÍREZ,MATUTINO,2024-2025 | 2025-2026,22.303,0.6061,41.2121,24.2424,45.4545,20.4629,378.0,38.1818,378,09DPR2426F,PROFR. LUIS GUEVARA RAMÍREZ,-99.07421111,19.33083889,IZTAPALAPA,Primaria,99.3939
09DPR1995Q,PROFR. XAVIER MEJÍA,MATUTINO,2024-2025 | 2025-2026,22.2936,0.0,43.3486,23.1651,44.9541,19.459,447.0,34.633,447,09DPR1995Q,PROFR. XAVIER MEJÍA,-99.14424722,19.30443611,COYOACÁN,Primaria,100.0
09DPR0958F,ALFONSO REYES,MATUTINO,2024-2025 | 2025-2026,22.2764,2.439,42.2764,34.1463,32.5203,,,38.2114,155,09DES0166P,ALFONSO REYES,-99.25770278,19.31254444,LA MAGDALENA CONTRERAS,Secundaria,97.561
09DPR1881O,CARMEN SERDAN,VESPERTINO,2024-2025 | 2025-2026,22.2695,0.0,59.9291,20.5674,30.8511,18.1916,350.0,30.4965,350,09DES0169M,CARMEN SERDÁN,-99.246225,19.36003056,ÁLVARO OBREGÓN,Secundaria,100.0
09DPR1796R,RAMON MANTEROLA,VESPERTINO,2024-2025 | 2025-2026,22.2472,19.5506,31.6854,37.7528,22.2472,17.7704,403.0,31.236,403,09DBS0009B,RAMON MANTEROLA,-99.29819444,19.35676667,CUAJIMALPA DE MORELOS,Adultos - Secundaria,80.4494
09DPR2232S,MARTÍN DE LA CRUZ,MATUTINO,2024-2025 | 2025-2026,22.2464,0.0,42.7536,27.8986,40.5797,18.2785,387.0,31.8841,387,09DPR2232S,MARTÍN DE LA CRUZ,-99.12795,19.28936667,TLALPAN,Primaria,100.0
09DPR2694A,ALFONSO PRUNEDA,MATUTINO,2024-2025 | 2025-2026,22.2404,21.0383,21.3115,44.8087,24.0437,,,32.7869,300,09DPR2694A,ALFONSO PRUNEDA,-99.17242778,19.52586111,GUSTAVO A. MADERO,Primaria,78.96170000000001
09DPR2594B,PROFR. SALVADOR VARELA RESENDIZ,MATUTINO,2024-2025 | 2025-2026,22.2318,21.4592,34.3348,26.6094,28.7554,20.5659,222.0,30.9013,222,09DPR2594B,PROFR. SALVADOR VARELA RESENDIZ,-99.201925,19.50988611,AZCAPOTZALCO,Primaria,78.5408
09DPR2303W,VENUSTIANO CARRANZA,VESPERTINO,2024-2025 | 2025-2026,22.2086,12.8834,42.3313,23.9264,31.9018,18.7521,176.0,30.6748,176,09DPR1783N,VENUSTIANO CARRANZA,-99.23198056,19.38433611,ÁLVARO OBREGÓN,Primaria,87.1166
09DPR0124X,PROFR. JOSÉ GUADALUPE AGUILERA,MATUTINO,2024-2025 | 2025-2026,22.1918,1.3699,16.4384,54.1096,39.0411,,,39.0411,167,09DPR0124X,PROFR. JOSÉ GUADALUPE AGUILERA,-99.09633056,19.39912222,IZTACALCO,Primaria,98.6301
09DPR1864Y,JUAN A. MATEOS,VESPERTINO,2024-2025 | 2025-2026,22.1918,0.0,57.5342,20.5479,32.8767,18.9312,93.0,32.8767,93,09DPR1865X,JUAN A. MATEOS,-99.218825,19.37125833,ÁLVARO OBREGÓN,Primaria,100.0
09DPR5134L,NUEVO MILENIO,MATUTINO,2024-2025 | 2025-2026,22.1708,3.7627,51.0854,19.5369,36.4689,19.0588,678.0,34.2981,678,09DPR5150C,NUEVO MILENIO,-99.03996667,19.28296667,TLÁHUAC,Primaria,96.2373
09DPR2384X,PROFRA. VICENTA TRUJILLO,MATUTINO,2024-2025 | 2025-2026,22.1459,13.3047,31.3305,32.618,33.4764,19.1838,286.0,33.0472,286,09DPR2384X,PROFRA. VICENTA TRUJILLO,-99.14213056,19.45199722,CUAUHTÉMOC,Primaria,86.6953
09DPR1784M,CARLOS A. PEREYRA,MATUTINO,2024-2025 | 2025-2026,22.1287,0.495,56.4356,12.8713,40.8416,19.0806,472.0,33.1683,472,09DPR1784M,CARLOS A. PEREYRA,-99.22949167,19.37888056,ÁLVARO OBREGÓN,Primaria,99.505
09DPR1117U,ALFONSO HERRERA,MATUTINO,2024-2025 | 2025-2026,22.1239,0.0,26.5487,53.9823,30.0885,18.4607,86.0,38.0531,86,09DPR1117U,ALFONSO HERRERA,-99.17259722,19.41528056,CUAUHTÉMOC,Primaria,100.0
09DPR2647Q,PROFR. CALIXTO ANTONIO RODRIGUEZ FLORES,MATUTINO,2024-2025 | 2025-2026,22.1053,32.7068,19.9248,37.9699,19.9248,,,28.9474,213,09DPR2647Q,PROFR. CALIXTO ANTONIO RODRIGUEZ FLORES,-99.16689722,19.52720278,GUSTAVO A. MADERO,Primaria,67.2932
09DPR1265C,JUAN MONTALVO,MATUTINO,2024-2025 | 2025-2026,22.0979,2.7972,37.7622,33.9161,36.014,,,32.1678,313,09DPR1265C,JUAN MONTALVO,-99.13553611,19.39338889,BENITO JUÁREZ,Primaria,97.2028
09DPR0003L,EFRAIN HUERTA,VESPERTINO,2024-2025 | 2025-2026,22.0921,0.0,24.2678,50.6276,35.5649,19.0061,326.0,34.3096,326,09DPR4019N,EFRAIN HUERTA,-99.25931111,19.32503333,ÁLVARO OBREGÓN,Primaria,100.0
09DPR1390A,DR. CAYETANO ANDRADE,MATUTINO,2024-2025 | 2025-2026,22.0896,7.9602,38.0597,27.8607,36.5672,19.0081,424.0,29.8507,424,09DPR1384Q,DR. CAYETANO ANDRADE,-99.09320556,19.49855278,GUSTAVO A. MADERO,Primaria,92.0398
09DPR2577L,DR. JAIME TORRES BODET,MATUTINO,2024-2025,22.0833,24.2188,34.8958,13.8021,37.5,19.29,517.0,23.1771,517,09DPR2577L,DR. JAIME TORRES BODET,-99.047625,19.29606944,TLÁHUAC,Primaria,75.7812
09DPR1977A,CLUB DE LEONES NUMERO 3,MATUTINO,2024-2025 | 2025-2026,22.0463,0.5792,50.9653,19.112,39.5753,18.7308,518.0,34.556,518,09DPR1977A,CLUB DE LEONES NUMERO 3,-99.14768889,19.33558611,COYOACÁN,Primaria,99.4208
09DPR1971G,ESPERANZA LÓPEZ MATEOS,VESPERTINO,2024-2025 | 2025-2026,22.0438,0.0,56.9343,16.0584,37.2263,19.1509,177.0,35.0365,177,09DPR1971G,ESPERANZA LÓPEZ MATEOS,-99.14878056,19.312,COYOACÁN,Primaria,100.0
09DPR4008H,PROFRA. CONCEPCION TARAZAGA COLOMER,MATUTINO,2024-2025 | 2025-2026,22.0339,15.8192,41.2429,16.3842,36.7232,18.7123,428.0,27.1186,428,09DPR4008H,PROFRA. CONCEPCION TARAZAGA COLOMER,-99.241175,19.28284722,TLALPAN,Primaria,84.1808
09DPR5157W,ATENEO DE LA JUVENTUD,MATUTINO,2025-2026,22.0285,0.0,53.7242,18.3835,38.0349,19.2067,661.0,35.6577,661,09DPR5157W,ATENEO DE LA JUVENTUD,-99.14110556,19.19903333,TLALPAN,Primaria,100.0
09DPR2408Q,REPÚBLICA DE HONDURAS,MATUTINO,2025-2026,22.027,1.3514,37.8378,33.7838,37.1622,19.2524,162.0,36.4865,162,09DPR2408Q,REPÚBLICA DE HONDURAS,-99.14585,19.44466667,CUAUHTÉMOC,Primaria,98.6486
09DPR2227G,MAESTROS MEXICANOS,MATUTINO,2024-2025,21.9936,23.7942,41.4791,12.8617,31.8328,18.5776,316.0,23.1511,316,09DBA0073D,MAESTROS MEXICANOS,-99.23028889,19.30984444,LA MAGDALENA CONTRERAS,Adultos - Primaria,76.2058
09DPR2997V,FERNANDO MONTES DE OCA,VESPERTINO,2024-2025 | 2025-2026,21.9926,18.8192,41.6974,27.3063,22.1402,,,32.4723,238,09DES0025Q,FERNANDO MONTES DE OCA,-99.19845833,19.49748889,AZCAPOTZALCO,Secundaria,81.1808
09DPR2357Z,LIC. PONCIANO ARRIAGA,MATUTINO,2024-2025 | 2025-2026,21.9835,0.8264,38.0165,36.3636,34.7107,,,35.5372,141,09DPR2357Z,LIC. PONCIANO ARRIAGA,-99.12793333,19.43373056,CUAUHTÉMOC,Primaria,99.1736
09DPR1347M,JESUS CARLOS ROMERO VILLA,MATUTINO,2024-2025 | 2025-2026,21.9692,28.0,26.7692,33.5385,21.5385,,,31.0769,240,09DPR1347M,JESUS CARLOS ROMERO VILLA,-99.12488056,19.50883056,GUSTAVO A. MADERO,Primaria,72.0
09DPR0134D,AURELIO HIDALGO,MATUTINO,2024-2025 | 2025-2026,21.9687,0.2237,55.0336,15.8837,38.7025,18.8116,540.0,32.8859,540,09DPR0134D,AURELIO HIDALGO,-99.24868333,19.33176111,ÁLVARO OBREGÓN,Primaria,99.7763
09DPR2112F,VOCEADORES DE MÉXICO,MATUTINO,2025-2026,21.9444,0.0,37.5,41.6667,30.5556,18.4018,115.0,37.5,115,09DPR1010B,VOCEADORES DE MÉXICO,-99.03273056,19.38782778,IZTAPALAPA,Primaria,100.0
09DPR3212L,GENOVEVA CORTES,VESPERTINO,2024-2025 | 2025-2026,21.9444,0.463,36.1111,42.1296,31.0185,19.6857,266.0,39.3519,266,09DPR3212L,GENOVEVA CORTES,-99.04185556,19.33492222,IZTAPALAPA,Primaria,99.537
09DPR0947Z,ANGEL DE CAMPO,MATUTINO,2024-2025 | 2025-2026,21.9214,0.8734,41.9214,20.0873,46.7249,19.5338,252.0,34.0611,252,09PES0678U,ANGEL DE CAMPO,-99.016975,19.362719,IZTAPALAPA,Secundaria,99.1266
09DPR2431R,FRAY BARTOLOME DE LAS CASAS,MATUTINO,2024-2025 | 2025-2026,21.9005,0.4525,28.0543,49.3213,31.6742,19.0303,263.0,38.009,263,09DPR2568D,FRAY BARTOLOMÉ DE LAS CASAS,-99.11003333,19.37703056,IZTAPALAPA,Primaria,99.5475
09DPR2327F,MTRO. SALVADOR M. LIMA,MATUTINO,2024-2025 | 2025-2026,21.8792,0.6711,44.2953,37.5839,26.8456,19.0654,145.0,42.953,145,09DPR2327F,MTRO. SALVADOR M. LIMA,-99.12542222,19.44951111,VENUSTIANO CARRANZA,Primaria,99.3289
09DPR1968T,MTRO. FRANCISCO CESAR MORALES,MATUTINO,2025-2026,21.8644,5.9322,45.7627,22.8814,34.7458,19.6402,128.0,28.8136,128,09DPR1968T,MTRO. FRANCISCO CESAR MORALES,-99.13924167,19.33962222,COYOACÁN,Primaria,94.0678
09DPR2859T,PROFRA. ENRIQUETA LEÓN GONZÁLEZ,MATUTINO,2025-2026,21.8638,0.0,28.6738,40.8602,39.7849,18.8248,297.0,33.6918,297,09DPR2859T,PROFRA. ENRIQUETA LEÓN GONZÁLEZ,-99.20873889,19.39454444,ÁLVARO OBREGÓN,Primaria,100.0
09DPR2783U,THAILANDIA,VESPERTINO,2024-2025 | 2025-2026,21.8605,0.0,45.3488,31.3953,32.5581,18.6344,117.0,36.0465,117,09DPR2783U,THAILANDIA,-99.23235278,19.37026667,ÁLVARO OBREGÓN,Primaria,100.0
09DPR1454V,TONANTZIN,MATUTINO,2024-2025 | 2025-2026,21.8592,26.7606,33.8028,26.4789,22.2535,,,28.4507,300,09DBA0010S,TONANTZIN,-99.09223889,19.50260278,GUSTAVO A. MADERO,Adultos - Primaria,73.2394
09DPR1424A,HIDROELECTRICA DE CUPATITZIO,MATUTINO,2024-2025 | 2025-2026,21.859,17.6282,28.5256,29.8077,33.3333,18.9137,295.0,29.8077,295,09DPR1424A,HIDROELECTRICA DE CUPATITZIO,-99.08581667,19.48786944,GUSTAVO A. MADERO,Primaria,82.37180000000001
09DPR1992T,ESTADO DE SAN LUIS POTOSI,MATUTINO,2024-2025 | 2025-2026,21.8478,9.7826,36.9565,32.6087,29.8913,,,35.3261,229,09DPR1990V,ESTADO DE SAN LUIS POTOSI,-99.14995278,19.29799167,TLALPAN,Primaria,90.2174
09DPR0850O,GUSTAVO PEDRO MAHR,MATUTINO,2024-2025 | 2025-2026,21.8301,1.3072,19.6078,60.7843,27.451,,,35.9477,156,09DPR0850O,GUSTAVO PEDRO MAHR,-99.14785833,19.44903333,CUAUHTÉMOC,Primaria,98.6928
09DPR2025K,ENRIQUE C. REBSAMEN,MATUTINO,2024-2025,21.8128,12.0357,28.8262,29.5691,38.633,19.2172,789.0,27.0431,789,09DBS0040L,ENRIQUE C REBSAMEN,-99.012,19.25468889,XOCHIMILCO,Adultos - Secundaria,87.9643
09DPR2251G,MA. MAGDALENA PACHECO BLANCO,MATUTINO,2024-2025,21.8123,22.3301,41.4239,12.2977,33.0097,18.7208,329.0,24.5955,329,09DPR2252F,MA. MAGDALENA PACHECO BLANCO,-99.06246111,19.29656667,TLÁHUAC,Primaria,77.6699
09DPR1961Z,JACINTO CANEK,VESPERTINO,2024-2025 | 2025-2026,21.7722,0.0,47.4684,33.5443,27.8481,18.6844,247.0,35.443,247,09DPR1961Z,JACINTO CANEK,-99.21888333,19.28870833,TLALPAN,Primaria,100.0
09DPR1468Y,TATA VASCO,MATUTINO,2024-2025 | 2025-2026,21.7571,25.0646,26.615,33.5917,23.5142,,,31.5245,321,09DPR1468Y,TATA VASCO,-99.09093333,19.49774722,GUSTAVO A. MADERO,Primaria,74.9354
09DPR2811Z,REPÚBLICA FRANCESA,MATUTINO,2024-2025 | 2025-2026,21.753,0.7968,37.0518,27.0916,43.8247,,,29.0837,271,09DPR2811Z,REPÚBLICA FRANCESA,-99.19365278,19.35498889,ÁLVARO OBREGÓN,Primaria,99.2032
09DPR1412W,JUANA DE ASBAJE,MATUTINO,2024-2025 | 2025-2026,21.7204,18.5484,35.2151,28.7634,26.0753,18.5408,345.0,29.0323,345,09DPR1412W,JUANA DE ASBAJE,-99.10957222,19.49110833,GUSTAVO A. MADERO,Primaria,81.4516
09DPR1797Q,PEDRO AGUIRRE DE LA BARRERA,MATUTINO,2024-2025 | 2025-2026,21.7204,0.0,50.5376,18.2796,39.7849,28.7712,105.0,38.7097,105,09DPR1797Q,PEDRO AGUIRRE DE LA BARRERA,-99.21791389,19.39508056,ÁLVARO OBREGÓN,Primaria,100.0
09DPR1418Q,INSURGENTE MORELOS,MATUTINO,2024-2025 | 2025-2026,21.7192,24.0688,30.659,27.2206,26.6476,19.1095,265.0,27.2206,265,09DPR1413V,INSURGENTE MORELOS,-99.11394722,19.48494444,GUSTAVO A. MADERO,Primaria,75.9312
09DPR2728A,JOSÉ DOLORES MEDINA DELGADO,MATUTINO,2025-2026,21.7143,8.5714,22.8571,45.7143,31.4286,,,37.1429,214,09DPR2728A,JOSÉ DOLORES MEDINA DELGADO,-99.04891389,19.38663611,IZTAPALAPA,Primaria,91.4286
09DPR3231Z,ALFONSO SIERRA PARTIDA,MATUTINO,2024-2025 | 2025-2026,21.6931,7.1429,46.0317,14.8148,40.4762,,,28.3069,385,09DPR3231Z,ALFONSO SIERRA PARTIDA,-99.17244722,19.33168056,COYOACÁN,Primaria,92.8571
09DPR2187W,MAHATMA GANDHI,VESPERTINO,2024-2025 | 2025-2026,21.6783,36.3636,25.1748,30.0699,16.7832,,,27.2727,99,09PJN0882V,MAHATMA GANDHI,-99.121871,19.332599,COYOACÁN,Preescolar,63.6364
09DPR1323C,LIC. EDUARDO NOVOA,MATUTINO,2024-2025 | 2025-2026,21.6667,0.641,43.5897,27.5641,36.5385,18.5199,152.0,32.0513,152,09DPR1323C,LIC. EDUARDO NOVOA,-99.146625,19.36449444,BENITO JUÁREZ,Primaria,99.359
09DPR3026Q,EL SEGURO DEL MAESTRO,MATUTINO,2025-2026,21.6327,0.0,40.2332,24.7813,43.1487,19.5232,415.0,35.277,415,09DPR3126P,EL SEGURO DEL MAESTRO,-98.9953,19.36238611,IZTAPALAPA,Primaria,100.0
09DPR1384Q,DR. CAYETANO ANDRADE,VESPERTINO,2024-2025 | 2025-2026,21.6149,17.3913,35.4037,22.9814,32.2981,,,24.2236,167,09DPR1384Q,DR. CAYETANO ANDRADE,-99.09320556,19.49855278,GUSTAVO A. MADERO,Primaria,82.6087
09DPR1383R,CENTENARIO DEL 47,MATUTINO,2024-2025 | 2025-2026,21.6107,23.4899,28.8591,30.2013,25.5034,,,27.5168,136,09DPR1383R,CENTENARIO DEL 47,-99.10891111,19.46329444,GUSTAVO A. MADERO,Primaria,76.5101
09DPR2587S,LIC. JOSÉ LÓPEZ PORTILLO Y ROJAS,MATUTINO,2024-2025 | 2025-2026,21.5922,37.2905,26.257,29.8883,14.5251,,,28.2123,530,09DPR2587S,LIC. JOSÉ LÓPEZ PORTILLO Y ROJAS,-99.13135,19.56062778,GUSTAVO A. MADERO,Primaria,62.7095
09DPR1502O,VIDAL ALCOCER,VESPERTINO,2025-2026,21.5556,3.3333,38.8889,25.5556,40.0,19.754,160.0,32.2222,160,09DPR1501P,VIDAL ALCOCER,-99.16491944,19.28780556,TLALPAN,Primaria,96.6667
09DPR1251Z,MARIA CURIE SKLODOWSKA,MATUTINO,2024-2025 | 2025-2026,21.5522,4.1791,32.2388,29.8507,41.4925,19.1116,356.0,26.8657,356,09DPR1251Z,MARIA CURIE SKLODOWSKA,-99.13496944,19.38178333,BENITO JUÁREZ,Primaria,95.8209
09DPR2189U,NEPAL,MATUTINO,2024-2025 | 2025-2026,21.548,28.483,26.3158,32.1981,20.743,,,29.4118,246,09DBA0170F,NEPAL,-99.09230556,19.46428056,GUSTAVO A. MADERO,Adultos - Primaria,71.517
09DPR5144S,JUAN JOSÉ ARREOLA,MATUTINO,2024-2025,21.5437,48.8851,27.6158,7.8902,23.3276,22.8916,703.0,15.7804,703,09DPR5144S,JUAN JOSÉ ARREOLA,-99.04761389,19.3112,TLÁHUAC,Primaria,51.1149
09DPR2432Q,FRAY MELCHOR DE TALAMANTES,MATUTINO,2024-2025 | 2025-2026,21.5303,0.7916,28.496,47.7573,30.6069,18.5537,400.0,33.2454,400,09DPR2348S,FRAY MELCHOR DE TALAMANTES,-99.12141389,19.43741389,VENUSTIANO CARRANZA,Primaria,99.2084
09DPR2584V,MTRO. MIGUEL A. QUINTANA,MATUTINO,2024-2025 | 2025-2026,21.5242,58.3643,11.71,25.2788,12.2677,17.4602,387.0,16.7286,387,09DPR1371M,MTRO. MIGUEL A. QUINTANA,-99.13036944,19.5009,GUSTAVO A. MADERO,Primaria,41.6357
09DPR1660D,JUSTO SIERRA,MATUTINO,2024-2025 | 2025-2026,21.5142,66.5615,14.1956,18.9274,7.8864,,,15.142,277,09DES0296I,JUSTO SIERRA,-99.01963056,19.37964722,IZTAPALAPA,Secundaria,33.438500000000005
09DPR2444V,GUELATAO DE JUÁREZ,VESPERTINO,2024-2025 | 2025-2026,21.5054,0.0,39.7849,37.6344,30.1075,18.9953,91.0,37.6344,91,09DPR2453C,GUELATAO DE JUÁREZ,-99.13561111,19.41990833,CUAUHTÉMOC,Primaria,100.0
09DPR2838G,MARGARITA MAZA DE JUÁREZ,MATUTINO,2024-2025 | 2025-2026,21.4744,0.3205,43.2692,21.1538,42.6282,18.6614,402.0,31.4103,402,09DES4099I,MARGARITA MAZA DE JUÁREZ,-99.078625,19.49635278,GUSTAVO A. MADERO,Secundaria,99.6795
09DPR0034E,INDIRA GANDHI,MATUTINO,2025-2026,21.4623,0.4717,33.0189,37.2642,36.5566,19.0942,475.0,35.1415,475,09DDI0040C,INDIRA GANDHI,-99.09781569,19.33900168,IZTAPALAPA,Educación Inicial,99.5283
09DPR0020B,SITIO DE CUAUTLA,MATUTINO,2024-2025 | 2025-2026,21.4519,18.1488,34.6642,21.4156,33.0309,,,29.0381,410,09DPR0020B,SITIO DE CUAUTLA,-99.28713611,19.35501389,CUAJIMALPA DE MORELOS,Primaria,81.8512
09DPR1199U,SUECIA,MATUTINO,2024-2025 | 2025-2026,21.4078,0.4854,36.8932,18.932,50.7282,19.3809,542.0,29.6117,542,09DPR1199U,SUECIA,-99.12391667,19.37521667,IZTAPALAPA,Primaria,99.5146
09DPR1539B,NICOLAS BRAVO,VESPERTINO,2024-2025 | 2025-2026,21.3986,32.8671,27.2727,32.1678,14.6853,,,27.972,109,09DBN0079B,NICOLAS BRAVO,-99.08130278,19.49550278,GUSTAVO A. MADERO,Primaria,67.1329
09DPR1466Z,SUAVE PATRIA,MATUTINO,2024-2025 | 2025-2026,21.3964,21.6216,30.8559,25.0,29.5045,,,27.2523,351,09DPR1466Z,SUAVE PATRIA,-99.08028056,19.49621944,GUSTAVO A. MADERO,Primaria,78.3784
09DPR1373K,MÁRTIRES DE RIO BLANCO,MATUTINO,2024-2025 | 2025-2026,21.3731,21.791,27.4627,34.3284,23.2836,17.7821,286.0,27.4627,286,09DSN0041P,MÁRTIRES DE RÍO BLANCO,-99.11999722,19.38249167,IZTACALCO,Secundaria,78.209
09DPR2458Y,JUVENTINO ROSAS,MATUTINO,2024-2025 | 2025-2026,21.3409,12.7273,31.3636,38.1818,24.4318,,,35.5682,532,09DPR0935V,JUVENTINO ROSAS,-99.13183611,19.55981667,GUSTAVO A. MADERO,Primaria,87.2727
09DPR2622H,PROFRA. AMANDA PALAFOX Y BAZ,MATUTINO,2024-2025 | 2025-2026,21.3304,0.2217,40.5765,26.8293,39.0244,18.9366,500.0,31.929,500,09DPR2622H,PROFRA. AMANDA PALAFOX Y BAZ,-99.17656944,19.26931944,TLALPAN,Primaria,99.7783
09DPR4513O,SALVADOR NAVA MARTÍNEZ,MATUTINO,2024-2025 | 2025-2026,21.3276,0.2141,54.1756,12.6338,39.6146,19.2438,489.0,32.9764,489,09DPR4513O,SALVADOR NAVA MARTÍNEZ,-99.24060833,19.37067778,ÁLVARO OBREGÓN,Primaria,99.7859
09DPR5018V,PATRIA Y LIBERTAD,MATUTINO,2024-2025 | 2025-2026,21.3276,11.1349,36.8308,22.6981,35.9743,18.574,414.0,27.8373,414,09DPR5018V,PATRIA Y LIBERTAD,-99.18284722,19.28556667,TLALPAN,Primaria,88.8651
09DPR1962Z,LIC. GABRIEL RAMOS MILLAN,MATUTINO,2025-2026,21.3201,0.0,25.7426,39.934,40.9241,20.0128,400.0,30.363,400,09DPR1962Z,LIC. GABRIEL RAMOS MILLAN,-99.13736389,19.32234444,COYOACÁN,Primaria,100.0
09DPR1812S,MARIA CARRARO VDA. DE AMBROSSI,MATUTINO,2024-2025 | 2025-2026,21.3182,7.9545,46.5909,18.1818,33.8636,19.3248,511.0,30.9091,511,09DPR1815P,MARIA CARRARO VDA. DE AMBROSSI,-99.22858056,19.38390556,ÁLVARO OBREGÓN,Primaria,92.0455
09DPR2007V,NIÑO ARTILLERO NARCISO MENDOZA,MATUTINO,2025-2026,21.3158,0.0,33.8816,32.5658,40.1316,18.6003,356.0,28.2895,356,09DPR2007V,NIÑO ARTILLERO NARCISO MENDOZA,-99.16481111,19.28823333,TLALPAN,Primaria,100.0
09DPR1596T,GRAL. ADALBERTO TEJEDA,MATUTINO,2024-2025 | 2025-2026,21.2903,32.2581,24.424,24.8848,24.8848,,,27.6498,171,09DPR1596T,GRAL. ADALBERTO TEJEDA,-99.17408611,19.47329444,AZCAPOTZALCO,Primaria,67.7419
09DPR2149T,LEYES DE REFORMA,MATUTINO,2024-2025 | 2025-2026,21.2834,39.0374,17.1123,29.4118,20.8556,20.2233,144.0,27.8075,144,09DPR2149T,LEYES DE REFORMA,-99.14991667,19.4633,AZCAPOTZALCO,Primaria,60.9626
09DPR1440S,GENERACION 21-22,MATUTINO,2024-2025 | 2025-2026,21.2435,26.6839,27.9793,25.3886,26.1658,19.6124,309.0,28.4974,309,09DPR1440S,GENERACION 21-22,-99.13638056,19.47570556,GUSTAVO A. MADERO,Primaria,73.3161
09DPR1789H,SIETE DE ENERO,MATUTINO,2024-2025 | 2025-2026,21.2346,0.0,48.7654,13.5802,43.8272,20.434,424.0,30.5556,424,09DPR1789H,SIETE DE ENERO,-99.19991111,19.401475,ÁLVARO OBREGÓN,Primaria,100.0
09DPR4189H,PROFR. CARLOS ESPINOSA ROMERO,VESPERTINO,2025-2026,21.1881,0.0,38.6139,43.5644,23.7624,18.4235,161.0,35.6436,161,09DPR0007H,PROFR. CARLOS ESPINOSA ROMERO,-99.05931389,19.33147778,IZTAPALAPA,Primaria,100.0
09DPR2588R,LIC. JOSÉ LÓPEZ PORTILLO Y ROJAS,VESPERTINO,2024-2025 | 2025-2026,21.182,20.0622,31.8818,38.7247,15.2411,,,33.126,466,09DPR2587S,LIC. JOSÉ LÓPEZ PORTILLO Y ROJAS,-99.13135,19.56062778,GUSTAVO A. MADERO,Primaria,79.9378
09DPR2256B,REPÚBLICA DE SUAZILANDIA,VESPERTINO,2024-2025 | 2025-2026,21.1765,0.0,50.0,17.6471,38.2353,21.3458,106.0,29.4118,106,09DPR2256B,REPÚBLICA DE SUAZILANDIA,-99.16139722,19.31422222,COYOACÁN,Primaria,100.0
09DPR2100A,PRESIDENTE JOHN F KENNEDY,VESPERTINO,2024-2025 | 2025-2026,21.1688,3.8961,42.2078,38.961,20.7792,,,37.6623,165,09DPR1078I,PRESIDENTE JOHN F KENNEDY,-99.11802222,19.42242778,VENUSTIANO CARRANZA,Primaria,96.1039
09DPR1195Y,D. I. F.,MATUTINO,2024-2025 | 2025-2026,21.1667,0.8333,30.0,33.3333,41.6667,20.4269,194.0,30.8333,194,09DPR1195Y,D. I. F.,-99.15896389,19.36613889,BENITO JUÁREZ,Primaria,99.1667
09DPR2129F,PABLO NERUDA,MATUTINO,2024-2025 | 2025-2026,21.1538,29.3956,15.6593,38.7363,21.978,,,26.6484,277,09DPR2129F,PABLO NERUDA,-99.19500278,19.48550278,AZCAPOTZALCO,Primaria,70.6044
09DPR2925B,LAURA MENDEZ DE CUENCA,VESPERTINO,2025-2026,21.1538,0.9615,46.1538,25.0,33.6538,20.2615,117.0,33.6538,117,09DPR3006C,LAURA MENDEZ DE CUENCA,-99.21270833,19.37193889,ÁLVARO OBREGÓN,Primaria,99.0385
09DPR3232Z,ALFONSO SIERRA PARTIDA,VESPERTINO,2024-2025 | 2025-2026,21.1268,4.9296,50.0,24.6479,26.0563,17.7028,183.0,29.5775,183,09DPR3231Z,ALFONSO SIERRA PARTIDA,-99.17244722,19.33168056,COYOACÁN,Primaria,95.0704
09DPR2759U,ALFREDO V. BONFIL,MATUTINO,2024-2025 | 2025-2026,21.105,1.3812,41.7127,19.0608,43.3702,18.9775,550.0,28.7293,550,09DPR2756X,ALFREDO V. BONFIL,-99.20292778,19.28211389,TLALPAN,Primaria,98.6188
09DPR5040X,LEYES DE REFORMA DEL 57,VESPERTINO,2024-2025 | 2025-2026,21.0953,0.8114,52.1298,19.0669,33.4686,19.0173,727.0,33.0629,727,09DPR2012G,LEYES DE REFORMA DEL 57,-99.200775,19.22625556,TLALPAN,Primaria,99.1886
09DPR2797X,CIRILO CELIS PASTRANA,MATUTINO,2025-2026,21.0909,0.0,55.7576,14.5455,35.1515,22.1042,199.0,33.9394,199,09DPR1757P,CIRILO CELIS PASTRANA,-99.19280278,19.39504167,ÁLVARO OBREGÓN,Primaria,100.0
09DPR1856P,REPÚBLICA DE PARAGUAY,MATUTINO,2024-2025 | 2025-2026,21.0695,7.754,36.8984,21.123,39.5722,19.9367,344.0,28.3422,344,09DES4078W,REPÚBLICA DE PARAGUAY,-99.13105556,19.48287778,GUSTAVO A. MADERO,Secundaria,92.246
09DPR1439C,NIÑO HEROE JOSÉ LUIS ORDAZ LÓPEZ,MATUTINO,2024-2025 | 2025-2026,21.0352,33.5404,20.0828,34.1615,17.3913,18.8392,373.0,26.087,373,09DPR1439C,NIÑO HEROE JOSÉ LUIS ORDAZ LÓPEZ,-99.07620278,19.48119167,GUSTAVO A. MADERO,Primaria,66.4596
09DPR2131U,MTRO. ENRIQUE C. REBSAMEN,VESPERTINO,2024-2025 | 2025-2026,21.0286,22.8571,40.0,22.2857,20.0,,,25.7143,168,09DPR2130V,MTRO. ENRIQUE C. REBSAMEN,-99.07919167,19.49781667,GUSTAVO A. MADERO,Primaria,77.1429
09DPR1869T,INDEPENDENCIA,MATUTINO,2025-2026,20.9756,4.065,30.0813,34.9593,35.7724,18.9472,198.0,31.7073,198,09DPR1869T,INDEPENDENCIA,-99.18458333,19.37203889,BENITO JUÁREZ,Primaria,95.935
09DPR2781W,EDUCACIÓN PARA TODOS,VESPERTINO,2024-2025 | 2025-2026,20.9524,23.8095,35.7143,29.7619,15.4762,,,26.1905,72,09DPR2781W,EDUCACIÓN PARA TODOS,-99.14467222,19.5293,GUSTAVO A. MADERO,Primaria,76.1905
09DPR3038V,PROFR. LUIS VILLARREAL MARTÍNEZ,VESPERTINO,2024-2025 | 2025-2026,20.9449,62.9921,22.8346,4.7244,14.1732,,,10.2362,160,09DPR2064M,PROFR. LUIS VILLARREAL MARTÍNEZ,-99.11124444,19.24289167,XOCHIMILCO,Primaria,37.0079
09DPR0141N,PROFR. JOSÉ GONZÁLEZ VILLASEÑOR,VESPERTINO,2024-2025 | 2025-2026,20.9302,0.2114,27.907,51.1628,25.37,19.5073,551.0,38.055,551,09DPR0127U,PROFR. JOSÉ GONZÁLEZ VILLASEÑOR,-99.03801944,19.332175,IZTAPALAPA,Primaria,99.7886
09DPR3300F,PROFR. MANUEL ALCALA MARTÍN,VESPERTINO,2025-2026,20.8791,0.0,41.7582,23.0769,39.5604,18.964,164.0,31.8681,164,09DPR0107G,PROFR. MANUEL ALCALA MARTÍN,-99.07499722,19.34556389,IZTAPALAPA,Primaria,100.0
09DPR5132N,JOHN F. KENNEDY,VESPERTINO,2025-2026,20.8451,1.4085,35.2113,33.8028,33.8028,18.818,88.0,32.3944,88,09DES4067Q,JOHN F. KENNEDY,-99.20011389,19.48436667,AZCAPOTZALCO,Secundaria,98.5915
09DPR1974D,ESPERANZA LÓPEZ MATEOS,MATUTINO,2024-2025 | 2025-2026,20.8316,0.8316,43.2432,21.4137,38.6694,19.1695,557.0,31.8087,557,09DPR1971G,ESPERANZA LÓPEZ MATEOS,-99.14878056,19.312,COYOACÁN,Primaria,99.1684
09DPR2981U,PROFR. MIGUEL SÁNCHEZ RIVERA,VESPERTINO,2025-2026,20.7843,0.0,54.902,26.4706,22.549,18.7695,135.0,35.2941,135,09DPR2981U,PROFR. MIGUEL SÁNCHEZ RIVERA,-99.06730833,19.30570278,IZTAPALAPA,Primaria,100.0
09DPR4016Q,MAURITANIA,VESPERTINO,2024-2025 | 2025-2026,20.7671,0.8219,58.0822,19.1781,25.7534,18.4564,483.0,30.9589,483,09DPR2233R,MAURITANIA,-99.14203889,19.19623889,TLALPAN,Primaria,99.1781
09DPR1761B,BARTOLOME DE MEDINA,MATUTINO,2024-2025 | 2025-2026,20.7609,0.5435,40.4891,26.087,36.6848,19.1294,406.0,29.3478,406,09DPR1761B,BARTOLOME DE MEDINA,-99.19956111,19.40105556,ÁLVARO OBREGÓN,Primaria,99.4565
09DPR1593W,MAESTRA JUANA PALACIOS,MATUTINO,2024-2025 | 2025-2026,20.7427,32.0955,24.6684,31.2997,15.6499,,,26.7905,268,09DPR1593W,MAESTRA JUANA PALACIOS,-99.15063056,19.47516111,AZCAPOTZALCO,Primaria,67.9045
09DPR1451Y,PROFR. LUIS DE LA BRENA,MATUTINO,2024-2025 | 2025-2026,20.7143,0.0,38.3929,25.0,40.1786,18.9033,115.0,32.1429,115,09DJN0202U,PROFR. LUIS DE LA BRENA,-99.08160278,19.49509722,GUSTAVO A. MADERO,Preescolar,100.0
09DPR1707H,GRAL. IGNACIO ZARAGOZA,MATUTINO,2024-2025 | 2025-2026,20.7107,0.5076,30.9645,41.6244,30.4569,19.2,254.0,35.533,254,09DES0112L,GENERAL IGNACIO ZARAGOZA,-99.122775,19.42110278,VENUSTIANO CARRANZA,Secundaria,99.4924
09DPR4246I,DOMINGO MARTÍNEZ  PAREDEZ,VESPERTINO,2024-2025 | 2025-2026,20.7042,1.4085,57.7465,20.4225,23.9437,17.982,169.0,35.2113,169,09DPR0059N,DOMINGO MARTÍNEZ  PAREDEZ,-99.22241389,19.27457778,TLALPAN,Primaria,98.5915
09DPR2017B,HÉROES DE CHAPULTEPEC,MATUTINO,2024-2025 | 2025-2026,20.665,0.2558,48.8491,17.6471,36.5729,18.9222,446.0,28.6445,446,09DPR2017B,HÉROES DE CHAPULTEPEC,-99.17145833,19.27498611,TLALPAN,Primaria,99.7442
09DPR3002G,RABINDRANATH TAGORE,VESPERTINO,2024-2025 | 2025-2026,20.665,0.0,54.7315,15.0895,33.5038,18.6848,453.0,30.4348,453,09DPR2674N,RABINDRANATH TAGORE,-99.13798611,19.52011389,GUSTAVO A. MADERO,Primaria,100.0
09DPR2459X,FUNDACIÓN DE MÉXICO,MATUTINO,2024-2025 | 2025-2026,20.6584,0.0,54.321,18.93,30.0412,18.0894,337.0,28.8066,337,09DPR2459X,FUNDACIÓN DE MÉXICO,-99.11121111,19.32184722,COYOACÁN,Primaria,100.0
09DPR1858N,MOLINO DE ROSAS,MATUTINO,2025-2026,20.6557,0.0,62.2951,13.9344,27.0492,18.1098,161.0,28.6885,161,09DPR1858N,MOLINO DE ROSAS,-99.20057778,19.37010833,ÁLVARO OBREGÓN,Primaria,100.0
09DPR1212Y,SILVESTRE REVUELTAS,MATUTINO,2025-2026,20.6545,0.7273,42.5455,22.9091,37.0909,18.5183,286.0,27.6364,286,09DPR1212Y,SILVESTRE REVUELTAS,-99.15498611,19.36900278,BENITO JUÁREZ,Primaria,99.2727
09DPR1605K,PROFR. ESTEBAN BACA CALDERON,VESPERTINO,2024-2025 | 2025-2026,20.6522,27.1739,27.1739,23.913,25.0,,,27.1739,94,09DPR1605K,PROFR. ESTEBAN BACA CALDERON,-99.17893611,19.47581389,AZCAPOTZALCO,Primaria,72.8261
09DPR1931F,GRAL. JUAN N. ÁLVAREZ,MATUTINO,2024-2025 | 2025-2026,20.6316,0.5263,46.8421,11.5789,44.2105,,,29.4737,248,09DPR1931F,GRAL. JUAN N. ÁLVAREZ,-99.20147222,19.33354167,ÁLVARO OBREGÓN,Primaria,99.4737
09DPR2719T,REPÚBLICA DE CAMERUN,VESPERTINO,2024-2025 | 2025-2026,20.6283,2.6178,47.1204,18.8482,34.555,19.0622,256.0,27.2251,256,09DPR2719T,REPÚBLICA DE CAMERUN,-99.22205833,19.37792222,ÁLVARO OBREGÓN,Primaria,97.3822
09DPR3101G,LIC. ALFREDO V. BONFIL PINTO,MATUTINO,2024-2025 | 2025-2026,20.6272,37.9791,22.1254,27.7003,15.331,,,24.9129,361,09DPR3101G,LIC. ALFREDO V. BONFIL PINTO,-99.07862778,19.49749444,GUSTAVO A. MADERO,Primaria,62.0209
09DPR2990B,BELISARIO DOMÍNGUEZ,VESPERTINO,2024-2025 | 2025-2026,20.6195,28.7611,30.0885,24.7788,19.469,19.3978,172.0,27.4336,172,09DPR2990B,BELISARIO DOMÍNGUEZ,-99.29208056,19.36510278,CUAJIMALPA DE MORELOS,Primaria,71.2389
09DPR2528C,REVOLUCIÓN,VESPERTINO,2024-2025 | 2025-2026,20.5769,0.9615,22.1154,47.1154,32.6923,19.9509,135.0,37.5,135,09DPR1174L,REVOLUCION,-99.14862222,19.42673333,CUAUHTÉMOC,Primaria,99.0385
09DPR2685T,XOCHICALCO,MATUTINO,2024-2025 | 2025-2026,20.5263,0.0,51.7544,8.7719,42.1053,18.0575,309.0,24.5614,309,09DPR2685T,XOCHICALCO,-99.10164722,19.34538333,IZTAPALAPA,Primaria,100.0
09DPR1506K,CUAUHTEMOC,MATUTINO,2024-2025 | 2025-2026,20.5263,35.5263,17.4342,33.5526,16.1184,18.9661,230.0,23.3553,230,09DES0319C,CUAUHTÉMOC,-99.06195278,19.32543056,IZTAPALAPA,Secundaria,64.47370000000001
09DPR4226V,ENRIQUE AGUILAR GONZÁLEZ,MATUTINO,2024-2025 | 2025-2026,20.5072,4.3478,33.3333,35.8696,28.9855,18.7511,320.0,34.4203,320,09DPR4226V,ENRIQUE AGUILAR GONZÁLEZ,-99.16901389,19.30533611,COYOACÁN,Primaria,95.6522
09DPR0118M,FAJA DE ORO,MATUTINO,2024-2025 | 2025-2026,20.4752,26.7819,22.0302,28.2937,25.27,,,24.406,399,09DPR0118M,FAJA DE ORO,-99.20813611,19.50181944,AZCAPOTZALCO,Primaria,73.21809999999999
09DPR1301R,MAESTRO FEDERICO ÁLVAREZ,MATUTINO,2024-2025 | 2025-2026,20.4571,97.7143,1.1429,2.2857,1.1429,,,1.1429,159,09DPR1301R,MAESTRO FEDERICO ÁLVAREZ,-99.14629722,19.39050556,BENITO JUÁREZ,Primaria,2.2857000000000056
09DPR1659O,MAESTRO JULIO GARCÍA,MATUTINO,2024-2025 | 2025-2026,20.442,29.8343,22.0994,29.8343,20.442,,,26.5193,129,09DPR1659O,MAESTRO JULIO GARCÍA,-99.19106389,19.47917222,AZCAPOTZALCO,Primaria,70.1657
09DPR1741O,ASOCIACION DE FERRETEROS DE MÉXICO,MATUTINO,2024-2025 | 2025-2026,20.4412,0.7353,35.2941,33.0882,33.0882,,,30.1471,143,09DPR1741O,ASOCIACION DE FERRETEROS DE MÉXICO,-99.20019722,19.39356667,ÁLVARO OBREGÓN,Primaria,99.2647
09DPR0935V,JUVENTINO ROSAS,VESPERTINO,2024-2025 | 2025-2026,20.4082,26.0597,25.2747,31.7111,18.9953,18.7071,471.0,27.9435,471,09DPR0935V,JUVENTINO ROSAS,-99.13183611,19.55981667,GUSTAVO A. MADERO,Primaria,73.94030000000001
09DPR2467F,DR. ANGEL MA. GARIBAY,MATUTINO,2025-2026,20.3922,6.5359,47.0588,15.6863,32.6797,18.3424,168.0,18.9542,168,09DPR2467F,DR. ANGEL MA. GARIBAY,-99.16909167,19.31558333,COYOACÁN,Primaria,93.4641
09DPR5123F,MANUEL GONZÁLEZ FLORES,MATUTINO,2024-2025 | 2025-2026,20.3822,2.2293,22.293,36.3057,41.0828,18.4148,413.0,28.3439,413,09DPR5123F,MANUEL GONZÁLEZ FLORES,-99.00949444,19.33692778,IZTAPALAPA,Primaria,97.7707
09DPR1895R,GASPAR MELCHOR DE JOVELLANOS,MATUTINO,2024-2025 | 2025-2026,20.3721,0.4651,33.9535,34.4186,33.0233,,,33.9535,230,09DPR1895R,GASPAR MELCHOR DE JOVELLANOS,-99.19985833,19.34603333,ÁLVARO OBREGÓN,Primaria,99.5349
09DPR3185E,SEBASTIAN LERDO DE TEJADA,MATUTINO,2024-2025 | 2025-2026,20.3442,0.956,37.2849,30.2103,33.2696,19.6522,606.0,31.1663,606,09DPR2637J,SEBASTIAN LERDO DE TEJADA,-99.21086111,19.27647778,TLALPAN,Primaria,99.044
09DPR2016C,IGNACIO RODRÍGUEZ GALVAN,MATUTINO,2024-2025 | 2025-2026,20.3425,1.0274,43.8356,15.0685,41.7808,19.2011,337.0,27.0548,337,09DBN0069V,IGNACIO RODRIGUEZ GALVAN,-99.16508333,19.28740833,TLALPAN,Primaria,98.9726
09DPR1802L,CENTENARIO DEL HIMNO NACIONAL MEXICANO,MATUTINO,2024-2025 | 2025-2026,20.3371,0.0,53.3708,17.9775,30.3371,17.9923,333.0,28.6517,333,09DPR1802L,CENTENARIO DEL HIMNO NACIONAL MEXICANO,-99.12652778,19.36280833,IZTAPALAPA,Primaria,100.0
09DPR2117A,JOSÉ MARIA TAPIA FREYDING,MATUTINO,2024-2025 | 2025-2026,20.303,0.0,52.5253,7.8283,41.1616,19.3338,402.0,29.2929,402,09DPR2117A,JOSÉ MARIA TAPIA FREYDING,-99.25462222,19.35698611,ÁLVARO OBREGÓN,Primaria,100.0
09DPR3153M,PROFR. AGUSTIN CUE CANOVAS,MATUTINO,2024-2025 | 2025-2026,20.3023,2.0151,40.806,13.3501,45.3401,18.9682,492.0,24.1814,492,09DPR3153M,PROFR. AGUSTIN CUE CANOVAS,-99.079475,19.32703889,IZTAPALAPA,Primaria,97.9849
09DPR2234Q,GRAL. LAZARO CARDENAS DEL RIO,MATUTINO,2024-2025 | 2025-2026,20.2899,13.0435,33.3333,19.8068,35.2657,18.9018,348.0,22.7053,348,09DPR2234Q,GRAL. LAZARO CARDENAS DEL RIO,-99.14005278,19.29741389,TLALPAN,Primaria,86.9565
09DPR2768B,XITLE,VESPERTINO,2024-2025 | 2025-2026,20.2871,97.1292,2.3923,0.0,1.9139,,,1.4354,228,09DPR2768B,XITLE,-99.16848056,19.32446389,COYOACÁN,Primaria,2.8708000000000027
09DPR0864R,MADRE MEXICANA,MATUTINO,2025-2026,20.2857,0.0,23.8095,40.4762,37.1429,18.7796,212.0,30.0,212,09DPR0864R,MADRE MEXICANA,-99.28443333,19.32732222,ÁLVARO OBREGÓN,Primaria,100.0
09DPR1944J,REPÚBLICA DE SUAZILANDIA,MATUTINO,2025-2026,20.2589,0.0,41.7476,18.7702,40.7767,19.1011,400.0,26.5372,400,09DPR2256B,REPÚBLICA DE SUAZILANDIA,-99.16139722,19.31422222,COYOACÁN,Primaria,100.0
09DPR1188O,ING. VITO ALESSIO ROBLES,MATUTINO,2025-2026,20.2239,2.9851,41.791,25.0,31.3433,18.2853,308.0,30.9701,308,09DPR1188O,ING. VITO ALESSIO ROBLES,-99.12397778,19.35456667,COYOACÁN,Primaria,97.0149
09DPR1625Y,VICENTE ALCARAZ,VESPERTINO,2024-2025 | 2025-2026,20.1835,33.945,19.2661,33.0275,14.6789,,,24.7706,110,09DPR1624Z,VICENTE ALCARAZ,-99.18425,19.48115833,AZCAPOTZALCO,Primaria,66.055
09DPR1097X,ESTADO DE ZACATECAS,MATUTINO,2025-2026,20.1538,0.7692,29.2308,42.3077,28.4615,18.9178,161.0,38.4615,161,09DPR1097X,ESTADO DE ZACATECAS,-99.13105556,19.44823611,CUAUHTÉMOC,Primaria,99.2308
09DPR1444O,GERTRUDIS BOCANEGRA DE LAZO DE LA VEGA,VESPERTINO,2024-2025 | 2025-2026,20.1282,22.4359,26.9231,29.1667,22.1154,,,24.0385,293,09DPR1443P,GERTRUDIS BOCANEGRA DE LAZO DE LA VEGA,-99.07343889,19.49264167,GUSTAVO A. MADERO,Primaria,77.5641
09DPR1118T,LAOS,MATUTINO,2025-2026,20.1111,0.0,30.0,31.1111,39.4444,19.6148,209.0,30.5556,209,09DPR1118T,LAOS,-99.14848333,19.39008333,BENITO JUÁREZ,Primaria,100.0
09DPR1221F,REPÚBLICA ESPAÑOLA,MATUTINO,2024-2025 | 2025-2026,20.0943,0.9434,36.3208,14.6226,48.5849,20.4719,584.0,28.7736,584,09DPR1221F,REPÚBLICA ESPAÑOLA,-99.13140278,19.40094167,IZTACALCO,Primaria,99.0566
09DPR4519I,JULIO DE LA FUENTE,VESPERTINO,2024-2025,20.0873,11.7904,27.5109,33.1878,27.9476,13.4158,268.0,27.5109,268,09DPR4519I,JULIO DE LA FUENTE,-99.06098889,19.28720833,TLÁHUAC,Primaria,88.2096
09DPR1875D,27 DE SEPTIEMBRE,MATUTINO,2024-2025 | 2025-2026,20.0847,0.0,40.678,24.5763,35.1695,18.6523,283.0,29.661,283,09DPR1875D,27 DE SEPTIEMBRE,-99.20602778,19.37217222,ÁLVARO OBREGÓN,Primaria,100.0
09DPR0992M,CINCO DE MAYO,MATUTINO,2024-2025 | 2025-2026,20.0709,99.6454,0.0,0.3546,0.3546,,,0.3546,272,09DPR0992M,CINCO DE MAYO,-99.10966111,19.43143889,VENUSTIANO CARRANZA,Primaria,0.3546000000000049
09DPR1804J,MIGUEL F MARTÍNEZ,MATUTINO,2024-2025 | 2025-2026,20.0687,46.3918,14.0893,25.4296,14.433,18.6941,178.0,17.8694,178,09DJN0365E,MIGUEL F. MARTÍNEZ,-99.09059167,19.35723056,IZTAPALAPA,Preescolar,53.6082
09DPR2214C,FORD 20,MATUTINO,2025-2026,20.0631,0.0,43.5331,19.5584,37.224,18.4404,346.0,28.3912,346,09DPR2296C,FORD 20,-99.23266111,19.34686944,ÁLVARO OBREGÓN,Primaria,100.0
09DPR3008A,ERNESTO GARCÍA CABRAL,MATUTINO,2024-2025 | 2025-2026,20.0394,0.789,43.5897,21.1045,34.714,18.7339,521.0,29.3886,521,09DPR3008A,ERNESTO GARCÍA CABRAL,-99.09507778,19.33289444,IZTAPALAPA,Primaria,99.211
09DPR1973E,EJERCITO NACIONAL,VESPERTINO,2025-2026,20.0,100.0,0.0,0.0,0.0,,,0.0,89,09DPR1976B,EJERCITO NACIONAL,-99.17699722,19.33279722,COYOACÁN,Primaria,0.0
09DPR1976B,EJERCITO NACIONAL,MATUTINO,2025-2026,20.0,100.0,0.0,0.0,0.0,,,0.0,130,09DPR1976B,EJERCITO NACIONAL,-99.17699722,19.33279722,COYOACÁN,Primaria,0.0
09DPR2272T,LOS DERECHOS DEL NIÑO,VESPERTINO,2024-2025 | 2025-2026,20.0,1.5152,51.5152,30.303,16.6667,17.3381,207.0,31.8182,207,09DPR2271U,LOS DERECHOS DEL NIÑO,-99.03585,19.34562222,IZTAPALAPA,Primaria,98.4848
09DPR3160W,SALVADOR TREJO ESCOBEDO,VESPERTINO,2024-2025 | 2025-2026,20.0,2.4324,41.6216,26.4865,29.4595,19.1182,545.0,31.0811,545,09DPR3160W,SALVADOR TREJO ESCOBEDO,-99.14176111,19.20118889,TLALPAN,Primaria,97.5676
09DPR0024Y,CENTRO DE INNOVACIÓN EDUCATIVA PARA ALUMNOS CON ALTAS CAPACIDADES,MATUTINO,2024-2025 | 2025-2026,20.0,2.1739,26.087,43.4783,28.2609,,,23.913,61,09DES0342D,CENTRO DE INNOVACIÓN EDUCATIVA PARA ALUMNOS CON ALTAS CAPACIDADES,-99.17878809,19.40195084,MIGUEL HIDALGO,Secundaria,97.8261
09DPR4006J,INDIRA GANDHI,VESPERTINO,2024-2025 | 2025-2026,20.0,0.0,37.0968,27.957,34.9462,19.6685,252.0,32.2581,252,09DDI0040C,INDIRA GANDHI,-99.09781569,19.33900168,IZTAPALAPA,Educación Inicial,100.0
09DPR1007O,24 DE FEBRERO,VESPERTINO,2024-2025 | 2025-2026,20.0,100.0,0.0,0.0,0.0,,,0.0,105,09DPR2087X,24 DE FEBRERO,-99.01290556,19.36859167,IZTAPALAPA,Primaria,0.0
09DPR1498S,DINAMARCA,VESPERTINO,2024-2025,20.0,97.5904,0.0,1.2048,1.2048,,,1.2048,107,09DJN0571N,DINAMARCA,-99.19928333,19.36723333,ÁLVARO OBREGÓN,Preescolar,2.4095999999999975
09DPR1699P,LUIS R. ALARCON,MATUTINO,2024-2025 | 2025-2026,19.9541,0.2294,39.6789,20.8716,38.9908,18.9427,479.0,27.5229,479,09DPR1699P,LUIS R. ALARCON,-99.19737778,19.36585556,ÁLVARO OBREGÓN,Primaria,99.7706
09DPR1507J,QUETZALCOATL,MATUTINO,2024-2025 | 2025-2026,19.9482,25.3886,36.7876,13.4715,24.0933,,,23.8342,304,09DPR5119T,QUETZALCOATL,-99.30938056,19.3535,CUAJIMALPA DE MORELOS,Primaria,74.6114
09DPR3006C,LAURA MENDEZ DE CUENCA,MATUTINO,2024-2025 | 2025-2026,19.9359,0.0,50.9615,14.7436,33.9744,18.8292,348.0,27.8846,348,09DPR3006C,LAURA MENDEZ DE CUENCA,-99.21270833,19.37193889,ÁLVARO OBREGÓN,Primaria,100.0
09DPR2980V,LUCRECIA TORIZ,MATUTINO,2024-2025 | 2025-2026,19.9259,0.0,34.0741,34.8148,30.7407,19.1387,303.0,35.1852,303,09DPR2638I,LUCRECIA TORIZ,-99.09434444,19.38601944,IZTACALCO,Primaria,100.0
09DPR2491F,JOAQUIN GARCÍA ICAZBALCETA,MATUTINO,2024-2025 | 2025-2026,19.8974,1.0256,37.4359,30.7692,30.2564,19.8603,206.0,35.3846,206,09DPR2491F,JOAQUIN GARCÍA ICAZBALCETA,-99.131325,19.42763056,CUAUHTÉMOC,Primaria,98.9744
09DPR1422C,PROFR. JUAN B. SALAZAR,MATUTINO,2024-2025 | 2025-2026,19.8496,23.6842,31.5789,13.9098,30.0752,,,21.8045,273,09DPR1422C,PROFR. JUAN B. SALAZAR,-99.15458333,19.51784167,GUSTAVO A. MADERO,Primaria,76.3158
09DPR2620J,MARIA LUISA ROSS,MATUTINO,2025-2026,19.8347,0.0,40.4959,18.595,40.0826,19.9052,249.0,30.5785,249,09DPR2620J,MARIA LUISA ROSS,-99.22988333,19.37256944,ÁLVARO OBREGÓN,Primaria,100.0
09DPR1249L,PROFRA. MA. LUISA CALDERON PONCE,MATUTINO,2025-2026,19.8291,0.0,35.0427,23.9316,40.1709,18.2469,229.0,26.4957,229,09DPR1249L,PROFRA. MA. LUISA CALDERON PONCE,-99.13566944,19.36125,IZTAPALAPA,Primaria,100.0
09DPR1828T,JOSÉ LUIS VIEYRA GONZÁLEZ,VESPERTINO,2024-2025 | 2025-2026,19.8077,19.2308,30.7692,29.8077,19.2308,18.2365,101.0,25.0,101,09DPR1827U,JOSÉ LUIS VIEYRA GONZÁLEZ,-99.29626667,19.35344722,CUAJIMALPA DE MORELOS,Primaria,80.7692
09DPR2457Z,PROFR. MANUEL S. HIDALGO,MATUTINO,2024-2025 | 2025-2026,19.8,21.3333,31.0,21.0,25.6667,,,18.6667,318,09DBS0001J,PROFR. MANUEL S HIDALGO,-99.19232222,19.50975278,AZCAPOTZALCO,Adultos - Secundaria,78.66669999999999
09DPR1787J,ERMILO ABREU GÓMEZ,MATUTINO,2024-2025 | 2025-2026,19.7949,2.0513,37.4359,23.0769,36.4103,,,30.7692,293,09DES0143E,ERMILO ABREU GÓMEZ,-99.20785833,19.48997778,AZCAPOTZALCO,Secundaria,97.9487
09DPR2221M,ZIMBABWE,MATUTINO,2024-2025 | 2025-2026,19.7826,0.0,29.7826,31.7391,37.3913,18.1823,461.0,25.0,461,09DPR2221M,ZIMBABWE,-99.19486944,19.37023056,ÁLVARO OBREGÓN,Primaria,100.0
09DPR2882U,PRESIDENTES DE MÉXICO,MATUTINO,2024-2025 | 2025-2026,19.7692,23.0769,34.2308,16.5385,25.0,,,24.2308,234,09DES0310L,PRESIDENTES DE MÉXICO,-99.05430556,19.33147778,IZTAPALAPA,Secundaria,76.9231
09DPR2729Z,PROFR. SAMUEL DELGADO I. MOYA,MATUTINO,2025-2026,19.7551,5.3061,48.5714,11.8367,33.0612,19.2419,327.0,29.3878,327,09DPR2726C,PROFR. SAMUEL DELGADO I. MOYA,-99.16319167,19.32963056,COYOACÁN,Primaria,94.6939
09DPR3029N,FRANCISCO J. MUJICA,MATUTINO,2024-2025 | 2025-2026,19.7546,28.2209,23.9264,20.8589,25.7669,20.1397,136.0,22.6994,136,09DPR3029N,FRANCISCO J. MUJICA,-99.20464167,19.49749722,AZCAPOTZALCO,Primaria,71.7791
09DPR1591Y,PROFR. LUIS DE LA BRENA,MATUTINO,2024-2025 | 2025-2026,19.7101,23.1884,39.1304,10.1449,26.087,20.0564,93.0,21.7391,93,09DJN0202U,PROFR. LUIS DE LA BRENA,-99.08160278,19.49509722,GUSTAVO A. MADERO,Preescolar,76.8116
09DPR4216O,LAZARO PAVIA,MATUTINO,2024-2025 | 2025-2026,19.697,1.5152,43.6364,17.5758,35.7576,18.4603,361.0,26.9697,361,09DPR4235C,LAZARO PAVIA,-99.22320556,19.29829722,TLALPAN,Primaria,98.4848
09DPR1123E,MANUEL ACUÑA,VESPERTINO,2024-2025 | 2025-2026,19.6954,15.736,43.401,13.198,26.1421,,,22.5888,335,09DES0306Z,MANUEL ACUÑA,-99.02557778,19.33202778,IZTAPALAPA,Secundaria,84.264
09DPR2270V,REPÚBLICA DE MALI,MATUTINO,2024-2025 | 2025-2026,19.6947,1.5267,29.771,24.4275,42.7481,20.6266,237.0,24.4275,237,09DPR2270V,REPÚBLICA DE MALI,-99.12838889,19.36,IZTAPALAPA,Primaria,98.4733
09DPR1770J,ETIOPIA,VESPERTINO,2025-2026,19.6721,0.0,49.1803,11.4754,37.7049,19.5467,92.0,32.7869,92,09DPR1769U,ETIOPIA,-99.19525,19.39195833,ÁLVARO OBREGÓN,Primaria,100.0
09DPR0855J,LIC. ALVARO GALVEZ Y FUENTES,MATUTINO,2025-2026,19.6694,0.4132,44.2149,16.1157,37.6033,19.0845,261.0,26.0331,261,09DJN0217W,LIC. ALVARO GALVEZ Y FUENTES,-99.15388056,19.47079444,AZCAPOTZALCO,Preescolar,99.5868
09DPR2283Z,CARMEN SERDAN ALATRISTE,MATUTINO,2024-2025 | 2025-2026,19.6667,3.3333,26.6667,30.0,38.3333,18.3635,82.0,28.3333,82,09DPR2283Z,CARMEN SERDAN ALATRISTE,-99.14419167,19.35441944,COYOACÁN,Primaria,96.6667
09DPR4245J,PROVINCIA DE QUEBEC,MATUTINO,2024-2025 | 2025-2026,19.6552,0.431,36.6379,26.7241,34.4828,,,24.1379,236,09DPR5129Z,PROVINCIA DE QUEBEC,-99.22575556,19.28439167,TLALPAN,Primaria,99.569
09DPR2228F,INGENIERO JAVIER BARROS SIERRA,MATUTINO,2025-2026,19.65,0.0,45.0,15.25,38.0,18.7421,419.0,30.0,419,09DPR3172A,INGENIERO JAVIER BARROS SIERRA,-99.23829167,19.33692222,ÁLVARO OBREGÓN,Primaria,100.0
09DPR1580S,15 DE SEPTIEMBRE,MATUTINO,2024-2025 | 2025-2026,19.6491,35.0877,16.9591,29.8246,16.3743,,,24.5614,128,09DPR1580S,15 DE SEPTIEMBRE,-99.16118611,19.472825,AZCAPOTZALCO,Primaria,64.9123
09DPR4212S,ESTADO DE AGUASCALIENTES,VESPERTINO,2024-2025 | 2025-2026,19.6262,0.0,50.4673,13.0841,34.5794,18.9753,128.0,32.7103,128,09DPR4200N,ESTADO DE AGUASCALIENTES,-99.22935,19.38458611,ÁLVARO OBREGÓN,Primaria,100.0
09DPR0138Z,PROFR. FERNANDO BROM ROJAS,MATUTINO,2025-2026,19.6198,0.3802,31.9392,36.8821,28.8973,18.0758,295.0,28.1369,295,09DPR0138Z,PROFR. FERNANDO BROM ROJAS,-99.12405278,19.31715,COYOACÁN,Primaria,99.6198
09DPR3120V,ANTON SEMIONOVICH MAKARENKO,MATUTINO,2024-2025 | 2025-2026,19.5973,0.6711,54.3624,9.396,33.557,,,26.1745,170,09DPR3120V,ANTON SEMIONOVICH MAKARENKO,-99.10689722,19.31756111,COYOACÁN,Primaria,99.3289
09DPR2233R,MAURITANIA,MATUTINO,2024-2025 | 2025-2026,19.5808,3.8224,42.1702,23.1813,28.73,18.3553,835.0,29.5931,835,09DPR2233R,MAURITANIA,-99.14203889,19.19623889,TLALPAN,Primaria,96.1776
09DPR2296C,FORD 20,VESPERTINO,2024-2025 | 2025-2026,19.5789,1.0526,45.2632,25.2632,26.3158,,,27.3684,117,09DPR2296C,FORD 20,-99.23266111,19.34686944,ÁLVARO OBREGÓN,Primaria,98.9474
09DPR1019T,MONTES AZULES,MATUTINO,2025-2026,19.5489,1.5038,38.3459,21.8045,36.0902,18.9929,183.0,27.8195,183,09DPR1019T,MONTES AZULES,-99.14822222,19.39292778,BENITO JUÁREZ,Primaria,98.4962
09DPR3093O,DR. ROBERTO SOLIS QUIROGA,MATUTINO,2024-2025 | 2025-2026,19.5333,7.6667,38.6667,18.0,33.3333,18.7097,639.0,25.1667,639,09DML0138I,DR. ROBERTO SOLIS QUIROGA,-99.02457222,19.38313611,IZTAPALAPA,Especial - CAM,92.3333
09DPR0037B,CESAR VALLEJO,MATUTINO,2025-2026,19.5,1.0,29.5,43.5,23.5,18.5287,217.0,34.5,217,09DPR0037B,CESAR VALLEJO,-99.09648333,19.35230278,IZTAPALAPA,Primaria,99.0
09DPR1241T,PRESIDENTE MIGUEL ALEMAN,MATUTINO,2024-2025 | 2025-2026,19.4737,10.5263,34.2105,15.7895,36.8421,21.4667,128.0,27.6316,128,09DPR1063G,PRESIDENTE MIGUEL ALEMAN,-99.07162778,19.42785,VENUSTIANO CARRANZA,Primaria,89.4737
09DPR1861A,MANUEL CERVANTES IMAZ,MATUTINO,2024-2025 | 2025-2026,19.4667,22.0,30.6667,18.6667,26.0,21.0226,333.0,21.0,333,09DJN0548M,MANUEL CERVANTES IMAZ,-99.25726111,19.32861944,ÁLVARO OBREGÓN,Preescolar,78.0
09DPR2832M,PROFR. JORGE CASAHONDA CASTILLO,VESPERTINO,2024-2025 | 2025-2026,19.4595,21.6216,28.3784,27.027,20.2703,,,23.6486,133,09DBA0178Y,PROFR. JORGE CASAHONDA CASTILLO,-99.12915833,19.44875278,CUAUHTÉMOC,Adultos - Primaria,78.3784
09DPR1656R,PROFR. LEOPOLDO KIEL,MATUTINO,2024-2025 | 2025-2026,19.449,23.9669,26.4463,18.7328,28.0992,,,21.2121,278,09DPR1656R,PROFR. LEOPOLDO KIEL,-99.19596944,19.47441389,AZCAPOTZALCO,Primaria,76.0331
09DPR2546S,MTRA. GABRIELA MISTRAL,MATUTINO,2024-2025 | 2025-2026,19.3976,0.0,43.6747,10.241,43.0723,18.4726,357.0,25.0,357,09DPR2546S,MTRA. GABRIELA MISTRAL,-99.16108611,19.31356667,COYOACÁN,Primaria,100.0
09DPR4200N,ESTADO DE AGUASCALIENTES,MATUTINO,2024-2025 | 2025-2026,19.3878,0.5102,34.6939,27.0408,34.6939,,,27.0408,193,09DPR4200N,ESTADO DE AGUASCALIENTES,-99.22935,19.38458611,ÁLVARO OBREGÓN,Primaria,99.4898
09DPR1617P,AMERICA LATINA,MATUTINO,2024-2025 | 2025-2026,19.3548,19.8925,23.1183,25.2688,28.4946,,,22.5806,163,09DJN0999P,AMERICA LATINA,-99.07977222,19.39211111,IZTACALCO,Preescolar,80.1075
09DPR2973L,PROFR. PABLO DE LA LLAVE,MATUTINO,2024-2025 | 2025-2026,19.3396,0.9434,46.6981,16.5094,32.5472,18.8072,263.0,29.717,263,09DPR2973L,PROFR. PABLO DE LA LLAVE,-99.12391389,19.33653611,COYOACÁN,Primaria,99.0566
09DPR2355B,ESTADO DE QUINTANA ROO,MATUTINO,2024-2025 | 2025-2026,19.3388,0.0,28.0992,35.9504,32.6446,19.2366,312.0,28.0992,312,09DES0151N,ESTADO DE QUINTANA ROO,-99.18628611,19.23418056,TLALPAN,Secundaria,100.0
09DPR1757P,CIRILO CELIS PASTRANA,VESPERTINO,2024-2025 | 2025-2026,19.292,0.0,46.0177,19.469,30.9735,18.7378,138.0,26.5487,138,09DPR1757P,CIRILO CELIS PASTRANA,-99.19280278,19.39504167,ÁLVARO OBREGÓN,Primaria,100.0
09DPR1219R,REPÚBLICA DE TUNEZ,MATUTINO,2024-2025 | 2025-2026,19.2727,0.3636,45.4545,10.1818,40.3636,18.3967,286.0,25.0909,286,09DPR1219R,REPÚBLICA DE TUNEZ,-99.15168611,19.37561944,BENITO JUÁREZ,Primaria,99.6364
09DPR0959E,PROFR. GONZALO PEÑA TRONCOSO,VESPERTINO,2024-2025 | 2025-2026,19.2701,0.0,35.0365,41.6058,19.708,18.3973,134.0,35.0365,134,09DPR0961T,PROFR. GONZALO PEÑA TRONCOSO,-99.07615556,19.41346389,VENUSTIANO CARRANZA,Primaria,100.0
09DPR2166J,QUETZALCOATL,VESPERTINO,2024-2025 | 2025-2026,19.2593,25.9259,37.037,14.8148,18.5185,,,20.9877,73,09DPR5119T,QUETZALCOATL,-99.30938056,19.3535,CUAJIMALPA DE MORELOS,Primaria,74.0741
09DPR1432J,MTRA. GUADALUPE NUÑEZ Y PARRA,MATUTINO,2024-2025 | 2025-2026,19.2466,41.4384,17.2945,22.4315,15.0685,20.23,427.0,20.0342,427,09DPR1432J,MTRA. GUADALUPE NUÑEZ Y PARRA,-99.11930833,19.48255833,GUSTAVO A. MADERO,Primaria,58.5616
09DPR0131G,EFRAIN HUERTA,MATUTINO,2025-2026,19.2352,0.956,49.7132,11.8547,33.652,18.5723,541.0,27.1511,541,09DPR4019N,EFRAIN HUERTA,-99.25931111,19.32503333,ÁLVARO OBREGÓN,Primaria,99.044
09DPR5028B,PROFRA. AURORA LÓPEZ VELARDE BERUMEN,VESPERTINO,2024-2025 | 2025-2026,19.1837,4.0816,34.6939,20.4082,36.7347,18.5564,66.0,30.6122,66,09DPR0129S,PROFRA. AURORA LÓPEZ VELARDE BERUMEN,-99.10390833,19.29467222,TLALPAN,Primaria,95.9184
09DPR1587L,GENERAL FELIPE ANGELES RAMIREZ,MATUTINO,2024-2025 | 2025-2026,19.1736,30.5785,22.314,19.5592,23.416,,,19.0083,283,09DPR1587L,GENERAL FELIPE ANGELES RAMIREZ,-99.15988056,19.47688611,AZCAPOTZALCO,Primaria,69.42150000000001
09DPR2145X,JUAN AMOS COMENIO,MATUTINO,2025-2026,19.1367,0.0,30.9353,31.6547,33.0935,19.067,155.0,30.9353,155,09DJN0043W,JUAN AMOS COMENIO,-99.09963333,19.501325,GUSTAVO A. MADERO,Preescolar,100.0
09DPR1969S,ESTATUTO JURIDICO,MATUTINO,2024-2025 | 2025-2026,19.134,1.2371,35.6701,16.2887,42.4742,19.0369,580.0,24.3299,580,09DJN0556V,ESTATUTO JURIDICO,-99.14496111,19.33372222,COYOACÁN,Preescolar,98.7629
09DPR2285X,REPÚBLICA DE SENEGAL,MATUTINO,2024-2025 | 2025-2026,19.1321,0.1972,41.6174,13.4122,40.4339,18.6395,518.0,24.2604,518,09DPR2285X,REPÚBLICA DE SENEGAL,-99.18460833,19.30505833,COYOACÁN,Primaria,99.8028
09DPR2816V,ESTADO DE QUERETARO,MATUTINO,2024-2025 | 2025-2026,19.1189,0.4405,49.3392,10.5727,35.2423,19.1171,471.0,25.1101,471,09DPR2816V,ESTADO DE QUERETARO,-99.17845833,19.28064444,TLALPAN,Primaria,99.5595
09DPR2181B,JAPÓN,VESPERTINO,2024-2025 | 2025-2026,19.0991,27.027,32.4324,16.2162,19.8198,,,22.973,194,09DJN0207P,JAPON,-99.10925278,19.48650556,GUSTAVO A. MADERO,Preescolar,72.973
09DPR1145Q,DR. MARIANO AZUELA,MATUTINO,2025-2026,19.0939,6.1489,30.4207,24.5955,34.3042,18.6665,309.0,21.3592,309,09DJN0268C,DR. MARIANO AZUELA,-99.09282778,19.50269167,GUSTAVO A. MADERO,Preescolar,93.8511
09DPR3203D,DRA MARIA DEL CARMEN MILLAN,MATUTINO,2024-2025 | 2025-2026,19.0756,0.4202,36.5546,15.5462,42.8571,18.6751,312.0,21.4286,312,09DPR3203D,DRA MARIA DEL CARMEN MILLAN,-99.11740278,19.29825556,TLALPAN,Primaria,99.5798
09DPR1546L,MTRO. MIGUEL LANZ DURET,MATUTINO,2024-2025 | 2025-2026,19.0643,38.0117,18.1287,26.3158,12.8655,18.6421,154.0,23.9766,154,09DPR1546L,MTRO. MIGUEL LANZ DURET,-99.10566111,19.46603611,GUSTAVO A. MADERO,Primaria,61.9883
09DPR1829S,JOSÉ DE JESUS IBARRA Y ROBLES,MATUTINO,2025-2026,19.0217,0.0,51.087,11.9565,32.0652,18.2166,254.0,29.8913,254,09DPR1829S,JOSÉ DE JESUS IBARRA Y ROBLES,-99.21278611,19.39196389,ÁLVARO OBREGÓN,Primaria,100.0
09DPR3145D,PROFR. ABEL ORTEGA FLORES,MATUTINO,2024-2025 | 2025-2026,18.972,0.9346,40.6542,24.2991,28.972,,,26.6355,245,09DPR3145D,PROFR. ABEL ORTEGA FLORES,-99.16454167,19.263725,TLALPAN,Primaria,99.0654
09DPR1590Z,REPÚBLICA DE FRANCIA,MATUTINO,2024-2025 | 2025-2026,18.9706,36.0294,18.3824,25.7353,14.7059,18.487,112.0,20.5882,112,09DPR1590Z,REPÚBLICA DE FRANCIA,-99.15823611,19.47,AZCAPOTZALCO,Primaria,63.9706
09DPR0129S,PROFRA. AURORA LÓPEZ VELARDE BERUMEN,MATUTINO,2024-2025 | 2025-2026,18.9529,0.5236,24.6073,34.555,35.0785,,,25.6545,266,09DPR0129S,PROFRA. AURORA LÓPEZ VELARDE BERUMEN,-99.10390833,19.29467222,TLALPAN,Primaria,99.4764
09DPR1610W,EL MAESTRO MEXICANO,MATUTINO,2024-2025 | 2025-2026,18.8732,40.8451,14.7887,23.2394,15.493,,,19.0141,125,09DPR1610W,EL MAESTRO MEXICANO,-99.19786111,19.47331667,AZCAPOTZALCO,Primaria,59.1549
09DPR1547K,MTRO. MIGUEL LANZ DURET,VESPERTINO,2024-2025 | 2025-2026,18.8406,28.9855,23.1884,21.7391,20.2899,,,28.9855,72,09DPR1546L,MTRO. MIGUEL LANZ DURET,-99.10566111,19.46603611,GUSTAVO A. MADERO,Primaria,71.0145
09DPR1679B,REPÚBLICA DE INDONESIA,MATUTINO,2024-2025 | 2025-2026,18.8333,0.0,45.0,26.6667,22.5,21.7317,157.0,26.6667,157,09DPR1837A,REPÚBLICA DE INDONESIA,-99.07872222,19.32662222,IZTAPALAPA,Primaria,100.0
09DPR1850V,CLUB DE LEONES NUMERO 4,MATUTINO,2025-2026,18.8283,0.0,33.5354,21.2121,39.3939,19.3176,487.0,25.8586,487,09DPR1850V,CLUB DE LEONES NUMERO 4,-99.20187222,19.370925,ÁLVARO OBREGÓN,Primaria,100.0
09DPR5140W,GUSTAVO BAZ PRADA,VESPERTINO,2024-2025 | 2025-2026,18.7665,2.2026,37.0044,17.6211,37.0044,,,25.9912,319,09DPR0046J,GUSTAVO BAZ PRADA,-99.23010556,19.27267222,TLALPAN,Primaria,97.7974
09DPR1562C,CLUB DE LEONES NUM. 1,MATUTINO,2024-2025 | 2025-2026,18.7432,40.4372,15.3005,24.0437,13.9344,,,19.3989,273,09DPR1562C,CLUB DE LEONES NUM. 1,-99.14836944,19.46431944,AZCAPOTZALCO,Primaria,59.5628
09DPR2338L,LIC. MIGUEL SERRANO,VESPERTINO,2024-2025 | 2025-2026,18.7429,0.5714,32.5714,27.4286,33.1429,18.4,112.0,29.7143,112,09DPR2338L,LIC. MIGUEL SERRANO,-99.1342,19.43676944,CUAUHTÉMOC,Primaria,99.4286
09DPR1405M,CLUB DE LEONES DE LA VILLA NUM. 3,MATUTINO,2024-2025 | 2025-2026,18.7368,43.1579,12.6316,20.5263,17.3684,,,17.8947,177,09DPR1405M,CLUB DE LEONES DE LA VILLA NUM. 3,-99.08953056,19.47305556,GUSTAVO A. MADERO,Primaria,56.8421
09DPR3273Z,AMALIA GONZÁLEZ CABALLERO,MATUTINO,2024-2025 | 2025-2026,18.6992,35.6098,12.5203,29.1057,16.2602,,,20.1626,450,09DPR3273Z,AMALIA GONZÁLEZ CABALLERO,-99.20179167,19.51085556,AZCAPOTZALCO,Primaria,64.3902
09DPR0033F,JOSÉ INES NOVELO,MATUTINO,2024-2025 | 2025-2026,18.5641,0.5128,39.7436,18.7179,33.8462,,,27.4359,380,09DPR0033F,JOSÉ INES NOVELO,-99.23259444,19.36831667,ÁLVARO OBREGÓN,Primaria,99.4872
09DPR2765E,ROSARIO MA. GUTIERREZ ESKILDSEN,MATUTINO,2024-2025 | 2025-2026,18.5515,1.3928,44.2897,14.2061,32.8691,19.585,411.0,27.5766,411,09DPR2765E,ROSARIO MA. GUTIERREZ ESKILDSEN,-99.08135278,19.34660278,IZTAPALAPA,Primaria,98.6072
09DPR2918S,PROFR. ANTONIO AUDIRAC Y ALFONSIN,MATUTINO,2024-2025 | 2025-2026,18.5022,1.3216,33.4802,20.7048,37.0044,19.1484,330.0,24.6696,330,09DPR2918S,PROFR. ANTONIO AUDIRAC Y ALFONSIN,-99.06021111,19.33246111,IZTAPALAPA,Primaria,98.6784
09DPR3005D,TORIBIO VELASCO FRIAS,VESPERTINO,2024-2025 | 2025-2026,18.4828,0.6897,35.1724,21.3793,35.1724,19.3458,181.0,31.0345,181,09DPR3073A,TORIBIO VELASCO FRIAS,-99.22943333,19.357275,ÁLVARO OBREGÓN,Primaria,99.3103
09DPR2226H,MIGUEL ANGEL DE QUEVEDO,MATUTINO,2024-2025 | 2025-2026,18.4043,0.0,46.2766,19.6809,26.0638,17.5692,203.0,28.1915,203,09DPR2226H,MIGUEL ANGEL DE QUEVEDO,-99.23725833,19.37846944,ÁLVARO OBREGÓN,Primaria,100.0
09DPR3139T,ROBERTO OWEN,MATUTINO,2024-2025 | 2025-2026,18.4,40.8889,17.3333,22.2222,11.5556,18.8564,175.0,19.5556,175,09DPR3139T,ROBERTO OWEN,-99.19955,19.49070833,AZCAPOTZALCO,Primaria,59.1111
09DPR1278G,JONAS EDWARD SALK,MATUTINO,2024-2025 | 2025-2026,18.247,3.1873,37.0518,12.3506,38.6454,19.3338,302.0,22.7092,302,09DPR1278G,JONAS EDWARD SALK,-99.14107778,19.38463889,BENITO JUÁREZ,Primaria,96.8127
09DPR1576F,VASCO DE QUIROGA,VESPERTINO,2024-2025 | 2025-2026,18.2456,0.0,52.6316,15.7895,22.807,17.9581,155.0,28.9474,155,09DPR1785L,VASCO DE QUIROGA,-99.23967778,19.38282222,ÁLVARO OBREGÓN,Primaria,100.0
09DPR2119Z,PROFR. LUIS GUEVARA RAMÍREZ,VESPERTINO,2025-2026,18.1818,0.0,50.0,15.1515,25.7576,18.0111,168.0,21.2121,168,09DPR2426F,PROFR. LUIS GUEVARA RAMÍREZ,-99.07421111,19.33083889,IZTAPALAPA,Primaria,100.0
09DPR1227Z,GRAL. RAMON CORONA,MATUTINO,2025-2026,18.1679,0.0,34.3511,13.7405,42.7481,19.0388,153.0,25.1908,153,09DPR1227Z,GRAL. RAMON CORONA,-99.13218611,19.37694444,IZTAPALAPA,Primaria,100.0
09DPR1200T,PEDRO SAINZ DE BARANDA,MATUTINO,2025-2026,18.0952,0.0,45.7143,11.9048,32.8571,19.4041,233.0,27.619,233,09DPR1200T,PEDRO SAINZ DE BARANDA,-99.14626944,19.41511389,CUAUHTÉMOC,Primaria,100.0
09DPR3144E,VALENTÍN VAZQUEZ NAVA,VESPERTINO,2025-2026,18.0198,0.0,46.5347,8.9109,34.6535,18.7947,153.0,28.7129,153,09DPR3195L,VALENTÍN VAZQUEZ NAVA,-99.21365,19.37811389,ÁLVARO OBREGÓN,Primaria,100.0
09DPR1545M,GRAL. MIGUEL NEGRETE,VESPERTINO,2024-2025 | 2025-2026,18.0,25.5556,25.0,21.1111,18.3333,,,17.7778,165,09DPR1544N,GRAL. MIGUEL NEGRETE,-99.08605278,19.50009167,GUSTAVO A. MADERO,Primaria,74.4444
09DPR1665Z,MAESTRO JOSÉ VASCONCELOS,MATUTINO,2024-2025 | 2025-2026,17.9675,26.4228,14.6341,29.6748,19.1057,,,19.1057,208,09DPR1667X,MAESTRO JOSÉ VASCONCELOS,-99.163475,19.46186389,AZCAPOTZALCO,Primaria,73.5772
09DPR1486N,EJIDO DE ZACATENCO,MATUTINO,2024-2025 | 2025-2026,17.9641,39.1218,15.5689,23.9521,11.1776,18.122,375.0,16.9661,375,09DPR1486N,EJIDO DE ZACATENCO,-99.12045278,19.50247778,GUSTAVO A. MADERO,Primaria,60.8782
09DPR2527D,LIC. FELIPE RIVERA,MATUTINO,2025-2026,17.9245,0.0,24.5283,42.4528,22.6415,19.1902,101.0,28.3019,101,09DPR0867O,LIC. FELIPE RIVERA,-99.14866111,19.40713333,CUAUHTÉMOC,Primaria,100.0
09DPR2008U,MARTINA ISLAS,VESPERTINO,2024-2025 | 2025-2026,17.9,2.5,33.0,27.0,27.0,,,25.5,202,09DPR2008U,MARTINA ISLAS,-99.16790833,19.26588333,TLALPAN,Primaria,97.5
09DPR0032G,CAJEME,VESPERTINO,2024-2025 | 2025-2026,17.8462,0.0,37.9487,23.5897,27.6923,18.68,226.0,25.1282,226,09DPR0032G,CAJEME,-99.17125,19.25080556,TLALPAN,Primaria,100.0
09DPR1204P,PROFR. GRACIANO SÁNCHEZ,MATUTINO,2025-2026,17.8182,0.0,43.0303,9.3939,36.6667,19.0848,372.0,26.0606,372,09DPR1204P,PROFR. GRACIANO SÁNCHEZ,-99.10735833,19.33259444,IZTAPALAPA,Primaria,100.0
09DPR5073O,JUAN RULFO,VESPERTINO,2024-2025 | 2025-2026,17.7895,0.0,44.7368,23.1579,21.0526,18.508,221.0,28.9474,221,09DPR5073O,JUAN RULFO,-99.03578333,19.36853333,IZTAPALAPA,Primaria,100.0
09DPR2088W,DR. MANUEL GAMIO,MATUTINO,2024-2025 | 2025-2026,17.7593,0.4149,23.6515,41.0788,23.6515,18.5926,301.0,31.1203,301,09DPR2088W,DR. MANUEL GAMIO,-99.0111,19.36227778,IZTAPALAPA,Primaria,99.5851
09DPR0130H,PROFRA. VIRGINIA RIVERA LOZANO,VESPERTINO,2025-2026,17.6923,0.0,42.3077,14.1026,32.0513,19.2145,110.0,26.9231,110,09DPR0130H,PROFRA. VIRGINIA RIVERA LOZANO,-99.21444444,19.35409722,ÁLVARO OBREGÓN,Primaria,100.0
09DPR2672P,JESUS CARLOS ROMERO VILLA,VESPERTINO,2024-2025 | 2025-2026,17.6042,34.375,18.75,21.3542,13.5417,,,17.1875,157,09DPR1347M,JESUS CARLOS ROMERO VILLA,-99.12488056,19.50883056,GUSTAVO A. MADERO,Primaria,65.625
09DPR2120O,PROFR. ERASTO VALLE ALCARAZ,VESPERTINO,2025-2026,17.5573,0.0,45.0382,16.0305,26.7176,21.6213,158.0,27.4809,158,09DPR1868U,PROFR. ERASTO VALLE ALCARAZ,-99.21051944,19.38044167,ÁLVARO OBREGÓN,Primaria,100.0
09DPR5088Q,JOSÉ GOROSTIZA,MATUTINO,2025-2026,17.5362,0.0,26.087,27.5362,34.058,18.3743,139.0,23.913,139,09DPR5088Q,JOSÉ GOROSTIZA,-99.14388333,19.44749167,CUAUHTÉMOC,Primaria,100.0
09DPR4198P,CARLOS PELLICER,MATUTINO,2024-2025 | 2025-2026,17.513,0.0,35.7513,27.7202,24.0933,18.81,384.0,28.2383,384,09DES0190P,CARLOS PELLICER,-99.15274444,19.33871111,COYOACÁN,Secundaria,100.0
09DPR1230N,PEDRO ROMERO DE TERREROS,MATUTINO,2024-2025 | 2025-2026,17.4319,0.3891,29.572,24.1245,33.0739,18.3395,306.0,23.7354,306,09DPR1048O,PEDRO ROMERO DE TERREROS,-99.06292778,19.41101389,IZTACALCO,Primaria,99.6109
09DPR2174S,GRAL. VICENTE GUERRERO,VESPERTINO,2024-2025 | 2025-2026,17.3494,3.6145,34.9398,25.3012,22.8916,,,30.1205,76,09DPR2174S,GRAL. VICENTE GUERRERO,-99.10500833,19.49071944,GUSTAVO A. MADERO,Primaria,96.3855
09DPR0844D,CORONEL ADALBERTO TEJEDA,MATUTINO,2024-2025 | 2025-2026,17.2778,42.2222,13.8889,19.1667,11.1111,,,16.9444,283,09DPR0844D,CORONEL ADALBERTO TEJEDA,-99.16504722,19.52798611,GUSTAVO A. MADERO,Primaria,57.7778
09DPR2630Q,CENTENARIO DE JUÁREZ,MATUTINO,2025-2026,17.2563,1.8051,33.574,16.6065,34.296,19.2844,318.0,24.9097,318,09DPR2630Q,CENTENARIO DE JUÁREZ,-99.14657222,19.32496389,COYOACÁN,Primaria,98.1949
09DPR4154S,XOCHICALCO,VESPERTINO,2024-2025 | 2025-2026,17.2093,2.3256,39.5349,6.9767,37.2093,19.3937,218.0,24.8062,218,09DPR2685T,XOCHICALCO,-99.10164722,19.34538333,IZTAPALAPA,Primaria,97.6744
09DPR1579C,VIDAL RIVERO,MATUTINO,2024-2025 | 2025-2026,17.1233,28.0822,12.3288,28.0822,17.1233,,,21.9178,99,09DPR1579C,VIDAL RIVERO,-99.15406667,19.46720556,AZCAPOTZALCO,Primaria,71.9178
09DPR2010I,MIGUEL RAMIREZ CASTAÑEDA,MATUTINO,2025-2026,17.0732,0.0,44.878,18.5366,21.9512,18.0482,307.0,23.4146,307,09DPR2010I,MIGUEL RAMÍREZ CASTAÑEDA,-99.18114167,19.28847222,TLALPAN,Primaria,100.0
09DPR5044T,RUFINO TAMAYO,VESPERTINO,2024-2025 | 2025-2026,17.0732,0.6098,30.7927,19.5122,34.4512,24.3473,405.0,29.878,405,09DPR5038I,RUFINO TAMAYO,-99.00551389,19.37272222,IZTAPALAPA,Primaria,99.3902
09DPR0025X,NUEVA CREACION,MATUTINO,2025-2026,17.0588,0.0,44.7059,17.0588,23.5294,17.9214,174.0,24.7059,174,09DPR0025X,NUEVA CREACION,-99.18145516,19.21404722,TLALPAN,Primaria,100.0
09DPR2291H,PROFR. PONCIANO RODRÍGUEZ,MATUTINO,2024-2025 | 2025-2026,17.0536,0.4464,37.0536,20.9821,26.7857,18.8074,229.0,26.3393,229,09DPR2291H,PROFR. PONCIANO RODRÍGUEZ,-99.16608333,19.35998333,BENITO JUÁREZ,Primaria,99.5536
09DPR1958M,LIBERAL,MATUTINO,2025-2026,16.9737,4.9342,31.5789,21.3816,26.9737,19.597,333.0,26.3158,333,09DPR1960A,LIBERAL,-99.14677778,19.32136667,COYOACÁN,Primaria,95.0658
09DPR0868N,NETZAHUALCOYOTL,VESPERTINO,2024-2025 | 2025-2026,16.9643,1.7857,43.75,10.7143,28.5714,18.9325,114.0,21.4286,114,09DJN0211B,NETZAHUALCOYOTL,-99.15440833,19.52056667,GUSTAVO A. MADERO,Preescolar,98.2143
09DPR5020J,REPÚBLICA DE FILIPINAS,MATUTINO,2025-2026,16.9478,0.0,38.1526,5.2209,41.3655,19.3598,279.0,21.6867,279,09DPR5020J,REPÚBLICA DE FILIPINAS,-99.08323889,19.33899722,IZTAPALAPA,Primaria,100.0
09DPR2014E,IGNACIO RODRÍGUEZ GALVAN,VESPERTINO,2025-2026,16.9231,0.0,29.4872,21.7949,33.3333,19.4018,100.0,26.9231,100,09DBN0069V,IGNACIO RODRIGUEZ GALVAN,-99.16508333,19.28740833,TLALPAN,Primaria,100.0
09DPR1979Z,PROFR. CARLOS HERNÁNDEZ SELVAS,VESPERTINO,2024-2025 | 2025-2026,16.6667,29.1667,27.7778,6.25,20.1389,19.5367,150.0,17.3611,150,09DPR1978Z,PROFR. CARLOS HERNÁNDEZ SELVAS,-99.15910833,19.32479167,COYOACÁN,Primaria,70.83330000000001
09DPR2196D,GRAL. PEDRO OGAZÓN,MATUTINO,2024-2025 | 2025-2026,16.6537,50.1946,3.5019,12.0623,17.5097,,,5.4475,266,09DPR2196D,GRAL. PEDRO OGAZÓN,-99.06923611,19.46715,GUSTAVO A. MADERO,Primaria,49.8054
09DPR2790D,PEDRO HENRIQUEZ UREÑA,MATUTINO,2024-2025 | 2025-2026,16.6372,0.885,42.0354,10.177,30.0885,,,24.7788,272,09DPR1233K,PEDRO HENRIQUEZ UREÑA,-99.12918889,19.39999444,IZTACALCO,Primaria,99.115
09DPR0875X,GEORGES CUISENAIRE,VESPERTINO,2024-2025 | 2025-2026,16.6129,41.129,17.7419,16.129,8.0645,,,14.5161,157,09DPR0875X,GEORGES CUISENAIRE,-99.18223056,19.497225,AZCAPOTZALCO,Primaria,58.871
09DPR1990V,ESTADO DE SAN LUIS POTOSI,VESPERTINO,2025-2026,16.4444,2.2222,33.3333,22.2222,24.4444,18.2406,76.0,20.0,76,09DPR1990V,ESTADO DE SAN LUIS POTOSI,-99.14995278,19.29799167,TLALPAN,Primaria,97.7778
09DPR1967U,DR. FRANCISCO VAZQUEZ GOMEZ,VESPERTINO,2024-2025 | 2025-2026,16.2745,4.902,37.2549,15.6863,23.5294,17.9842,136.0,25.4902,136,09DPR1836B,DR. FRANCISCO VAZQUEZ GOMEZ,-99.11655833,19.3398,COYOACÁN,Primaria,95.098
09DPR2726C,PROFR. SAMUEL DELGADO I. MOYA,VESPERTINO,2024-2025 | 2025-2026,16.2,6.0,40.0,12.0,23.0,23.2178,136.0,27.0,136,09DPR2726C,PROFR. SAMUEL DELGADO I. MOYA,-99.16319167,19.32963056,COYOACÁN,Primaria,94.0
09DPR2245W,REPÚBLICA DE TANZANIA,MATUTINO,2024-2025 | 2025-2026,16.1983,0.0,7.8512,30.9917,42.1488,19.411,318.0,18.595,318,09DPR2246V,REPÚBLICA DE TANZANIA,-99.12553056,19.37892222,IZTACALCO,Primaria,100.0
09DPR1222E,REPÚBLICA ESPAÑOLA,VESPERTINO,2025-2026,16.1644,0.0,50.6849,8.2192,21.9178,17.588,138.0,19.1781,138,09DPR1221F,REPÚBLICA ESPAÑOLA,-99.13140278,19.40094167,IZTACALCO,Primaria,100.0
09DPR1642O,POLONIA,MATUTINO,2024-2025 | 2025-2026,16.1358,21.9321,22.9765,9.6606,26.1097,,,15.1436,337,09DPR1341S,POLONIA,-99.18616389,19.46915556,AZCAPOTZALCO,Primaria,78.06790000000001
09DPR1253Y,LUIS G. MONZON,VESPERTINO,2024-2025 | 2025-2026,16.087,0.0,22.8261,31.5217,26.087,19.1229,87.0,28.2609,87,09DPR1253Y,LUIS G. MONZON,-99.06698611,19.34454722,IZTAPALAPA,Primaria,100.0
09DPR0847A,JOSÉ ARTURO PICHARDO,MATUTINO,2024-2025 | 2025-2026,16.0766,39.9522,10.2871,20.3349,9.8086,,,15.5502,285,09DPR0847A,JOSÉ ARTURO PICHARDO,-99.18842222,19.46781389,AZCAPOTZALCO,Primaria,60.0478
09DPR3102F,NARCISO BASSOLS,MATUTINO,2024-2025 | 2025-2026,16.0606,45.7071,8.3333,16.9192,9.3434,,,12.1212,263,09DPR3102F,NARCISO BASSOLS,-99.20831667,19.512075,AZCAPOTZALCO,Primaria,54.2929
09DPR1614S,ESTADO DE NUEVO LEON,MATUTINO,2024-2025 | 2025-2026,16.0399,42.9639,9.4645,16.4384,11.3325,19.9449,518.0,14.0722,518,09DPR1614S,ESTADO DE NUEVO LEON,-99.18015278,19.4669,AZCAPOTZALCO,Primaria,57.0361
09DPR2666E,FRANCISCO DEL OLMO,VESPERTINO,2024-2025 | 2025-2026,16.0305,30.5344,20.6107,12.2137,16.7939,,,13.7405,314,09DPR2078P,FRANCISCO DEL OLMO,-98.99759722,19.17547778,MILPA ALTA,Primaria,69.4656
09DPR2425G,PROFR. GUILLERMO SHERWELL,MATUTINO,2024-2025 | 2025-2026,16.0234,1.7544,23.9766,25.731,28.655,,,23.9766,235,09DPR2425G,PROFR. GUILLERMO SHERWELL,-99.11624444,19.31436667,COYOACÁN,Primaria,98.2456
09DPR0128T,PROFR. AVELINO BOLAÑOS PALACIOS,MATUTINO,2025-2026,15.9223,0.9709,29.6117,23.7864,25.2427,18.5039,278.0,21.8447,278,09DPR0128T,PROFR. AVELINO BOLAÑOS PALACIOS,-99.11613611,19.32216389,COYOACÁN,Primaria,99.0291
09DPR2917T,PROFR. ANTONIO AUDIRAC Y ALFONSIN,VESPERTINO,2024-2025 | 2025-2026,15.814,2.3256,44.186,8.1395,24.4186,18.614,112.0,23.2558,112,09DPR2918S,PROFR. ANTONIO AUDIRAC Y ALFONSIN,-99.06021111,19.33246111,IZTAPALAPA,Primaria,97.6744
09DPR2637J,SEBASTIAN LERDO DE TEJADA,VESPERTINO,2024-2025 | 2025-2026,15.7812,3.9062,36.7188,13.2812,25.0,,,24.2188,174,09DPR2637J,SEBASTIAN LERDO DE TEJADA,-99.21086111,19.27647778,TLALPAN,Primaria,96.0938
09DPR2564H,PANAMERICANA,MATUTINO,2024-2025 | 2025-2026,15.7377,2.0492,31.3525,15.1639,30.123,18.4003,502.0,20.6967,502,09DPR2564H,PANAMERICANA,-99.17028889,19.30939444,COYOACÁN,Primaria,97.9508
09DPR1234J,TRABAJADORES DEL HIERRO,MATUTINO,2024-2025 | 2025-2026,15.6916,46.4853,9.7506,14.2857,7.9365,19.0414,270.0,12.4717,270,09DPR1234J,TRABAJADORES DEL HIERRO,-99.14905833,19.4792,AZCAPOTZALCO,Primaria,53.5147
09DPR5025E,PROFR. JESÚS SOTELO INCLAN,MATUTINO,2024-2025 | 2025-2026,15.4671,0.3063,34.3032,11.1792,31.5467,20.9337,650.0,19.4487,650,09DPR5025E,PROFR. JESÚS SOTELO INCLAN,-99.07413611,19.31419444,IZTAPALAPA,Primaria,99.6937
09DPR1560E,LIC. ATENEDORO MONROY,MATUTINO,2024-2025 | 2025-2026,15.4412,37.5,8.0882,22.7941,8.8235,,,11.7647,108,09DPR1560E,LIC. ATENEDORO MONROY,-99.15186111,19.47226111,AZCAPOTZALCO,Primaria,62.5
09DPR1737B,ADOLFO CIENFUEGOS Y CAMUS,MATUTINO,2025-2026,15.2688,0.0,24.7312,29.0323,22.5806,21.8067,103.0,30.1075,103,09DPR1737B,ADOLFO CIENFUEGOS Y CAMUS,-99.18414444,19.45736389,MIGUEL HIDALGO,Primaria,100.0
09DPR2923D,CUICUILCO,MATUTINO,2024-2025 | 2025-2026,15.1592,2.3885,18.3121,13.8535,41.242,18.7252,326.0,14.8089,326,09DPR2923D,CUICUILCO,-99.17869722,19.29987222,TLALPAN,Primaria,97.6115
09DPR1760C,ISAAC OCHOTERENA,VESPERTINO,2024-2025 | 2025-2026,15.0562,2.2472,30.3371,24.7191,17.9775,,,19.1011,189,09DPR1760C,ISAAC OCHOTERENA,-99.16700833,19.27355278,TLALPAN,Primaria,97.7528
09DPR2949L,MARGARITA MAZA DE JUÁREZ,VESPERTINO,2025-2026,14.902,0.0,43.1373,6.8627,24.5098,18.0469,171.0,19.6078,171,09DES4099I,MARGARITA MAZA DE JUÁREZ,-99.078625,19.49635278,GUSTAVO A. MADERO,Secundaria,100.0
09DPR5102T,ROSA MEXICANO,MATUTINO,2024-2025 | 2025-2026,14.8387,2.1505,30.6452,17.2043,24.1935,18.9221,197.0,21.5054,197,09DPR5102T,ROSA MEXICANO,-99.20056389,19.38599722,ÁLVARO OBREGÓN,Primaria,97.8495
09DPR1341S,POLONIA,VESPERTINO,2024-2025 | 2025-2026,14.6237,21.5054,24.7312,8.6022,18.2796,17.5246,119.0,10.7527,119,09DPR1341S,POLONIA,-99.18616389,19.46915556,AZCAPOTZALCO,Primaria,78.49459999999999
09DIX0001O,GERTRUDIS BOCANEGRA DE LAZO DE LA VEGA,MATUTINO,2025-2026,14.4828,0.0,25.8621,24.1379,22.4138,17.9049,61.0,15.5172,61,09DPR1443P,GERTRUDIS BOCANEGRA DE LAZO DE LA VEGA,-99.07343889,19.49264167,GUSTAVO A. MADERO,Primaria,100.0
09DPR1205O,PROFR. GRACIANO SÁNCHEZ,VESPERTINO,2025-2026,14.4086,1.0753,37.6344,3.2258,30.1075,18.6618,127.0,16.129,127,09DPR1204P,PROFR. GRACIANO SÁNCHEZ,-99.10735833,19.33259444,IZTAPALAPA,Primaria,98.9247
09DPR2222L,ZAMBIA,MATUTINO,2024-2025 | 2025-2026,14.4076,0.4739,26.5403,11.3744,33.6493,,,17.0616,240,09DPR2687R,ZAMBIA,-99.20903611,19.36828889,ÁLVARO OBREGÓN,Primaria,99.5261
09DPR2977H,JOSÉ REVUELTAS,MATUTINO,2024-2025 | 2025-2026,14.347,48.3005,7.6923,10.0179,5.7245,,,9.1234,352,09DPR2977H,JOSÉ REVUELTAS,-99.13151389,19.52093611,GUSTAVO A. MADERO,Primaria,51.6995
09DPR5091D,REPÚBLICA DE FILIPINAS,VESPERTINO,2024-2025 | 2025-2026,14.321,0.0,33.3333,6.1728,32.0988,18.9941,123.0,12.3457,123,09DPR5020J,REPÚBLICA DE FILIPINAS,-99.08323889,19.33899722,IZTAPALAPA,Primaria,100.0
09DPR1948F,SAUL M. CARASSO,MATUTINO,2025-2026,14.1593,0.0,30.0885,12.3894,28.3186,18.8079,121.0,16.8142,121,09DPR1948F,SAUL M. CARASSO,-99.14653333,19.34742222,COYOACÁN,Primaria,100.0
09DPR2004Y,RIO PANUCO,MATUTINO,2024-2025 | 2025-2026,14.0541,0.4505,33.3333,10.3604,26.1261,19.6304,278.0,18.018,278,09DPR2004Y,RIO PANUCO,-99.16276111,19.29523611,TLALPAN,Primaria,99.5495
09DPR2121N,HEROES DE LA NAVAL,VESPERTINO,2024-2025 | 2025-2026,13.9726,0.0,27.3973,17.8082,24.6575,19.0471,134.0,19.863,134,09DPR2121N,HEROES DE LA NAVAL,-99.20298056,19.37502222,ÁLVARO OBREGÓN,Primaria,100.0
09DPR5016X,JOSÉ MARIA TAPIA FREYDING,VESPERTINO,2024-2025 | 2025-2026,13.8614,0.9901,36.6337,30.6931,0.9901,,,13.8614,195,09DPR2117A,JOSÉ MARIA TAPIA FREYDING,-99.25462222,19.35698611,ÁLVARO OBREGÓN,Primaria,99.0099
09DPR0867O,LIC. FELIPE RIVERA,MATUTINO,2024-2025 | 2025-2026,13.0612,2.0408,29.5918,16.3265,17.3469,21.7027,107.0,20.4082,107,09DPR0867O,LIC. FELIPE RIVERA,-99.14866111,19.40713333,CUAUHTÉMOC,Primaria,97.9592
09DPR1247N,DR. MANUEL GAMIO,VESPERTINO,2025-2026,13.0556,0.0,48.6111,13.8889,2.7778,,,6.9444,105,09DPR2088W,DR. MANUEL GAMIO,-99.0111,19.36227778,IZTAPALAPA,Primaria,100.0
09DPR1290B,HÉROES DE EL CARRIZAL,MATUTINO,2024-2025 | 2025-2026,12.1127,1.4085,25.3521,14.0845,19.7183,18.1697,181.0,18.3099,181,09DPR1290B,HÉROES DE EL CARRIZAL,-99.13524722,19.39295278,BENITO JUÁREZ,Primaria,98.5915
09DPR2240A,FRANCISCO GABILONDO SOLER,VESPERTINO,2025-2026,11.6364,0.0,21.8182,16.3636,20.0,19.7333,125.0,20.9091,125,09DPR2943R,FRANCISCO GABILONDO SOLER,-99.10873611,19.38710833,IZTACALCO,Primaria,100.0
09DPR0009F,PROFR. MANUEL RAFAEL GUTIERREZ,VESPERTINO,2024-2025,11.3675,1.7094,9.4017,8.1197,37.6068,18.2313,269.0,8.9744,269,09DPR0009F,PROFR. MANUEL RAFAEL GUTIERREZ,-99.00582778,19.28943611,TLÁHUAC,Primaria,98.2906
09DPR2197C,GRAL. PEDRO OGAZÓN,VESPERTINO,2024-2025 | 2025-2026,9.7674,5.814,4.6512,16.2791,22.093,,,9.3023,98,09DPR2196D,GRAL. PEDRO OGAZÓN,-99.06923611,19.46715,GUSTAVO A. MADERO,Primaria,94.186
09DPR1217T,ING. ROBERTO GAYOL,VESPERTINO,2024-2025 | 2025-2026,9.2958,6.338,13.3803,19.7183,7.0423,17.7323,184.0,14.7887,184,09DPR1216U,ING. ROBERTO GAYOL,-99.07088333,19.31037778,IZTAPALAPA,Primaria,93.662
09DPR4153T,PROFRA. ALICIA MARTÍNEZ MONTOYA,VESPERTINO,2024-2025 | 2025-2026,9.2593,1.8519,17.5926,15.7407,11.1111,,,16.6667,155,09DPR4153T,PROFRA. ALICIA MARTÍNEZ MONTOYA,-99.02378333,19.37379444,IZTAPALAPA,Primaria,98.1481
