CVE_ESCUELA_ATENCION,NOM_ESCUELA_ATENCION,REF_TURNO_ATENCION,REF_CICLO_ESCOLAR,CLAVECCT,NOMBRE_INMUEBLE,NIVEL,alcaldia,longitud,latitud,NUM_MATRICULA_TOTAL_ESCUELA,registros_salud,prioridad_atencion,pct_incompleto,pct_no_asistio,pct_caries,casos_caries,registros_caries,pct_visual,casos_visual,registros_visual,pct_sobrepeso_obesidad,casos_sobrepeso_obesidad,registros_sobrepeso_obesidad,imc_promedio,registros_imc,pct_alertas_multiples,casos_alertas_multiples,registros_alertas_multiples,alertas_promedio,completitud,casos_completos,registros_completitud
09DPR4514N,MITLA,MATUTINO,2024-2025 | 2025-2026,09DPR4514N,MITLA,Primaria,IZTAPALAPA,-99.06536389,19.29063611,365,240,43.3333,0.4167,0,85.4167,205,240,86.25,207,240,44.5833,107,240,19.0169,236,85,204,240,2.1667,99.5833,239,240
09DPR2208S,REPÚBLICA DE ISLANDIA,MATUTINO,2024-2025 | 2025-2026,09DPR2209R,REPÚBLICA DE ISLANDIA,Primaria,VENUSTIANO CARRANZA,-99.08748056,19.44231111,141,136,43.0882,0.7353,0,74.2647,101,136,74.2647,101,136,66.1765,90,136,20.6915,118,80.1471,109,136,2.1544,99.2647,135,136
09DPR1296W,GREGORIO MARIAS,VESPERTINO,2024-2025 | 2025-2026,09DPR1295X,GREGORIO MARÍAS,Primaria,IZTAPALAPA,-99.04033611,19.34008056,174,98,43.0612,1.0204,0,83.6735,82,98,87.7551,86,98,42.8571,42,98,18.9948,96,83.6735,82,98,2.1531,98.9796,97,98
09DPR5021I,AXAYACATL,MATUTINO,2024-2025 | 2025-2026,09DPR5021I,AXAYACATL,Primaria,IZTAPALAPA,-98.99857778,19.337925,583,443,42.6637,0,0,76.7494,340,443,93.9052,416,443,42.6637,189,443,18.5227,440,82.167,364,443,2.1332,100,443,443
09DPR2377N,LORENZA ROSALES,MATUTINO,2025-2026,09DPR2377N,LORENZA ROSALES,Primaria,VENUSTIANO CARRANZA,-99.12542222,19.44951111,158,133,41.9549,0.7519,0,88.7218,118,133,81.9549,109,133,38.3459,51,133,18.7,132,81.203,108,133,2.0977,99.2481,132,133
09DPR4163Z,BENITO PÉREZ GALDOS,MATUTINO,2024-2025 | 2025-2026,09DPR4163Z,BENITO PÉREZ GALDOS,Primaria,IZTAPALAPA,-98.98928333,19.34596111,390,289,41.7993,0.346,0,76.4706,221,289,87.8893,254,289,44.2907,128,289,18.7686,283,84.083,243,289,2.09,99.654,288,289
09DPR5023G,SURINAME,MATUTINO,2024-2025 | 2025-2026,09DPR5023G,SURINAME,Primaria,IZTAPALAPA,-99.07499444,19.31462778,483,383,41.7755,0,0,80.4178,308,383,76.5013,293,383,51.9582,199,383,19.3606,381,81.7232,313,383,2.0888,100,383,383
09DPR2921F,LIC. JOSÉ MA. LAFRAGUA,MATUTINO,2024-2025 | 2025-2026,09DPR2806O,LIC. JOSÉ MA. LAFRAGUA,Primaria,IZTAPALAPA,-99.01598889,19.3567,347,210,41.7143,0.9524,0,69.5238,146,210,87.619,184,210,50.4762,106,210,19.2534,206,80,168,210,2.0857,99.0476,208,210
09DPR2845Q,ANDRÉS MOLINA ENRIQUEZ,MATUTINO,2024-2025 | 2025-2026,09DPR2845Q,ANDRÉS MOLINA ENRIQUEZ,Primaria,IZTAPALAPA,-99.02286111,19.34256111,609,476,41.6807,0.2101,0,73.3193,349,476,81.0924,386,476,53.7815,256,476,19.6099,474,78.9916,376,476,2.084,99.7899,475,476
09DPR1050C,INSURGENTE PEDRO MORENO,VESPERTINO,2024-2025 | 2025-2026,09DPR1049N,INSURGENTE PEDRO MORENO,Primaria,IZTAPALAPA,-99.05126389,19.38991944,113,73,41.6438,1.3699,0,79.4521,58,73,82.1918,60,73,45.2055,33,73,19.1324,71,79.4521,58,73,2.0822,98.6301,72,73
09DPR5022H,AXAYACATL,VESPERTINO,2024-2025 | 2025-2026,09DPR5021I,AXAYACATL,Primaria,IZTAPALAPA,-98.99857778,19.337925,377,196,41.6327,0.5102,0,86.7347,170,196,81.6327,160,196,39.2857,77,196,19.1155,194,82.6531,162,196,2.0816,99.4898,195,196
09DPR1148N,ALBERTO MASFERRER,MATUTINO,2024-2025 | 2025-2026,09DPR1148N,ALBERTO MASFERRER,Primaria,IZTAPALAPA,-99.11871944,19.36605278,241,149,41.4765,0.6711,0,59.0604,88,149,92.6174,138,149,55.0336,82,149,19.9028,144,81.2081,121,149,2.0738,99.3289,148,149
09DPR0953K,ANAHUAXOCHITL,MATUTINO,2024-2025 | 2025-2026,09DPR0953K,ANAHUAXOCHITL,Primaria,VENUSTIANO CARRANZA,-99.09513889,19.43733889,241,210,41.4286,9.0476,0,70,147,210,81.9048,172,210,46.1905,97,210,19.8048,189,77.1429,162,210,2.0714,90.9524,191,210
09DPR3298H,PROFRA. MARÍA HAZAS VARGAS,MATUTINO,2024-2025 | 2025-2026,09DPR3299G,PROFRA. MARÍA HAZAS VARGAS,Primaria,IZTAPALAPA,-98.99517778,19.34689722,359,244,41.2295,0.4098,0,79.5082,194,244,77.8689,190,244,48.3607,118,244,19.3033,241,79.0984,193,244,2.0615,99.5902,243,244
09DPR5049O,WILFRIDO MASSIEU,MATUTINO,2024-2025 | 2025-2026,09DPR2999T,WILFRIDO MASSIEU,Primaria,COYOACÁN,-99.16686111,19.33138333,491,199,41.206,1.5075,0,70.3518,140,199,82.4121,164,199,51.7588,103,199,18.9722,194,79.397,158,199,2.0603,98.4925,196,199
09DPR5046R,JESUS SOTELO INCLAN,MATUTINO,2024-2025 | 2025-2026,09PJN3286R,JESUS SOTELO INCLAN,Preescolar,XOCHIMILCO,-99.111312,19.222989,267,284,40.9155,20.0704,0,72.5352,206,284,73.2394,208,284,38.7324,110,284,18.9018,226,73.2394,208,284,2.0458,79.9296,227,284
09DPR3081J,REPÚBLICA SOCIALISTA DE VIETNAM,VESPERTINO,2024-2025 | 2025-2026,09DPR3081J,REPÚBLICA SOCIALISTA DE VIETNAM,Primaria,IZTAPALAPA,-99.01765278,19.339725,339,188,40.8511,0.5319,0,75.5319,142,188,83.5106,157,188,44.6809,84,188,19.2449,187,73.4043,138,188,2.0426,99.4681,187,188
09DPR5026D,MITLA,VESPERTINO,2024-2025 | 2025-2026,09DPR4514N,MITLA,Primaria,IZTAPALAPA,-99.06536389,19.29063611,124,69,40.5797,0,0,92.7536,64,69,73.913,51,69,36.2319,25,69,18.1328,67,79.7101,55,69,2.029,100,69,69
09DPR2764F,FRANCISCO DEL PASO Y TRONCOSO,MATUTINO,2024-2025 | 2025-2026,09DPR2764F,FRANCISCO DEL PASO Y TRONCOSO,Primaria,IZTAPALAPA,-99.07276667,19.30278333,422,253,40.5534,0.3953,0,65.2174,165,253,84.9802,215,253,52.1739,132,253,19.3841,252,79.4466,201,253,2.0277,99.6047,252,253
09DPR2933K,PROFRA. MARÍA ARIAS BERNAL,MATUTINO,2024-2025 | 2025-2026,09DPR2933K,PROFRA. MARÍA ARIAS BERNAL,Primaria,IZTAPALAPA,-99.02853333,19.36704722,443,311,40.3215,0.3215,0,66.881,208,311,84.8875,264,311,49.5177,154,311,19.214,307,77.492,241,311,2.0161,99.6785,310,311
09DPR1269Z,JUAN DE MATA RIVERA,VESPERTINO,2024-2025 | 2025-2026,09DPR1272M,JUAN DE MATA RIVERA,Primaria,IZTAPALAPA,-99.06681389,19.30647222,196,78,40.2564,3.8462,0,73.0769,57,78,80.7692,63,78,43.5897,34,78,19.2427,75,76.9231,60,78,2.0128,96.1538,75,78
09DPR1748H,AQUILES SERDAN,MATUTINO,2024-2025 | 2025-2026,09DSN0091X,AQUILES SERDÁN,Secundaria,IZTACALCO,-99.11754722,19.39253056,242,240,40.25,0.4167,0,77.0833,185,240,78.3333,188,240,45.4167,109,240,18.9836,207,78.3333,188,240,2.0125,99.5833,239,240
09DPR2659V,PROFR. ROBERTO OROPEZA NAJERA,MATUTINO,2024-2025 | 2025-2026,09DPR2659V,PROFR. ROBERTO OROPEZA NAJERA,Primaria,GUSTAVO A. MADERO,-99.06074444,19.47200556,349,218,40.1835,11.0092,0,66.5138,145,218,80.2752,175,218,43.1193,94,218,19.0974,194,70.1835,153,218,2.0092,88.9908,194,218
09DPR5035L,MIGUEL LERDO DE TEJADA,MATUTINO,2024-2025 | 2025-2026,09DPR5035L,MIGUEL LERDO DE TEJADA,Primaria,IZTAPALAPA,-99.05549444,19.37445833,478,363,40.1653,0.8264,0,71.0744,258,363,80.9917,294,363,47.9339,174,363,19.1396,359,78.2369,284,363,2.0083,99.1736,360,363
09DPR3296J,MANUEL RIVERA CAMBAS,MATUTINO,2024-2025 | 2025-2026,09DPR3297I,MANUEL RIVERA CAMBAS,Primaria,IZTAPALAPA,-99.01998611,19.3297,554,283,40,0.3534,0,75.6184,214,283,73.8516,209,283,50.1767,142,283,19.0695,282,78.4452,222,283,2,99.6466,282,283
09DPR2428D,ESTADO DE TAMAULIPAS,MATUTINO,2024-2025 | 2025-2026,09DJN1208V,ESTADO DE TAMAULIPAS,Preescolar,TLALPAN,-99.18485278,19.26017778,263,265,39.8491,0.3774,0,70.9434,188,265,83.0189,220,265,44.9057,119,265,19.0315,238,76.2264,202,265,1.9925,99.6226,264,265
09DPR4517K,UGANDA,MATUTINO,2024-2025 | 2025-2026,09DPR4517K,UGANDA,Primaria,IZTAPALAPA,-98.99111944,19.33673056,413,378,39.8413,0,0,61.6402,233,378,84.6561,320,378,52.9101,200,378,19.0536,377,75.9259,287,378,1.9921,100,378,378
09DPR2926A,RAZON Y FUERZA DE LA REVOLUCION MEXICANA,MATUTINO,2024-2025 | 2025-2026,09DPR2926A,RAZON Y FUERZA DE LA REVOLUCION MEXICANA,Primaria,IZTAPALAPA,-98.989675,19.34766389,415,366,39.8361,0,0,58.1967,213,366,90.9836,333,366,50,183,366,18.8339,363,75.1366,275,366,1.9918,100,366,366
09DPR5067D,XIUHZITZQUILI,MATUTINO,2024-2025 | 2025-2026,09DPR5068C,XIUHZITZQUILI,Primaria,IZTAPALAPA,-98.970025,19.32857778,534,442,39.7738,0.2262,0,69.0045,305,442,85.7466,379,442,43.8914,194,442,18.6739,441,74.6606,330,442,1.9887,99.7738,441,442
09DPR0836V,PROFR. ANGEL SALAS BONILLA,VESPERTINO,2024-2025 | 2025-2026,09DPR0836V,PROFR. ANGEL SALAS BONILLA,Primaria,IZTAPALAPA,-99.04865,19.34058611,119,57,39.6491,1.7544,0,84.2105,48,57,64.9123,37,57,47.3684,27,57,32.8661,56,75.4386,43,57,1.9825,98.2456,56,57
09DPR5063H,TLALOC,MATUTINO,2025-2026,09DPR5063H,TLALOC,Primaria,IZTAPALAPA,-99.05151944,19.36743889,417,213,39.6244,0,0,91.5493,195,213,59.1549,126,213,47.4178,101,213,19.3406,212,74.1784,158,213,1.9812,100,213,213
09DPR1271N,JOSÉ MARIANO JIMÉNEZ,MATUTINO,2025-2026,09DPR1273L,JOSÉ MARIANO JIMÉNEZ,Primaria,IZTAPALAPA,-99.04294167,19.34623889,394,275,39.5636,0.7273,0,65.0909,179,275,82.5455,227,275,49.4545,136,275,19.3974,268,76,209,275,1.9782,99.2727,273,275
09DPR2829Z,EJERCITO DE ORIENTE,VESPERTINO,2024-2025 | 2025-2026,09DPR2829Z,EJERCITO DE ORIENTE,Primaria,IZTAPALAPA,-99.02777778,19.36786389,153,64,39.375,0,0,71.875,46,64,87.5,56,64,37.5,24,64,18.2844,64,75,48,64,1.9688,100,64,64
09DPR3023T,PROFR. EMILIANO NEGRETE LÓPEZ,VESPERTINO,2024-2025 | 2025-2026,09DPR3023T,PROFR. EMILIANO NEGRETE LÓPEZ,Primaria,IZTAPALAPA,-99.02243611,19.34180556,231,150,39.3333,0.6667,0,68.6667,103,150,75.3333,113,150,52,78,150,19.1322,149,70.6667,106,150,1.9667,99.3333,149,150
09DPR5077K,WENCESLAO VICTORIA SOTO,MATUTINO,2024-2025 | 2025-2026,09DES0340F,WENCESLAO VICTORIA SOTO,Secundaria,GUSTAVO A. MADERO,-99.12645,19.54914167,597,600,39.3333,10,0,65.6667,394,600,84.1667,505,600,36.8333,221,600,19.4952,539,73,438,600,1.9667,90,540,600
09DPR2806O,LIC. JOSÉ MA. LAFRAGUA,VESPERTINO,2025-2026,09DPR2806O,LIC. JOSÉ MA. LAFRAGUA,Primaria,IZTAPALAPA,-99.01598889,19.3567,170,119,39.1597,2.521,0,72.2689,86,119,87.395,104,119,33.6134,40,119,18.4292,113,74.7899,89,119,1.958,97.479,116,119
09DPR1013Z,U. R. S. S.,MATUTINO,2024-2025 | 2025-2026,09DPR1013Z,U. R. S. S.,Primaria,IZTAPALAPA,-99.05733333,19.39363333,355,256,39.1406,1.5625,0,49.2188,126,256,78.9062,202,256,66.0156,169,256,21.1524,250,73.0469,187,256,1.957,98.4375,252,256
09DPR0051V,GENARO GARCÍA,MATUTINO,2024-2025 | 2025-2026,09DPR0051V,GENARO GARCÍA,Primaria,IZTAPALAPA,-99.073425,19.31105278,510,364,39.011,1.9231,0,67.3077,245,364,75.2747,274,364,50.5495,184,364,19.4451,350,71.4286,260,364,1.9505,98.0769,357,364
09DPR2531Q,ANIBAL PONCE,MATUTINO,2024-2025 | 2025-2026,09DPR2531Q,ANIBAL PONCE,Primaria,IZTAPALAPA,-99.01913611,19.336425,489,268,38.9552,0.7463,0,69.0299,185,268,78.7313,211,268,46.2687,124,268,18.9761,264,76.4925,205,268,1.9478,99.2537,266,268
09DPR2111G,JUAN RODRÍGUEZ PUEBLA,VESPERTINO,2024-2025 | 2025-2026,09DPR2111G,JUAN RODRÍGUEZ PUEBLA,Primaria,IZTAPALAPA,-99.01573333,19.37775833,208,157,38.8535,0,0,68.7898,108,157,80.8917,127,157,44.586,70,157,18.7605,157,74.5223,117,157,1.9427,100,157,157
09DPR2466G,LEANDRO VALLE,VESPERTINO,2025-2026,09DPR2466G,LEANDRO VALLE,Primaria,IZTAPALAPA,-99.07012222,19.37734722,248,150,38.8,0,0,81.3333,122,150,66.6667,100,150,46,69,150,18.7427,150,72,108,150,1.94,100,150,150
09DPR1603M,ING. GUILLERMO GONZÁLEZ CAMARENA,VESPERTINO,2024-2025,09DPR1603M,ING. GUILLERMO GONZÁLEZ CAMARENA,Primaria,AZCAPOTZALCO,-99.18090556,19.48493611,121,106,38.6792,29.2453,0,63.2075,67,106,65.0943,69,106,35.8491,38,106,19.7267,75,66.0377,70,106,1.934,70.7547,75,106
09DPR2948M,MIGUEL DE CERVANTES SAAVEDRA,MATUTINO,2024-2025 | 2025-2026,09PPR0996N,MIGUEL DE CERVANTES SAAVEDRA,Primaria,GUSTAVO A. MADERO,-99.081795,19.484407,390,284,38.662,1.4085,0,55.6338,158,284,85.5634,243,284,50.7042,144,284,26.1822,276,72.5352,206,284,1.9331,98.5915,280,284
09DPR2817U,PROFR. JOSÉ ROMERO Y FUENTES,MATUTINO,2024-2025 | 2025-2026,09DPR2643U,PROFR. JOSÉ ROMERO Y FUENTES,Primaria,IZTAPALAPA,-99.06552222,19.31951944,617,392,38.5204,4.5918,0,61.2245,240,392,79.0816,310,392,47.7041,187,392,19.044,373,71.6837,281,392,1.926,95.4082,374,392
09DPR0954J,AMERICAS UNIDAS,MATUTINO,2024-2025 | 2025-2026,09DPR0954J,AMERICAS UNIDAS,Primaria,VENUSTIANO CARRANZA,-99.096275,19.44256389,169,158,38.481,8.2278,0,56.962,90,158,86.0759,136,158,41.1392,65,158,19.5806,144,72.1519,114,158,1.9241,91.7722,145,158
09DPR5071Q,CARLOS ENRIQUE NERI GUZMÁN,VESPERTINO,2024-2025 | 2025-2026,09DPR5072P,CARLOS ENRIQUE NERI GUZMÁN,Primaria,IZTAPALAPA,-99.052025,19.37943333,266,167,38.4431,0.5988,0,73.0539,122,167,71.8563,120,167,46.7066,78,167,19.2098,164,68.8623,115,167,1.9222,99.4012,166,167
09DPR3024S,ANIBAL PONCE,VESPERTINO,2024-2025 | 2025-2026,09DPR2531Q,ANIBAL PONCE,Primaria,IZTAPALAPA,-99.01913611,19.336425,310,140,38.4286,9.2857,0,71.4286,100,140,67.1429,94,140,44.2857,62,140,19.2587,126,72.8571,102,140,1.9214,90.7143,127,140
09DPR1452X,TURQUIA,MATUTINO,2024-2025 | 2025-2026,09DPR1452X,TURQUIA,Primaria,GUSTAVO A. MADERO,-99.09619444,19.45628056,371,346,38.3237,18.2081,0,64.7399,224,346,71.9653,249,346,36.7052,127,346,21.2194,283,69.3642,240,346,1.9162,81.7919,283,346
09DPR1604L,ING. GUILLERMO GONZÁLEZ CAMARENA,MATUTINO,2024-2025,09DPR1603M,ING. GUILLERMO GONZÁLEZ CAMARENA,Primaria,AZCAPOTZALCO,-99.18090556,19.48493611,302,296,38.3108,24.6622,0,64.527,191,296,68.5811,203,296,33.7838,100,296,18.9413,223,66.8919,198,296,1.9155,75.3378,223,296
09DPR1293Z,GUSTAVO A. MADERO,MATUTINO,2024-2025 | 2025-2026,09DES0259E,GUSTAVO A. MADERO,Secundaria,GUSTAVO A. MADERO,-99.139525,19.52373611,194,152,38.2895,0,0,59.8684,91,152,84.8684,129,152,46.7105,71,152,19.155,151,74.3421,113,152,1.9145,100,152,152
09DPR1216U,ING. ROBERTO GAYOL,MATUTINO,2024-2025 | 2025-2026,09DPR1216U,ING. ROBERTO GAYOL,Primaria,IZTAPALAPA,-99.07088333,19.31037778,510,211,38.1991,1.8957,0,58.7678,124,211,82.9384,175,211,47.3934,100,211,19.0271,192,72.5118,153,211,1.91,98.1043,207,211
09DPR3074Z,LEANDRO VALLE,MATUTINO,2024-2025 | 2025-2026,09DPR2466G,LEANDRO VALLE,Primaria,IZTAPALAPA,-99.07012222,19.37734722,473,266,38.1203,1.1278,0,68.797,183,266,65.0376,173,266,55.6391,148,266,19.8878,263,70.3008,187,266,1.906,98.8722,263,266
09DPR1464B,PROFR. TEODORO MONTIEL,MATUTINO,2024-2025 | 2025-2026,09DPR1464B,PROFR. TEODORO MONTIEL,Primaria,GUSTAVO A. MADERO,-99.11545556,19.48076944,200,168,38.0952,19.0476,0,64.881,109,168,71.4286,120,168,35.119,59,168,18.8853,136,67.8571,114,168,1.9048,80.9524,136,168
09DPR1330M,CUAUHTÉMOC,VESPERTINO,2025-2026,09DES0319C,CUAUHTÉMOC,Secundaria,IZTAPALAPA,-99.06195278,19.32543056,251,156,38.0769,1.9231,0,72.4359,113,156,69.8718,109,156,46.1538,72,156,18.8874,151,69.8718,109,156,1.9038,98.0769,153,156
09DPR4182O,JULIO CORTAZAR,MATUTINO,2024-2025 | 2025-2026,09DBS0048D,JULIO CORTAZAR,Adultos - Secundaria,IZTAPALAPA,-99.03822222,19.38457778,296,187,38.0749,0,0,68.4492,128,187,77.5401,145,187,44.385,83,187,18.8471,187,73.7968,138,187,1.9037,100,187,187
09DPR3152N,ADOLFO CISNEROS CAMARA,MATUTINO,2024-2025 | 2025-2026,09DPR3152N,ADOLFO CISNEROS CAMARA,Primaria,IZTAPALAPA,-99.0708,19.37623889,326,238,38.0672,0.4202,0,61.3445,146,238,76.4706,182,238,52.1008,124,238,19.5523,237,70.1681,167,238,1.9034,99.5798,237,238
09DPR0056Q,JESÚS NARVAEZ GALDEANO,MATUTINO,2024-2025 | 2025-2026,09DPR0056Q,JESÚS NARVAEZ GALDEANO,Primaria,IZTAPALAPA,-99.05834167,19.32968889,594,366,38.0328,0.2732,0,61.7486,226,366,77.0492,282,366,51.0929,187,366,19.2718,354,70.765,259,366,1.9016,99.7268,365,366
09DPR3235W,PROFRA. ELISA ACUÑA Y ROSSETTI,MATUTINO,2025-2026,09DPR3236V,PROFRA. ELISA ACUÑA Y ROSSETTI,Primaria,IZTAPALAPA,-99.00428611,19.35111111,515,332,37.9518,0,0,67.1687,223,332,76.2048,253,332,46.3855,154,332,19.0244,332,67.7711,225,332,1.8976,100,332,332
09DPR2110H,LEOPOLDO KIEL,VESPERTINO,2024-2025 | 2025-2026,09DPR2109S,LEOPOLDO KIEL,Primaria,IZTAPALAPA,-99.04111111,19.39029722,230,117,37.9487,1.7094,0,64.9573,76,117,80.3419,94,117,42.735,50,117,18.9913,115,69.2308,81,117,1.8974,98.2906,115,117
09DPR5081X,MELCHOR OCAMPO,MATUTINO,2024-2025 | 2025-2026,09DPR5081X,MELCHOR OCAMPO,Primaria,IZTAPALAPA,-98.99296667,19.34795278,222,203,37.931,0.9852,0,65.0246,132,203,73.8916,150,203,49.7537,101,203,20.0439,180,72.4138,147,203,1.8966,99.0148,201,203
09DPR1552W,MÁRTIRES DE URUAPAN,MATUTINO,2024-2025 | 2025-2026,09DPR1552W,MÁRTIRES DE URUAPAN,Primaria,GUSTAVO A. MADERO,-99.17221667,19.52541389,408,414,37.9227,11.1111,0,64.0097,265,414,75.1208,311,414,39.372,163,414,18.7398,339,70.7729,293,414,1.8961,88.8889,368,414
09DPR1896Q,ENRIQUE RODRÍGUEZ CANO,MATUTINO,2024-2025 | 2025-2026,09DPR1896Q,ENRIQUE RODRÍGUEZ CANO,Primaria,LA MAGDALENA CONTRERAS,-99.24500556,19.29744167,474,399,37.8947,1.2531,0,54.6366,218,399,88.9724,355,399,44.6115,178,399,19.1452,394,70.1754,280,399,1.8947,98.7469,394,399
09DPR4157P,PROFR. EFRAIN BONILLA MANZANO,VESPERTINO,2025-2026,09DPR4157P,PROFR. EFRAIN BONILLA MANZANO,Primaria,IZTAPALAPA,-99.01038056,19.36241111,123,94,37.8723,1.0638,0,81.9149,77,94,64.8936,61,94,41.4894,39,94,19.4378,90,73.4043,69,94,1.8936,98.9362,93,94
09DPR0979S,EMPERADOR ITZCOATL,MATUTINO,2024-2025 | 2025-2026,09DPR0980H,EMPERADOR ITZCOATL,Primaria,IZTAPALAPA,-99.03611389,19.37771389,506,306,37.8431,0.9804,0,57.1895,175,306,86.2745,264,306,44.7712,137,306,18.7257,300,72.549,222,306,1.8922,99.0196,303,306
09DPR2568D,FRAY BARTOLOMÉ DE LAS CASAS,VESPERTINO,2024-2025 | 2025-2026,09DPR2568D,FRAY BARTOLOMÉ DE LAS CASAS,Primaria,IZTAPALAPA,-99.11003333,19.37703056,150,55,37.8182,10.9091,0,74.5455,41,55,67.2727,37,55,36.3636,20,55,18.702,49,74.5455,41,55,1.8909,89.0909,49,55
09DPR1385P,LUIS ENRIQUE ERRO,MATUTINO,2024-2025 | 2025-2026,09DPR1385P,LUIS ENRIQUE ERRO,Primaria,GUSTAVO A. MADERO,-99.09908056,19.50542778,184,228,37.807,23.2456,0,57.4561,131,228,69.7368,159,228,38.5965,88,228,19.9206,175,64.9123,148,228,1.8904,76.7544,175,228
09DPR1029Z,ROBERTO LARA Y LÓPEZ,MATUTINO,2025-2026,09DPR1029Z,ROBERTO LARA Y LÓPEZ,Primaria,VENUSTIANO CARRANZA,-99.09803611,19.444275,153,145,37.7931,9.6552,0,54.4828,79,145,77.2414,112,145,47.5862,69,145,20.7565,131,67.5862,98,145,1.8897,90.3448,131,145
09DPR1086R,HÉROES DEL MOLINO DEL REY,MATUTINO,2024-2025 | 2025-2026,09DBS0049C,HEROES DEL MOLINO DEL REY,Adultos - Secundaria,IZTAPALAPA,-99.052025,19.37943333,612,336,37.7381,0.2976,0,55.9524,188,336,83.3333,280,336,49.1071,165,336,19.7937,332,69.9405,235,336,1.8869,99.7024,335,336
09DPR2643U,PROFR. JOSÉ ROMERO Y FUENTES,VESPERTINO,2024-2025 | 2025-2026,09DPR2643U,PROFR. JOSÉ ROMERO Y FUENTES,Primaria,IZTAPALAPA,-99.06552222,19.31951944,440,264,37.7273,0.3788,0,63.6364,168,264,73.4848,194,264,51.1364,135,264,19.651,259,70.8333,187,264,1.8864,99.6212,263,264
09DPR5041W,MIGUEL LERDO DE TEJADA,VESPERTINO,2024-2025 | 2025-2026,09DPR5035L,MIGUEL LERDO DE TEJADA,Primaria,IZTAPALAPA,-99.05549444,19.37445833,325,130,37.6923,1.5385,0,75.3846,98,130,62.3077,81,130,49.2308,64,130,19.3016,128,69.2308,90,130,1.8846,98.4615,128,130
09DPR3238T,ENRIQUE GARCÍA GALLEGOS,MATUTINO,2024-2025 | 2025-2026,09DPR0030I,ENRIQUE GARCÍA GALLEGOS,Primaria,IZTAPALAPA,-99.10153056,19.37428889,257,86,37.6744,0,0,74.4186,64,86,79.0698,68,86,34.8837,30,86,17.4302,86,73.2558,63,86,1.8837,100,86,86
09DPR2311E,REPÚBLICA DE HAITÍ,MATUTINO,2024-2025 | 2025-2026,09DPR2311E,REPÚBLICA DE HAITÍ,Primaria,MIGUEL HIDALGO,-99.20659444,19.45495278,228,220,37.4545,0.9091,0,59.0909,130,220,84.5455,186,220,42.7273,94,220,18.8555,200,73.1818,161,220,1.8727,99.0909,218,220
09DPR5094A,PROFR. JUAN RAMÍREZ MARQUEZ,MATUTINO,2024-2025 | 2025-2026,09DPR5097Y,PROFR. JUAN RAMÍREZ MARQUEZ,Primaria,IZTAPALAPA,-99.02914444,19.34785,512,202,37.4257,2.9703,0,64.3564,130,202,72.2772,146,202,47.5248,96,202,19.3487,189,68.3168,138,202,1.8713,97.0297,196,202
09DPR1190C,VIRGILIO URIBE,MATUTINO,2024-2025 | 2025-2026,09DPR1190C,VIRGILIO URIBE,Primaria,IZTAPALAPA,-99.11843333,19.37367778,365,225,37.4222,0.8889,0,61.3333,138,225,73.7778,166,225,51.1111,115,225,20.2434,221,66.6667,150,225,1.8711,99.1111,223,225
09DPR4230H,JOSÉ GUADALUPE POSADA,VESPERTINO,2024-2025 | 2025-2026,09DPR4229S,JOSÉ GUADALUPE POSADA,Primaria,IZTAPALAPA,-99.00493889,19.34259167,166,69,37.3913,1.4493,0,57.971,40,69,81.1594,56,69,46.3768,32,69,19.1672,67,65.2174,45,69,1.8696,98.5507,68,69
09DPR1680R,COMODORO MANUEL AZUETA PERILLOS,MATUTINO,2024-2025 | 2025-2026,09DPR1680R,COMODORO MANUEL AZUETA PERILLOS,Primaria,MIGUEL HIDALGO,-99.20554167,19.45795,428,360,37.3889,0.2778,0,49.4444,178,360,86.1111,310,360,51.1111,184,360,19.3507,351,70,252,360,1.8694,99.7222,359,360
09DPR2319X,NARCISO MENDOZA,MATUTINO,2024-2025 | 2025-2026,09PPR0397S,NARCISO MENDOZA,Primaria,IZTAPALAPA,-99.026057,19.385624,336,326,37.362,9.5092,0,53.3742,174,326,50,163,326,73.9264,241,326,22.0741,286,65.3374,213,326,1.8681,90.4908,295,326
09DPR4197Q,HERMANOS FLORES MAGON,MATUTINO,2025-2026,09DPR4222Z,HERMANOS FLORES MAGON,Primaria,IZTAPALAPA,-98.999125,19.34258611,340,227,37.3568,0,0,49.3392,112,227,87.6652,199,227,49.7797,113,227,19.4066,227,68.7225,156,227,1.8678,100,227,227
09DPR2995X,ARTURO ROSENBLUETH,MATUTINO,2024-2025 | 2025-2026,09DPR2995X,ARTURO ROSENBLUETH,Primaria,IZTAPALAPA,-98.99645833,19.35264722,619,498,37.3494,0,0,58.4337,291,498,81.1245,404,498,47.1888,235,498,19.0311,498,69.8795,348,498,1.8675,100,498,498
09DPR2702T,PROFR. TEODOMIRO MANZANO CAMPERO,MATUTINO,2024-2025 | 2025-2026,09DPR2702T,PROFR. TEODOMIRO MANZANO CAMPERO,Primaria,GUSTAVO A. MADERO,-99.09965833,19.50532778,369,347,37.3487,21.3256,0,56.7723,197,347,64.8415,225,347,43.804,152,347,19.8731,271,63.6888,221,347,1.8674,78.6744,273,347
09DPR1286P,HOLANDA,MATUTINO,2024-2025 | 2025-2026,09DJN0120K,HOLANDA,Preescolar,BENITO JUÁREZ,-99.15705833,19.37932222,488,433,37.321,0.6928,0,57.0439,247,433,79.2148,343,433,49.6536,215,433,19.2889,423,69.746,302,433,1.8661,99.3072,430,433
09DPR2724E,PROFRA. PAULA ALEGRIA GARZA,MATUTINO,2024-2025 | 2025-2026,09DPR2724E,PROFRA. PAULA ALEGRIA GARZA,Primaria,IZTAPALAPA,-99.02745278,19.37053889,181,37,37.2973,2.7027,0,62.1622,23,37,78.3784,29,37,43.2432,16,37,22.1389,36,70.2703,26,37,1.8649,97.2973,36,37
09DPR2844R,LIC. ANTONIO DÍAZ SOTO Y GAMA,MATUTINO,2024-2025 | 2025-2026,09DPR2844R,LIC. ANTONIO DÍAZ SOTO Y GAMA,Primaria,IZTAPALAPA,-99.05629722,19.33646389,401,330,37.2727,1.2121,0,49.697,164,330,85.1515,281,330,50.303,166,330,19.185,320,70,231,330,1.8636,98.7879,326,330
09DPR0111T,PROFRA. COLUMBA RIVERA,MATUTINO,2024-2025 | 2025-2026,09DPR0111T,PROFRA. COLUMBA RIVERA,Primaria,IZTAPALAPA,-99.05334167,19.38558333,399,293,37.2696,1.0239,0,57.6792,169,293,79.1809,232,293,48.4642,142,293,19.2316,288,67.2355,197,293,1.8635,98.9761,290,293
09DPR2904P,REPÚBLICA POPULAR DE POLONIA,MATUTINO,2024-2025 | 2025-2026,09DPR2904P,REPÚBLICA POPULAR DE POLONIA,Primaria,IZTAPALAPA,-99.03894167,19.34530278,271,136,37.2059,1.4706,0,60.2941,82,136,83.8235,114,136,40.4412,55,136,18.6201,134,67.6471,92,136,1.8603,98.5294,134,136
09DPR0013S,PROFR. LAUREANO JIMENEZ Y CORIA,MATUTINO,2024-2025 | 2025-2026,09DPR4101N,PROFR. LAUREANO JIMENEZ Y CORIA,Primaria,GUSTAVO A. MADERO,-99.14146667,19.51338333,287,285,37.193,8.0702,0,60.7018,173,285,76.1404,217,285,41.0526,117,285,18.9112,242,70.1754,200,285,1.8596,91.9298,262,285
09DPR0994K,GENERAL FRANCISCO MENENDEZ,MATUTINO,2024-2025 | 2025-2026,09DPR1768V,GENERAL FRANCISCO MENENDEZ,Primaria,BENITO JUÁREZ,-99.18438056,19.39218889,181,116,37.069,3.4483,0,81.0345,94,116,50.8621,59,116,50,58,116,20.2791,110,68.9655,80,116,1.8534,96.5517,112,116
09DPR5076L,LOS SIMBOLOS PATRIOS,MATUTINO,2024-2025 | 2025-2026,09DPR5076L,LOS SIMBOLOS PATRIOS,Primaria,IZTAPALAPA,-99.025725,19.33386389,402,264,37.0455,1.1364,0,55.303,146,264,78.4091,207,264,50.3788,133,264,19.3038,260,69.697,184,264,1.8523,98.8636,261,264
09DPR2361M,RODOLFO MENENDEZ,MATUTINO,2024-2025 | 2025-2026,09DPR2342Y,RODOLFO MENENDEZ,Primaria,CUAUHTÉMOC,-99.12868889,19.43606389,341,275,37.0182,0,0,61.0909,168,275,68,187,275,56,154,275,20.3543,232,70.9091,195,275,1.8509,100,275,275
09DPR1129Z,ALFREDO BERNARDO NOBEL,MATUTINO,2024-2025 | 2025-2026,09DPR1129Z,ALFREDO BERNARDO NOBEL,Primaria,MIGUEL HIDALGO,-99.21505,19.45084722,380,181,37.0166,7.1823,0,37.5691,68,181,89.5028,162,181,50.8287,92,181,20.2125,168,68.5083,124,181,1.8508,92.8177,168,181
09DPR2743T,ANDRÉS MOLINA ENRIQUEZ,VESPERTINO,2024-2025 | 2025-2026,09DPR2845Q,ANDRÉS MOLINA ENRIQUEZ,Primaria,IZTAPALAPA,-99.02286111,19.34256111,255,127,37.0079,0.7874,0,63.7795,81,127,77.9528,99,127,42.5197,54,127,18.6849,126,69.2913,88,127,1.8504,99.2126,126,127
09DPR2469D,PROFR. RAFAEL LÓPEZ,VESPERTINO,2025-2026,09DPR2470T,PROFR. RAFAEL LÓPEZ,Primaria,IZTAPALAPA,-98.99379444,19.36643056,71,40,37,0,0,77.5,31,40,82.5,33,40,25,10,40,20.075,40,72.5,29,40,1.85,100,40,40
09DPR5043U,JUAN RULFO,MATUTINO,2024-2025 | 2025-2026,09DPR5073O,JUAN RULFO,Primaria,IZTAPALAPA,-99.03578333,19.36853333,243,179,36.9832,1.1173,0,72.067,129,179,65.3631,117,179,46.3687,83,179,19.2475,177,70.9497,127,179,1.8492,98.8827,177,179
09DPR5122G,XOCHITL PALOMINO,MATUTINO,2024-2025 | 2025-2026,09DPR5122G,XOCHITL PALOMINO,Primaria,IZTAPALAPA,-99.0691,19.33590556,426,294,36.9388,0.6803,0,55.7823,164,294,72.1088,212,294,56.1224,165,294,20.6014,289,67.0068,197,294,1.8469,99.3197,292,294
09DPR4000P,PROFR. FELIPE LÓPEZ,MATUTINO,2024-2025 | 2025-2026,09DPR4000P,PROFR. FELIPE LÓPEZ,Primaria,IZTAPALAPA,-99.02380556,19.33391389,314,209,36.9378,0,0,73.6842,154,209,71.7703,150,209,39.2344,82,209,19.505,201,70.8134,148,209,1.8469,100,209,209
09DPR1064F,MTRO. LAURO AGUIRRE,MATUTINO,2024-2025 | 2025-2026,09DPR1064F,MTRO. LAURO AGUIRRE,Primaria,VENUSTIANO CARRANZA,-99.08418611,19.43895,263,240,36.9167,1.6667,0,62.0833,149,240,78.75,189,240,42.0833,101,240,19.6211,218,67.9167,163,240,1.8458,98.3333,236,240
09DPR1321E,EL AMO TORRES,MATUTINO,2024-2025 | 2025-2026,09DPR1321E,EL AMO TORRES,Primaria,IZTAPALAPA,-99.04124722,19.34197778,656,434,36.8203,1.3825,0,61.0599,265,434,75.3456,327,434,46.3134,201,434,19.7294,422,66.8203,290,434,1.841,98.6175,428,434
09DPR1332K,CUAUHTÉMOC,MATUTINO,2024-2025 | 2025-2026,09DES0319C,CUAUHTÉMOC,Secundaria,IZTAPALAPA,-99.06195278,19.32543056,585,443,36.7946,0,0,60.2709,267,443,75.1693,333,443,48.5327,215,443,19.2632,443,65.9142,292,443,1.8397,100,443,443
09DPR3252M,ADOLFO CISNEROS CAMARA,VESPERTINO,2024-2025 | 2025-2026,09DPR3152N,ADOLFO CISNEROS CAMARA,Primaria,IZTAPALAPA,-99.0708,19.37623889,237,149,36.7785,1.3423,0,72.4832,108,149,59.0604,88,149,51.0067,76,149,18.9366,145,70.4698,105,149,1.8389,98.6577,147,149
09DPR3187C,MANUEL SABINO CRESPO,MATUTINO,2024-2025 | 2025-2026,09DPR3187C,MANUEL SABINO CRESPO,Primaria,GUSTAVO A. MADERO,-99.15141111,19.55212778,530,552,36.7754,8.6957,0,58.1522,321,552,73.5507,406,552,43.4783,240,552,19.1582,466,64.6739,357,552,1.8388,91.3043,504,552
09DPR0050W,PROFR. LUIS G. RAMÍREZ VALADEZ,MATUTINO,2024-2025 | 2025-2026,09DPR0050W,PROFR. LUIS G. RAMÍREZ VALADEZ,Primaria,IZTAPALAPA,-99.06506111,19.37428056,187,117,36.7521,1.7094,0,54.7009,64,117,83.7607,98,117,43.5897,51,117,19.5456,114,70.0855,82,117,1.8376,98.2906,115,117
09DIX0032H,ESCUELA DE PARTICIPACIÓN SOCIAL NUMERO 4,MATUTINO,2024-2025 | 2025-2026,09DIX0032H,ESCUELA DE PARTICIPACIÓN SOCIAL NUMERO 4,Primaria,VENUSTIANO CARRANZA,-99.12256389,19.45683333,174,166,36.747,0.6024,0,52.4096,87,166,82.5301,137,166,48.1928,80,166,19.1278,158,68.0723,113,166,1.8373,99.3976,165,166
09DPR3297I,MANUEL RIVERA CAMBAS,VESPERTINO,2024-2025 | 2025-2026,09DPR3297I,MANUEL RIVERA CAMBAS,Primaria,IZTAPALAPA,-99.01998611,19.3297,350,202,36.7327,1.9802,0,59.901,121,202,83.6634,169,202,38.1188,77,202,20.351,196,66.8317,135,202,1.8366,98.0198,198,202
09DPR1194Z,UNIDAD MODELO,MATUTINO,2024-2025 | 2025-2026,09DPR1194Z,UNIDAD MODELO,Primaria,IZTAPALAPA,-99.12405,19.36761111,242,140,36.7143,6.4286,0,56.4286,79,140,76.4286,107,140,44.2857,62,140,19.7953,129,65,91,140,1.8357,93.5714,131,140
09DPR5095Z,TLALOC,VESPERTINO,2025-2026,09DPR5063H,TLALOC,Primaria,IZTAPALAPA,-99.05151944,19.36743889,341,152,36.7105,0.6579,0,68.4211,104,152,67.1053,102,152,47.3684,72,152,19.002,150,68.4211,104,152,1.8355,99.3421,151,152
09DPR5072P,CARLOS ENRIQUE NERI GUZMÁN,MATUTINO,2024-2025 | 2025-2026,09DPR5072P,CARLOS ENRIQUE NERI GUZMÁN,Primaria,IZTAPALAPA,-99.052025,19.37943333,494,393,36.6921,0.2545,0,75.5725,297,393,66.9211,263,393,40.7125,160,393,19.0324,358,67.9389,267,393,1.8346,99.7455,392,393
09DPR0971Z,ESTADO DE MÉXICO,VESPERTINO,2024-2025 | 2025-2026,09PPR0235G,ESTADO DE MÉXICO,Primaria,AZCAPOTZALCO,-99.186578,19.467968,80,54,36.6667,29.6296,0,62.963,34,54,62.963,34,54,27.7778,15,54,18.3079,38,62.963,34,54,1.8333,70.3704,38,54
09DPR1534G,PRESIDENTE PASCUAL ORTIZ RUBIO,MATUTINO,2024-2025 | 2025-2026,09DPR1534G,PRESIDENTE PASCUAL ORTIZ RUBIO,Primaria,GUSTAVO A. MADERO,-99.12356389,19.49764444,391,412,36.6505,20.3883,0,53.6408,221,412,72.3301,298,412,36.8932,152,412,18.8826,317,62.8641,259,412,1.8325,79.6117,328,412
09DPR2943R,FRANCISCO GABILONDO SOLER,MATUTINO,2024-2025 | 2025-2026,09DPR2943R,FRANCISCO GABILONDO SOLER,Primaria,IZTACALCO,-99.10873611,19.38710833,421,404,36.6337,0,0,63.6139,257,404,76.7327,310,404,42.8218,173,404,18.5984,368,69.802,282,404,1.8317,100,404,404
09DPR2289T,REVOLUCIÓN MEXICANA,MATUTINO,2025-2026,09DPR2289T,REVOLUCIÓN MEXICANA,Primaria,IZTACALCO,-99.11411389,19.40091944,338,302,36.6225,0,0,64.2384,194,302,76.1589,230,302,42.7152,129,302,19.2409,279,67.8808,205,302,1.8311,100,302,302
09DPR2629A,GENERAL LUCIO BLANCO,VESPERTINO,2024-2025 | 2025-2026,09DPR1257U,GENERAL LUCIO BLANCO,Primaria,IZTAPALAPA,-99.01864167,19.36348889,283,99,36.5657,0,0,54.5455,54,99,77.7778,77,99,50.5051,50,99,19.0779,95,63.6364,63,99,1.8283,100,99,99
09DPR3258G,DR. ANTONIO CASTRO LEAL,MATUTINO,2025-2026,09DPR3258G,DR. ANTONIO CASTRO LEAL,Primaria,IZTAPALAPA,-99.03611944,19.38148889,236,156,36.5385,0,0,61.5385,96,156,78.2051,122,156,42.9487,67,156,18.3266,154,64.1026,100,156,1.8269,100,156,156
09DPR2879G,JESUS MASTACHE ROMÁN,MATUTINO,2025-2026,09DPR2879G,JESUS MASTACHE ROMÁN,Primaria,IZTACALCO,-99.11365833,19.38304444,207,194,36.4948,0,0,67.0103,130,194,66.4948,129,194,48.9691,95,194,19.9913,161,68.5567,133,194,1.8247,100,194,194
09DPR0860V,PROFR. LUIS ÁLVAREZ BARRET,MATUTINO,2025-2026,09DPR0860V,PROFR. LUIS ÁLVAREZ BARRET,Primaria,IZTAPALAPA,-99.060125,19.35736389,270,124,36.4516,0,0,47.5806,59,124,87.0968,108,124,47.5806,59,124,18.9105,124,69.3548,86,124,1.8226,100,124,124
09DPR1155X,AUSTRALIA,MATUTINO,2024-2025 | 2025-2026,09DPR1155X,AUSTRALIA,Primaria,IZTAPALAPA,-99.07024444,19.379125,540,358,36.4246,1.3966,0,56.4246,202,358,76.257,273,358,48.0447,172,358,18.831,348,66.2011,237,358,1.8212,98.6034,353,358
09DPR3058I,PROFR. EMILIANO NEGRETE LÓPEZ,MATUTINO,2025-2026,09DPR3023T,PROFR. EMILIANO NEGRETE LÓPEZ,Primaria,IZTAPALAPA,-99.02243611,19.34180556,286,215,36.3721,0,0,60.4651,130,215,77.2093,166,215,44.186,95,215,19.0986,213,67.4419,145,215,1.8186,100,215,215
09DPR2324I,30 DE SEPTIEMBRE,MATUTINO,2025-2026,09DPR2324I,30 DE SEPTIEMBRE,Primaria,CUAUHTÉMOC,-99.13238889,19.46150556,251,241,36.3485,0,0,63.4855,153,241,89.2116,215,241,29.0456,70,241,17.8904,219,71.3693,172,241,1.8174,100,241,241
09DPR2804Q,ISAAC NEWTON,MATUTINO,2024-2025 | 2025-2026,09DPR2801T,ISAAC NEWTON,Primaria,IZTAPALAPA,-99.03754722,19.37344444,530,353,36.3173,0.5666,0,62.0397,219,353,74.5042,263,353,44.4759,157,353,18.9272,349,65.7224,232,353,1.8159,99.4334,351,353
09DPR2142Z,EJÉRCITO MEXICANO,MATUTINO,2024-2025 | 2025-2026,09DIX0002N,EJERCITO MEXICANO,Primaria,AZCAPOTZALCO,-99.17883889,19.48940278,398,407,36.3145,0.4914,0,54.0541,220,407,86.9779,354,407,40.0491,163,407,18.5785,376,66.3391,270,407,1.8157,99.5086,405,407
09DPR5075M,FELIPE CARRILLO PUERTO,MATUTINO,2024-2025 | 2025-2026,09DPR5075M,FELIPE CARRILLO PUERTO,Primaria,IZTAPALAPA,-99.06245556,19.32100278,270,168,36.3095,2.9762,0,50,84,168,80.3571,135,168,48.2143,81,168,19.5956,160,69.0476,116,168,1.8155,97.0238,163,168
09DPR4204J,MÉXICO-JAPÓN,VESPERTINO,2025-2026,09DBS0041K,MÉXICO-JAPÓN,Adultos - Secundaria,IZTAPALAPA,-99.04960833,19.32438889,627,368,36.3043,6.5217,0,68.2065,251,368,62.5,230,368,44.2935,163,368,19.753,336,65.2174,240,368,1.8152,93.4783,344,368
09DPR1389L,LIBERTADORES DE MÉXICO,MATUTINO,2024-2025 | 2025-2026,09DPR1389L,LIBERTADORES DE MÉXICO,Primaria,GUSTAVO A. MADERO,-99.1047,19.45721111,305,329,36.2918,8.5106,0,64.1337,211,329,68.997,227,329,39.8176,131,329,19.1171,275,65.6535,216,329,1.8146,91.4894,301,329
09DPR1529V,PROFR. RAFAEL RAMIREZ,VESPERTINO,2024-2025,09DPR1529V,PROFR. RAFAEL RAMIREZ,Primaria,GUSTAVO A. MADERO,-99.09654722,19.49922222,109,84,36.1905,0,0,66.6667,56,84,76.1905,64,84,38.0952,32,84,17.5667,84,64.2857,54,84,1.8095,100,84,84
09DPR5124E,BEATRIZ DE LA FUENTE,MATUTINO,2025-2026,09DPR5124E,BEATRIZ DE LA FUENTE,Primaria,IZTAPALAPA,-99.02357778,19.3279,335,330,36.1818,0.6061,0,52.7273,174,330,81.2121,268,330,46.3636,153,330,19.7617,300,69.697,230,330,1.8091,99.3939,328,330
09DPR2274R,CONSTITUCIÓN DE 1917,MATUTINO,2024-2025 | 2025-2026,09DJN0553Y,CONSTITUCIÓN DE 1917,Preescolar,IZTAPALAPA,-98.99372778,19.36541111,632,449,36.1693,1.1136,0,51.0022,229,449,85.5234,384,449,43.2071,194,449,18.5957,441,66.147,297,449,1.8085,98.8864,444,449
09DPR2651C,REPÚBLICA DE GUATEMALA,MATUTINO,2025-2026,09DES0057I,REPÚBLICA DE GUATEMALA,Secundaria,GUSTAVO A. MADERO,-99.11147778,19.46148889,199,120,36.1667,1.6667,0,46.6667,56,120,80.8333,97,120,51.6667,62,120,19.6589,112,65.8333,79,120,1.8083,98.3333,118,120
09DPR1303P,ESTHER R. MACEDA,VESPERTINO,2025-2026,09DPR1306M,ESTHER R. MACEDA,Primaria,IZTAPALAPA,-99.08775278,19.36321667,165,73,36.1644,1.3699,0,72.6027,53,73,64.3836,47,73,42.4658,31,73,18.8394,71,65.7534,48,73,1.8082,98.6301,72,73
09DIX0017P,FRANCISCO I. MADERO,MATUTINO,2024-2025 | 2025-2026,09DPR1986I,FRANCISCO I. MADERO,Primaria,TLALPAN,-99.20555278,19.21824722,134,98,36.1224,5.102,0,53.0612,52,98,85.7143,84,98,36.7347,36,98,19.3793,92,66.3265,65,98,1.8061,94.898,93,98
09DPR4186K,PROFR. MARCELINO RENTERIA,VESPERTINO,2024-2025 | 2025-2026,09DPR0054S,PROFR. MARCELINO RENTERIA,Primaria,IZTAPALAPA,-99.05372222,19.32675556,368,163,36.0736,1.8405,0,73.0061,119,163,70.5521,115,163,34.9693,57,163,18.2629,159,62.5767,102,163,1.8037,98.1595,160,163
09DPR3188B,MANUEL SABINO CRESPO,VESPERTINO,2024-2025 | 2025-2026,09DPR3187C,MANUEL SABINO CRESPO,Primaria,GUSTAVO A. MADERO,-99.15141111,19.55212778,309,263,36.0456,8.365,0,57.4144,151,263,75.6654,199,263,38.7833,102,263,19.0683,218,64.6388,170,263,1.8023,91.635,241,263
09DPR1573I,DEFENSOR DE ANAHUAC,MATUTINO,2024-2025 | 2025-2026,09DPR1573I,DEFENSOR DE ANAHUAC,Primaria,GUSTAVO A. MADERO,-99.14245833,19.47479444,230,201,36.0199,13.4328,0,52.7363,106,201,71.6418,144,201,42.2886,85,201,20.0265,166,62.1891,125,201,1.801,86.5672,174,201
09DPR2912Y,MIXCOATL,VESPERTINO,2024-2025 | 2025-2026,09DPR2914W,MIXCOATL,Primaria,IZTAPALAPA,-99.05880833,19.32035,145,94,35.9574,3.1915,0,85.1064,80,94,41.4894,39,94,50,47,94,19.0494,89,60.6383,57,94,1.7979,96.8085,91,94
09DPR5082W,MELCHOR OCAMPO,VESPERTINO,2024-2025 | 2025-2026,09DPR5081X,MELCHOR OCAMPO,Primaria,IZTAPALAPA,-98.99296667,19.34795278,123,59,35.9322,0,0,64.4068,38,59,79.661,47,59,35.5932,21,59,18.4678,59,67.7966,40,59,1.7966,100,59,59
09DPR2920G,REPÚBLICA SOCIALISTA DE VIETNAM,MATUTINO,2024-2025 | 2025-2026,09DPR3081J,REPÚBLICA SOCIALISTA DE VIETNAM,Primaria,IZTAPALAPA,-99.01765278,19.339725,584,396,35.9091,0.5051,0,45.9596,182,396,82.5758,327,396,50.5051,200,396,19.3331,387,64.6465,256,396,1.7955,99.4949,394,396
09DPR2286W,ACAMAPICHTLI,MATUTINO,2024-2025 | 2025-2026,09DPR2286W,ACAMAPICHTLI,Primaria,IZTACALCO,-99.06768611,19.40477778,441,442,35.8824,2.7149,0,72.1719,319,442,70.362,311,442,34.1629,151,442,18.2902,386,67.6471,299,442,1.7941,97.2851,430,442
09DPR2198B,PROFR. OCAMPO NABOR BOLAÑOS SOTO,MATUTINO,2024-2025,09DPR2198B,PROFR. OCAMPO NABOR BOLAÑOS SOTO,Primaria,GUSTAVO A. MADERO,-99.06811667,19.47041389,434,354,35.8757,2.5424,0,44.9153,159,354,87.2881,309,354,44.6328,158,354,18.5507,345,65.5367,232,354,1.7938,97.4576,345,354
09DPR0113R,J. CONCEPCIÓN RIVERA,MATUTINO,2024-2025 | 2025-2026,09DPR0113R,J. CONCEPCIÓN RIVERA,Primaria,IZTAPALAPA,-99.03136944,19.35630833,400,386,35.8549,1.8135,0,54.6632,211,386,76.6839,296,386,46.114,178,386,19.0427,351,63.9896,247,386,1.7927,98.1865,379,386
09DPR0054S,PROFR. MARCELINO RENTERIA,MATUTINO,2024-2025 | 2025-2026,09DPR0054S,PROFR. MARCELINO RENTERIA,Primaria,IZTAPALAPA,-99.05372222,19.32675556,615,446,35.8296,0.2242,0,49.5516,221,446,78.9238,352,446,50.4484,225,446,19.7984,439,67.2646,300,446,1.7915,99.7758,445,446
09DPR5084U,TIERRA Y LIBERTAD,VESPERTINO,2024-2025 | 2025-2026,09DPR5083V,TIERRA Y LIBERTAD,Primaria,IZTAPALAPA,-98.99007778,19.35247778,202,62,35.8065,4.8387,0,56.4516,35,62,67.7419,42,62,50,31,62,22.1138,58,61.2903,38,62,1.7903,95.1613,59,62
09DPR1071P,JUAN B MOLINA,MATUTINO,2024-2025 | 2025-2026,09DPR1071P,JUAN B MOLINA,Primaria,IZTACALCO,-99.06415278,19.39284722,420,319,35.7994,9.7179,0,47.6489,152,319,75.8621,242,319,45.768,146,319,19.186,279,63.3229,202,319,1.79,90.2821,288,319
09DPR2585U,LUIS PASTEUR,MATUTINO,2024-2025 | 2025-2026,09DBA0184I,LUIS PASTEUR,Adultos - Primaria,IZTAPALAPA,-98.999325,19.37146944,434,282,35.7447,0,0,47.1631,133,282,82.9787,234,282,48.5816,137,282,18.9601,281,64.8936,183,282,1.7872,100,282,282
09DPR4241N,ALEJANDRO VOLTA,VESPERTINO,2025-2026,09DPR4162A,ALEJANDRO VOLTA,Primaria,IZTAPALAPA,-98.98836389,19.33743611,205,136,35.7353,0,0,81.6176,111,136,43.3824,59,136,53.6765,73,136,22.8301,136,66.9118,91,136,1.7868,100,136,136
09DPR1272M,JUAN DE MATA RIVERA,MATUTINO,2024-2025 | 2025-2026,09DPR1272M,JUAN DE MATA RIVERA,Primaria,IZTAPALAPA,-99.06681389,19.30647222,483,238,35.7143,0,0,50.4202,120,238,81.0924,193,238,47.0588,112,238,19.9323,235,65.1261,155,238,1.7857,100,238,238
09DPR2055E,PLAN DE GUADALUPE,MATUTINO,2024-2025 | 2025-2026,09DBA0165U,PLAN DE GUADALUPE,Adultos - Primaria,TLÁHUAC,-99.0369,19.29743333,542,391,35.7033,2.046,0,53.4527,209,391,73.913,289,391,49.1049,192,391,19.3107,383,65.7289,257,391,1.7852,97.954,383,391
09DPR1516R,REPÚBLICA MEXICANA,MATUTINO,2024-2025,09DJN0823A,REPÚBLICA MEXICANA,Preescolar,GUSTAVO A. MADERO,-99.13653056,19.55665,483,464,35.6466,9.2672,0,53.2328,247,464,69.3966,322,464,46.3362,215,464,19.6188,421,62.2845,289,464,1.7823,90.7328,421,464
09DPR2146W,REPÚBLICA DE PANAMA,MATUTINO,2024-2025 | 2025-2026,09DES0077W,REPÚBLICA DE PANAMÁ,Secundaria,ÁLVARO OBREGÓN,-99.242,19.38348611,149,227,35.5947,0,0,69.6035,158,227,70.0441,159,227,38.326,87,227,19.9917,193,67.8414,154,227,1.7797,100,227,227
09DPR5107O,IGNACIO MANUEL ALTAMIRANO,VESPERTINO,2024-2025 | 2025-2026,09DJN0773J,IGNACIO MANUEL ALTAMIRANO,Preescolar,IZTACALCO,-99.07253889,19.40213889,305,167,35.5689,1.1976,0,59.2814,99,167,74.8503,125,167,42.515,71,167,18.9295,166,66.4671,111,167,1.7784,98.8024,165,167
09DPR0007H,PROFR. CARLOS ESPINOSA ROMERO,MATUTINO,2024-2025 | 2025-2026,09DPR0007H,PROFR. CARLOS ESPINOSA ROMERO,Primaria,IZTAPALAPA,-99.05931389,19.33147778,320,72,35.5556,0,0,59.7222,43,72,72.2222,52,72,45.8333,33,72,18.7873,71,63.8889,46,72,1.7778,100,72,72
09DPR5055Z,CENTAURO DEL NORTE,VESPERTINO,2024-2025 | 2025-2026,09DPR5055Z,CENTAURO DEL NORTE,Primaria,IZTAPALAPA,-99.07241389,19.29275556,386,153,35.5556,0,0,68.6275,105,153,67.9739,104,153,41.1765,63,153,18.4889,153,67.3203,103,153,1.7778,100,153,153
09DPR1307L,ESTADO DE MORELOS,MATUTINO,2024-2025 | 2025-2026,09DPR1307L,ESTADO DE MORELOS,Primaria,IZTAPALAPA,-99.01167778,19.36212222,422,324,35.5556,11.7284,0,39.8148,129,324,80.2469,260,324,45.9877,149,324,20.1605,286,60.1852,195,324,1.7778,88.2716,286,324
09DPR1420E,JUAN RUIZ DE ALARCON,MATUTINO,2024-2025 | 2025-2026,09PPR1370S,JUAN RUÍZ DE ALARCÓN,Primaria,IZTAPALAPA,-99.065077,19.336796,203,225,35.5556,7.1111,0,52.8889,119,225,74.6667,168,225,43.1111,97,225,19.6814,194,64.4444,145,225,1.7778,92.8889,209,225
09DPR2914W,MIXCOATL,MATUTINO,2024-2025 | 2025-2026,09DPR2914W,MIXCOATL,Primaria,IZTAPALAPA,-99.05880833,19.32035,412,261,35.5556,1.1494,0,60.5364,158,261,62.8352,164,261,53.2567,139,261,19.8235,255,63.6015,166,261,1.7778,98.8506,258,261
09DPR2841U,PROFRA. MA. DE LA LUZ MERCADO MENDEZ,MATUTINO,2025-2026,09DPR2841U,PROFRA. MA. DE LA LUZ MERCADO MENDEZ,Primaria,IZTAPALAPA,-99.05208611,19.35399722,355,170,35.5294,0,0,57.0588,97,170,65.8824,112,170,54.7059,93,170,19.724,167,65.2941,111,170,1.7765,100,170,170
09DPR2897W,ARQUELES VELA SALVATIERRA,VESPERTINO,2024-2025 | 2025-2026,09DPR2897W,ARQUELES VELA SALVATIERRA,Primaria,IZTACALCO,-99.07007778,19.39435556,82,58,35.5172,1.7241,0,74.1379,43,58,55.1724,32,58,46.5517,27,58,23.263,54,65.5172,38,58,1.7759,98.2759,57,58
09DPR2913X,GUILLERMO PRIETO,MATUTINO,2024-2025 | 2025-2026,09DJN1423L,GUILLERMO PRIETO,Preescolar,IZTAPALAPA,-98.997025,19.35471111,820,643,35.4899,0.1555,0,51.0109,328,643,80.7154,519,643,45.5677,293,643,19.1528,638,64.3857,414,643,1.7745,99.8445,642,643
09DPR4190X,RAFAEL DONDE,VESPERTINO,2024-2025 | 2025-2026,09DPR4017P,RAFAEL DONDE,Primaria,IZTAPALAPA,-98.997525,19.35018611,274,172,35.4651,0,0,74.4186,128,172,51.7442,89,172,51.1628,88,172,19.4924,171,62.7907,108,172,1.7733,100,172,172
09DPR2909K,DR. OCTAVIO VEJAR VAZQUEZ,MATUTINO,2024-2025 | 2025-2026,09DPR2909K,DR. OCTAVIO VEJAR VAZQUEZ,Primaria,IZTAPALAPA,-99.08250278,19.390475,420,242,35.4545,0.4132,0,42.562,103,242,86.7769,210,242,47.5207,115,242,18.8426,235,62.8099,152,242,1.7727,99.5868,241,242
09DPR1361F,ANA MARIA BERLANGA,MATUTINO,2024-2025 | 2025-2026,09DES0002F,ANA MARÍA BERLANGA,Secundaria,CUAUHTÉMOC,-99.16163611,19.44471389,351,347,35.4467,14.121,0,48.415,168,347,79.8271,277,347,34.8703,121,347,18.8545,297,63.4006,220,347,1.7723,85.879,298,347
09DPR4018O,PABLO PICASSO,VESPERTINO,2025-2026,09DPR0120A,PABLO PICASSO,Primaria,IZTAPALAPA,-99.04627222,19.33695556,305,149,35.4362,2.0134,0,59.0604,88,149,75.8389,113,149,40.2685,60,149,18.3465,144,63.0872,94,149,1.7718,97.9866,146,149
09DPR2646R,MAESTRO DOMINGO TIRADO BENEDI,VESPERTINO,2025-2026,09DPR2646R,MAESTRO DOMINGO TIRADO BENEDI,Primaria,IZTAPALAPA,-99.06817222,19.34065278,107,70,35.4286,0,0,74.2857,52,70,52.8571,37,70,50,35,70,19.2214,70,61.4286,43,70,1.7714,100,70,70
09DPR4162A,ALEJANDRO VOLTA,MATUTINO,2024-2025 | 2025-2026,09DPR4162A,ALEJANDRO VOLTA,Primaria,IZTAPALAPA,-98.98836389,19.33743611,399,311,35.3698,0.3215,0,81.672,254,311,47.91,149,311,46.9453,146,311,18.7183,306,63.6656,198,311,1.7685,99.6785,310,311
09DPR2876J,ERMILO ABREU GOMEZ,MATUTINO,2024-2025,09DES0143E,ERMILO ABREU GÓMEZ,Secundaria,AZCAPOTZALCO,-99.20785833,19.48997778,358,318,35.3459,21.0692,0,50.6289,161,318,69.4969,221,318,35.5346,113,318,18.7709,251,58.1761,185,318,1.7673,78.9308,251,318
09DPR1862Z,"""ESC. PRIM. ANEXA A LA BENM """"REPÚBLICA DEL BRASIL""""""",MATUTINO,2025-2026,09DPR1862Z,"ESC. PRIM. ANEXA A LA BENM ""REPÚBLICA DEL BRASIL""",Primaria,MIGUEL HIDALGO,-99.16828056,19.44533889,445,322,35.3416,0,0,39.1304,126,322,88.8199,286,322,48.7578,157,322,19.4078,321,65.8385,212,322,1.7671,100,322,322
09DPR5033N,SURINAME,VESPERTINO,2024-2025 | 2025-2026,09DPR5023G,SURINAME,Primaria,IZTAPALAPA,-99.07499444,19.31462778,201,103,35.3398,0.9709,0,48.5437,50,103,84.466,87,103,42.7184,44,103,19.2549,102,64.0777,66,103,1.767,99.0291,102,103
09DPR0898H,COPIAPO,MATUTINO,2024-2025 | 2025-2026,09DPR0898H,COPIAPO,Primaria,IZTAPALAPA,-99.05476389,19.36064444,658,334,35.3293,0.5988,0,70.0599,234,334,52.994,177,334,52.994,177,334,19.6991,330,64.6707,216,334,1.7665,99.4012,332,334
09DPR2522I,GRAL. FELIPE ANGELES,MATUTINO,2024-2025 | 2025-2026,09DPR1985J,GENERAL FELIPE ANGELES,Primaria,TLALPAN,-99.17483611,19.29858889,440,441,35.2381,15.6463,0,41.2698,182,441,79.5918,351,441,39.6825,175,441,18.8404,371,58.9569,260,441,1.7619,84.3537,372,441
09DPR2276P,COCONENCALLI,MATUTINO,2024-2025 | 2025-2026,09DPR2276P,COCONENCALLI,Primaria,VENUSTIANO CARRANZA,-99.05716111,19.42895556,502,484,35.2066,0.4132,0,62.6033,303,484,65.9091,319,484,47.1074,228,484,19.3101,455,63.2231,306,484,1.7603,99.5868,482,484
09DPR5006Q,ANTONIO CISNEROS Y CISNEROS,MATUTINO,2024-2025 | 2025-2026,09DPR5006Q,ANTONIO CISNEROS Y CISNEROS,Primaria,GUSTAVO A. MADERO,-99.12429444,19.54795278,608,605,35.2066,9.2562,0,55.8678,338,605,72.562,439,605,38.3471,232,605,18.584,530,62.6446,379,605,1.7603,90.7438,549,605
09DPR2889N,REPÚBLICA DEL ECUADOR,MATUTINO,2025-2026,09DPR2889N,REPÚBLICA DEL ECUADOR,Primaria,VENUSTIANO CARRANZA,-99.11635278,19.41898056,307,245,35.1837,0,0,62.0408,152,245,70.6122,173,245,43.2653,106,245,18.9787,202,68.9796,169,245,1.7592,100,245,245
09DPR3289Z,LUIS VARGAS PIÑEIRA,MATUTINO,2024-2025 | 2025-2026,09DPR3289Z,LUIS VARGAS PIÑEIRA,Primaria,IZTAPALAPA,-99.04848333,19.38628056,262,191,35.1832,0,0,46.5969,89,191,81.1518,155,191,48.1675,92,191,19.038,187,62.8272,120,191,1.7592,100,191,191
09DPR2093H,FRANCISCO VILLA,MATUTINO,2024-2025 | 2025-2026,09DPR2093H,FRANCISCO VILLA,Primaria,IZTAPALAPA,-99.06078333,19.33928889,338,141,35.1773,2.1277,0,59.5745,84,141,63.8298,90,141,50.3546,71,141,19.743,135,65.9574,93,141,1.7589,97.8723,138,141
09DPR3282G,PROFR. ROBERTO MARTÍNEZ  FLORES,VESPERTINO,2024-2025 | 2025-2026,09DPR2681X,PROFR. ROBERTO MARTÍNEZ FLORES,Primaria,GUSTAVO A. MADERO,-99.14220278,19.536725,109,86,35.1163,11.6279,0,51.1628,44,86,72.093,62,86,40.6977,35,86,18.9973,75,61.6279,53,86,1.7558,88.3721,76,86
09DPR4180Q,JOSÉ RUBEN ROMERO,VESPERTINO,2024-2025 | 2025-2026,09DPR0119L,JOSÉ RUBEN ROMERO,Primaria,IZTACALCO,-99.058425,19.41465,366,286,35.1049,0.3497,0,64.3357,184,286,71.6783,205,286,39.1608,112,286,18.7875,271,64.6853,185,286,1.7552,99.6503,285,286
09DPR2185Y,TRINIDAD Y TOBAGO,VESPERTINO,2024-2025 | 2025-2026,09DPR2184Z,TRINIDAD Y TOBAGO,Primaria,GUSTAVO A. MADERO,-99.08663333,19.47290278,96,106,35.0943,32.0755,0,51.8868,55,106,57.5472,61,106,33.9623,36,106,19.3986,72,55.6604,59,106,1.7547,67.9245,72,106
09DPR1081W,GRAL. JUAN DE LA LUZ ENRIQUEZ,VESPERTINO,2024-2025 | 2025-2026,09DPR1080X,GRAL. JUAN DE LA LUZ ENRIQUEZ,Primaria,IZTACALCO,-99.06160278,19.40627778,279,243,35.0617,1.6461,0,58.4362,142,243,79.0123,192,243,36.214,88,243,18.7547,212,66.6667,162,243,1.7531,98.3539,239,243
09DPR3043G,LEONA VICARIO,MATUTINO,2024-2025 | 2025-2026,09DPR3048B,LEONA VICARIO,Primaria,GUSTAVO A. MADERO,-99.15285,19.54879444,389,416,35.0481,14.1827,0,67.5481,281,416,56.9712,237,416,36.5385,152,416,19.8026,311,62.7404,261,416,1.7524,85.8173,357,416
09DPR2567E,GRAL. FRANCISCO J. MUJICA,MATUTINO,2024-2025 | 2025-2026,09DPR2567E,GRAL. FRANCISCO J. MUJICA,Primaria,VENUSTIANO CARRANZA,-99.07163056,19.42169444,339,321,35.0156,0.3115,0,52.648,169,321,79.4393,255,321,42.6791,137,321,19.4744,277,66.0436,212,321,1.7508,99.6885,320,321
09DPR0908Y,TLILALPACATL,MATUTINO,2024-2025 | 2025-2026,09DPR0908Y,TLILALPACATL,Primaria,IZTAPALAPA,-99.10504167,19.37264444,335,228,35,4.386,0,63.5965,145,228,67.1053,153,228,39.9123,91,228,18.563,216,62.7193,143,228,1.75,95.614,218,228
09DPR1404N,LA PRENSA,MATUTINO,2024-2025 | 2025-2026,09DPR1404N,LA PRENSA,Primaria,GUSTAVO A. MADERO,-99.12959722,19.46625278,278,299,34.9833,11.7057,0,74.5819,223,299,54.5151,163,299,34.1137,102,299,17.4751,253,66.2207,198,299,1.7492,88.2943,264,299
09DPR4229S,JOSÉ GUADALUPE POSADA,MATUTINO,2024-2025 | 2025-2026,09DPR4229S,JOSÉ GUADALUPE POSADA,Primaria,IZTAPALAPA,-99.00493889,19.34259167,372,218,34.9541,0,0,38.5321,84,218,90.367,197,218,45.8716,100,218,19.3329,213,58.7156,128,218,1.7477,100,218,218
09DPR2940U,PROFRA. CARMEN RAMOS DEL RIO,MATUTINO,2025-2026,09DPR2642V,PROFRA. CARMEN RAMOS DEL RIO,Primaria,IZTAPALAPA,-99.05248889,19.38660833,393,285,34.9474,1.0526,0,44.2105,126,285,74.7368,213,285,54.7368,156,285,20.0861,280,63.8596,182,285,1.7474,98.9474,282,285
09DPR2861H,SIERRA LEONA,MATUTINO,2024-2025,09DPR2861H,SIERRA LEONA,Primaria,MILPA ALTA,-99.00737222,19.19288611,473,458,34.9345,20.524,0,45.1965,207,458,72.4891,332,458,36.4629,167,458,18.7755,364,58.0786,266,458,1.7467,79.476,364,458
09DPR2207T,PROFR. ABEL GAMIZ OLIVAS,MATUTINO,2025-2026,09DPR2207T,PROFR. ABEL GAMIZ OLIVAS,Primaria,VENUSTIANO CARRANZA,-99.07956389,19.44301111,216,200,34.9,0.5,0,76,152,200,58,116,200,40,80,200,19.6179,179,66,132,200,1.745,99.5,199,200
09DPR2050J,MELCHOR OCAMPO,MATUTINO,2024-2025 | 2025-2026,09DPR5081X,MELCHOR OCAMPO,Primaria,IZTAPALAPA,-98.99296667,19.34795278,494,479,34.8643,8.977,0,53.0271,254,479,70.5637,338,479,41.7537,200,479,18.4268,436,61.5866,295,479,1.7432,91.023,436,479
09DPR2575N,PLAN DE AYALA,VESPERTINO,2024-2025,09PPR1488Q,PLAN DE AYALA,Primaria,MILPA ALTA,-99.075159,19.187855,310,170,34.8235,8.2353,0,64.7059,110,170,52.3529,89,170,48.8235,83,170,20.1378,156,61.7647,105,170,1.7412,91.7647,156,170
09DPR1018U,FRANCISCO SARABIA Y TINOCO,MATUTINO,2024-2025 | 2025-2026,09DPR1018U,FRANCISCO SARABIA Y TINOCO,Primaria,VENUSTIANO CARRANZA,-99.09082222,19.43048333,264,238,34.7899,0,0,61.7647,147,238,75.2101,179,238,36.9748,88,238,18.981,200,64.7059,154,238,1.7395,100,238,238
09DPR3225P,PROFR. MAXIMINO MARTÍNEZ ESTRELLA,MATUTINO,2024-2025 | 2025-2026,09DPR3225P,PROFR. MAXIMINO MARTÍNEZ ESTRELLA,Primaria,IZTAPALAPA,-99.01904444,19.37870556,391,276,34.7826,0,0,58.6957,162,276,63.4058,175,276,51.8116,143,276,19.4564,273,61.9565,171,276,1.7391,100,276,276
09DPR3189A,PROFR. FAUSTO ARROYO PÉREZ,MATUTINO,2024-2025 | 2025-2026,09DPR3189A,PROFR. FAUSTO ARROYO PÉREZ,Primaria,GUSTAVO A. MADERO,-99.12869444,19.55590278,597,556,34.7482,10.6115,0,58.9928,328,556,62.5899,348,556,41.5468,231,556,19.4122,484,60.4317,336,556,1.7374,89.3885,497,556
09DPR1637C,GRAL. GORDIANO GUZMÁN,VESPERTINO,2024-2025 | 2025-2026,09DPR1637C,GRAL. GORDIANO GUZMÁN,Primaria,AZCAPOTZALCO,-99.20494722,19.47516944,95,68,34.7059,27.9412,0,58.8235,40,68,55.8824,38,68,30.8824,21,68,19.1698,43,55.8824,38,68,1.7353,72.0588,49,68
09DPR1555T,LUIS CASTILLO LEDON,MATUTINO,2024-2025 | 2025-2026,09DPR1555T,LUIS CASTILLO LEDON,Primaria,MIGUEL HIDALGO,-99.20213611,19.44805278,481,487,34.7023,0.2053,0,60.5749,295,487,73.306,357,487,39.4251,192,487,19.0829,404,66.3244,323,487,1.7351,99.7947,486,487
09DPR2288U,JUAN RODRÍGUEZ PUEBLA,MATUTINO,2024-2025 | 2025-2026,09DPR2111G,JUAN RODRÍGUEZ PUEBLA,Primaria,IZTAPALAPA,-99.01573333,19.37775833,644,510,34.6667,0,0,51.5686,263,510,74.3137,379,510,47.451,242,510,19.2429,468,63.7255,325,510,1.7333,100,510,510
09DPR1752U,ANGELA PERALTA,MATUTINO,2024-2025 | 2025-2026,09DPR1584O,ANGELA PERALTA,Primaria,AZCAPOTZALCO,-99.14853056,19.47877778,156,116,34.6552,0,0,62.931,73,116,69.8276,81,116,40.5172,47,116,18.999,96,66.3793,77,116,1.7328,100,116,116
09DPR2710B,FRANCISCO DE P. MIRANDA,MATUTINO,2025-2026,09DPR2710B,FRANCISCO DE P. MIRANDA,Primaria,VENUSTIANO CARRANZA,-99.09323056,19.41629444,271,271,34.6125,0,0,67.8967,184,271,68.2657,185,271,36.9004,100,271,18.9326,218,67.8967,184,271,1.7306,100,271,271
09DPR1154Y,BANDERA DE MÉXICO,MATUTINO,2025-2026,09DPR1154Y,BANDERA DE MÉXICO,Primaria,IZTAPALAPA,-99.11218889,19.36725833,275,178,34.6067,0.5618,0,49.4382,88,178,78.6517,140,178,44.382,79,178,19.096,174,64.0449,114,178,1.7303,99.4382,177,178
09DPR4161B,RAFAEL DELGADO,VESPERTINO,2024-2025 | 2025-2026,09DPR4160C,RAFAEL DELGADO,Primaria,IZTAPALAPA,-99.00900556,19.34101667,181,89,34.6067,0,0,46.0674,41,89,80.8989,72,89,46.0674,41,89,51.6352,88,62.9213,56,89,1.7303,100,89,89
09DPR0913J,LIC. ALFREDO V. BONFIL,MATUTINO,2024-2025 | 2025-2026,09DPR0913J,LIC. ALFREDO V. BONFIL,Primaria,IZTACALCO,-99.08976944,19.39150278,422,391,34.578,0.5115,0,46.8031,183,391,83.6317,327,391,41.9437,164,391,18.6824,363,62.1483,243,391,1.7289,99.4885,389,391
09DPR0029T,PROFRA. ALICIA MARTÍNEZ MONTOYA,MATUTINO,2024-2025 | 2025-2026,09DPR4153T,PROFRA. ALICIA MARTÍNEZ MONTOYA,Primaria,IZTAPALAPA,-99.02378333,19.37379444,366,254,34.5669,0,0,62.2047,158,254,64.9606,165,254,45.6693,116,254,18.873,252,63.7795,162,254,1.7283,100,254,254
09DPR3248Z,LUIS BRAILLE,MATUTINO,2024-2025 | 2025-2026,09DJN0392B,LUIS BRAILLE,Preescolar,AZCAPOTZALCO,-99.20343056,19.51436111,538,449,34.5657,5.1225,0,64.1425,288,449,63.2517,284,449,40.3118,181,449,18.5687,422,59.2428,266,449,1.7283,94.8775,426,449
09DPR1574H,DEFENSORES DE LA REPÚBLICA,MATUTINO,2024-2025 | 2025-2026,09DPR1574H,DEFENSORES DE LA REPÚBLICA,Primaria,GUSTAVO A. MADERO,-99.14263611,19.47421111,198,169,34.5562,24.8521,0,46.1538,78,169,60.9467,103,169,40.8284,69,169,25.5811,127,53.2544,90,169,1.7278,75.1479,127,169
09DPR2642V,PROFRA. CARMEN RAMOS DEL RIO,VESPERTINO,2024-2025 | 2025-2026,09DPR2642V,PROFRA. CARMEN RAMOS DEL RIO,Primaria,IZTAPALAPA,-99.05248889,19.38660833,212,77,34.5455,0,0,72.7273,56,77,57.1429,44,77,42.8571,33,77,18.7233,73,58.4416,45,77,1.7273,100,77,77
09DPR1508I,MTRO. SILIO R. ESCALANTE,MATUTINO,2024-2025 | 2025-2026,09DPR1508I,MTRO. SILIO R. ESCALANTE,Primaria,GUSTAVO A. MADERO,-99.09245278,19.49827778,400,432,34.537,4.6296,0,62.2685,269,432,61.5741,266,432,44.213,191,432,18.2617,413,62.5,270,432,1.7269,95.3704,412,432
09DPR3150P,AUGUSTO COMTE,MATUTINO,2024-2025 | 2025-2026,09DPR3150P,AUGUSTO COMTE,Primaria,IZTACALCO,-99.06933333,19.39136389,448,399,34.5363,0.5013,0,58.6466,234,399,69.6742,278,399,43.8596,175,399,18.9698,358,63.6591,254,399,1.7268,99.4987,397,399
09DPR3192O,BRUNO TRAVEN,MATUTINO,2024-2025 | 2025-2026,09DPR3192O,BRUNO TRAVEN,Primaria,IZTAPALAPA,-99.04986667,19.39601389,299,296,34.527,0.3378,0,52.3649,155,296,80.4054,238,296,39.527,117,296,18.3624,266,63.5135,188,296,1.7264,99.6622,295,296
09DPR3012N,PROFRA. JUSTINA GONZÁLEZ MARTINEZ,MATUTINO,2024-2025 | 2025-2026,09DPR3012N,PROFRA. JUSTINA GONZÁLEZ MARTINEZ,Primaria,GUSTAVO A. MADERO,-99.1385,19.52385,405,453,34.5254,12.1413,0,47.2406,214,453,74.3929,337,453,38.8521,176,453,19.6799,358,60.9272,276,453,1.7263,87.8587,398,453
09DPR2708N,REPÚBLICA ARABE UNIDA,MATUTINO,2024-2025 | 2025-2026,09DPR1033M,REPÚBLICA ARABE UNIDA,Primaria,VENUSTIANO CARRANZA,-99.06414167,19.427875,420,318,34.4654,0.9434,0,60.6918,193,318,67.9245,216,318,42.7673,136,318,19.3,261,66.0377,210,318,1.7233,99.0566,315,318
09DPR2805P,ISIDRO FABELA,MATUTINO,2024-2025 | 2025-2026,09DPR2805P,ISIDRO FABELA,Primaria,IZTAPALAPA,-99.02515278,19.38039722,336,290,34.4138,0,0,54.8276,159,290,71.7241,208,290,45.5172,132,290,19.129,279,62.7586,182,290,1.7207,100,290,290
09DPR2641W,FRANCISCO MARQUEZ,MATUTINO,2024-2025 | 2025-2026,09DPR2641W,FRANCISCO MARQUEZ,Primaria,IZTAPALAPA,-99.01433056,19.36083333,381,225,34.4,1.7778,0,46.2222,104,225,83.1111,187,225,40.8889,92,225,18.6005,220,61.7778,139,225,1.72,98.2222,221,225
09DPR1065E,LEON GUZMÁN,MATUTINO,2024-2025 | 2025-2026,09DJN0664C,LEON GUZMÁN,Preescolar,ÁLVARO OBREGÓN,-99.21363889,19.37187222,512,453,34.3929,0,0,45.2539,205,453,76.6004,347,453,50.1104,227,453,19.2013,449,63.5762,288,453,1.7196,100,453,453
09DPR3226O,PROFR. MAXIMINO MARTÍNEZ ESTRELLA,VESPERTINO,2024-2025 | 2025-2026,09DPR3225P,PROFR. MAXIMINO MARTÍNEZ ESTRELLA,Primaria,IZTAPALAPA,-99.01904444,19.37870556,290,164,34.3902,0,0,61.5854,101,164,70.7317,116,164,39.6341,65,164,18.5485,163,57.3171,94,164,1.7195,100,164,164
09DPR3082I,PROFR. VICTORIANO GONZÁLEZ GARZON,MATUTINO,2024-2025 | 2025-2026,09DPR3079V,PROFR. VICTORIANO GONZÁLEZ GARZON,Primaria,VENUSTIANO CARRANZA,-99.05874444,19.43138056,428,320,34.375,0.9375,0,59.0625,189,320,72.1875,231,320,39.6875,127,320,19.0996,256,65.9375,211,320,1.7188,99.0625,317,320
09DPR0899G,ESTADO DE TLAXCALA,MATUTINO,2025-2026,09DPR2442X,ESTADO DE TLAXCALA,Primaria,CUAUHTÉMOC,-99.12740833,19.40860556,120,106,34.3396,0,0,55.6604,59,106,72.6415,77,106,43.3962,46,106,18.6936,94,65.0943,69,106,1.717,100,106,106
09DPR2894Z,DAVID ALFARO SIQUEIROS,VESPERTINO,2025-2026,09DPR2734L,DAVID ALFARO SIQUEIROS,Primaria,IZTACALCO,-99.10483889,19.38313333,90,77,34.2857,0,0,66.2338,51,77,68.8312,53,77,36.3636,28,77,19.5788,66,70.1299,54,77,1.7143,100,77,77
09DPR4192V,FRANCISCO SOSA,VESPERTINO,2024-2025 | 2025-2026,09DPR4191W,FRANCISCO SOSA,Primaria,IZTAPALAPA,-99.07173611,19.31676944,265,105,34.2857,0,0,59.0476,62,105,73.3333,77,105,39.0476,41,105,18.8647,102,64.7619,68,105,1.7143,100,105,105
09DPR2681X,PROFR. ROBERTO MARTÍNEZ FLORES,MATUTINO,2024-2025,09DPR2681X,PROFR. ROBERTO MARTÍNEZ FLORES,Primaria,GUSTAVO A. MADERO,-99.14220278,19.536725,329,287,34.2857,30.662,0,43.9024,126,287,61.6725,177,287,35.1916,101,287,20.2075,199,53.3101,153,287,1.7143,69.338,199,287
09DPR2406S,GRAL. MIGUEL ALEMAN,MATUTINO,2025-2026,09DPR2372S,GRAL. MIGUEL ALEMAN,Primaria,VENUSTIANO CARRANZA,-99.12265833,19.44278056,240,210,34.2857,24.2857,0,47.619,100,210,58.0952,122,210,41.4286,87,210,19.6248,157,55.2381,116,210,1.7143,75.7143,159,210
09DPR1005Q,BELGICA,MATUTINO,2024-2025 | 2025-2026,09DJN0380X,BELGICA,Preescolar,IZTAPALAPA,-99.043025,19.34668611,342,211,34.218,0,0,61.1374,129,211,70.1422,148,211,39.8104,84,211,19.1163,196,65.8768,139,211,1.7109,100,211,211
09DPR0911L,MAESTROS DE MÉXICO,MATUTINO,2024-2025 | 2025-2026,09DPR2230U,MAESTROS DE MÉXICO,Primaria,CUAJIMALPA DE MORELOS,-99.28223333,19.34231667,197,131,34.1985,0,0,51.9084,68,131,78.626,103,131,40.458,53,131,19.043,107,67.9389,89,131,1.7099,100,131,131
09DPR2964D,PROFR. FRANCISCO DE LA MAZA CUADRA,MATUTINO,2024-2025 | 2025-2026,09DPR2964D,PROFR. FRANCISCO DE LA MAZA CUADRA,Primaria,GUSTAVO A. MADERO,-99.06288611,19.4661,463,475,34.1895,22.7368,0,51.5789,245,475,62.3158,296,475,34.3158,163,475,19.0294,367,55.1579,262,475,1.7095,77.2632,367,475
09DPR1175K,EJERCITO DE ORIENTE,MATUTINO,2024-2025 | 2025-2026,09DPR2829Z,EJERCITO DE ORIENTE,Primaria,IZTAPALAPA,-99.02777778,19.36786389,470,275,34.1818,1.8182,0,41.4545,114,275,88,242,275,39.6364,109,275,18.4574,270,60.7273,167,275,1.7091,98.1818,270,275
09DPR0940G,LUIS CABRERA,MATUTINO,2024-2025 | 2025-2026,09PJN4911A,LUIS CABRERA,Preescolar,IZTAPALAPA,-99.002215,19.35047,686,536,34.1791,0.3731,0,65.1119,349,536,66.6045,357,536,38.806,208,536,18.9804,469,62.6866,336,536,1.709,99.6269,534,536
09DPR0960U,PINTOR GERARDO MURILLO,VESPERTINO,2024-2025 | 2025-2026,09DPR0960U,PINTOR GERARDO MURILLO,Primaria,IZTAPALAPA,-99.04325,19.3926,199,79,34.1772,1.2658,0,58.2278,46,79,74.6835,59,79,36.7089,29,79,17.6949,78,59.4937,47,79,1.7089,98.7342,78,79
09DPR2162N,PROFR. ALFONSO ANZORENA GONZÁLEZ,VESPERTINO,2024-2025 | 2025-2026,09DPR2161O,PROFR. ALFONSO ANZORENA GONZÁLEZ,Primaria,GUSTAVO A. MADERO,-99.09924722,19.50765833,87,79,34.1772,13.9241,0,62.0253,49,79,64.557,51,79,30.3797,24,79,18.2235,68,62.0253,49,79,1.7089,86.0759,68,79
09DPR1360G,MANUEL GUTIERREZ NAJERA,MATUTINO,2024-2025 | 2025-2026,09DPR1360G,MANUEL GUTIERREZ NAJERA,Primaria,GUSTAVO A. MADERO,-99.08584167,19.50059167,299,415,34.1687,8.6747,0,52.2892,217,415,66.747,277,415,43.1325,179,415,19.5479,361,61.2048,254,415,1.7084,91.3253,379,415
09DPR1003S,BENITO FENTANES,MATUTINO,2024-2025 | 2025-2026,09DPR1003S,BENITO FENTANES,Primaria,IZTACALCO,-99.08183611,19.40053333,99,336,34.1667,0.2976,0,52.6786,177,336,80.3571,270,336,37.5,126,336,18.431,290,62.5,210,336,1.7083,99.7024,335,336
09DPR1396V,DR. CARLOS BAUER,VESPERTINO,2024-2025 | 2025-2026,09DPR1396V,DR. CARLOS BAUER,Primaria,GUSTAVO A. MADERO,-99.09823889,19.48599722,92,72,34.1667,8.3333,0,56.9444,41,72,69.4444,50,72,36.1111,26,72,21.5293,58,59.7222,43,72,1.7083,91.6667,66,72
09DPR2099B,CEYLAN,MATUTINO,2024-2025 | 2025-2026,09DPR2099B,CEYLAN,Primaria,VENUSTIANO CARRANZA,-99.11319444,19.42287222,408,376,34.1489,1.5957,0,53.9894,203,376,74.4681,280,376,40.6915,153,376,19.1651,324,63.0319,237,376,1.7074,98.4043,370,376
09DPR0858G,PROFR. ANGEL SALAS BONILLA,MATUTINO,2024-2025 | 2025-2026,09DPR0836V,PROFR. ANGEL SALAS BONILLA,Primaria,IZTAPALAPA,-99.04865,19.34058611,437,231,34.1126,0,0,58.4416,135,231,59.7403,138,231,52.381,121,231,20.0969,227,61.4719,142,231,1.7056,100,231,231
09DPR3291O,PROFR. GAUDENCIO PERAZA,MATUTINO,2025-2026,09DPR3263S,PROFR. GAUDENCIO PERAZA,Primaria,IZTAPALAPA,-98.98970278,19.34816944,383,404,34.1089,0.495,0,55.4455,224,404,76.4851,309,404,38.1188,154,404,19.3369,350,63.8614,258,404,1.7054,99.505,402,404
09DPR0914I,GRAL. FELIPE BERRIOZABAL,MATUTINO,2024-2025 | 2025-2026,09DPR0914I,GRAL. FELIPE BERRIOZABAL,Primaria,GUSTAVO A. MADERO,-99.12901667,19.55631944,758,757,34.1083,8.7186,0,47.5561,360,757,73.3157,555,757,40.9511,310,757,19.259,632,59.9736,454,757,1.7054,91.2814,691,757
09DPR2478L,LUIS MURILLO,MATUTINO,2024-2025 | 2025-2026,09DPR2478L,LUIS MURILLO,Primaria,CUAUHTÉMOC,-99.13653333,19.44021944,172,173,34.104,0,0,46.8208,81,173,55.4913,96,173,68.2081,118,173,22.4485,136,62.4277,108,173,1.7052,100,173,173
09DPR2442X,ESTADO DE TLAXCALA,VESPERTINO,2024-2025 | 2025-2026,09DPR2442X,ESTADO DE TLAXCALA,Primaria,CUAUHTÉMOC,-99.12740833,19.40860556,96,78,34.1026,5.1282,0,73.0769,57,78,60.2564,47,78,32.0513,25,78,18.7015,65,65.3846,51,78,1.7051,94.8718,74,78
09DPR0952L,MTRO. ANDRES JUÁREZ SANTOS,MATUTINO,2024-2025 | 2025-2026,09DPR0952L,MTRO. ANDRES JUÁREZ SANTOS,Primaria,VENUSTIANO CARRANZA,-99.09668333,19.42368889,126,115,34.087,0,0,39.1304,45,115,81.7391,94,115,49.5652,57,115,19.7608,97,60.8696,70,115,1.7043,100,115,115
09DPR1082V,HEROES DE 1914,MATUTINO,2024-2025 | 2025-2026,09DPR1082V,HEROES DE 1914,Primaria,VENUSTIANO CARRANZA,-99.09636111,19.42509444,243,186,34.086,0,0,27.4194,51,186,84.4086,157,186,58.6022,109,186,20.4497,179,63.4409,118,186,1.7043,100,186,186
09DPR1575G,DEFENSOR DE ANAHUAC,VESPERTINO,2024-2025 | 2025-2026,09DPR1573I,DEFENSOR DE ANAHUAC,Primaria,GUSTAVO A. MADERO,-99.14245833,19.47479444,81,71,34.0845,32.3944,0,52.1127,37,71,54.9296,39,71,30.9859,22,71,18.8458,48,54.9296,39,71,1.7042,67.6056,48,71
09DPR0862T,VICENTE GUERRERO,MATUTINO,2024-2025 | 2025-2026,09DPR1779A,VICENTE GUERRERO,Primaria,CUAJIMALPA DE MORELOS,-99.28051944,19.34280833,490,321,34.081,0.9346,0,57.9439,186,321,62.3053,200,321,49.2212,158,321,19.9406,313,57.9439,186,321,1.704,99.0654,318,321
09DPR1800N,NACIONES UNIDAS,MATUTINO,2025-2026,09DPR1800N,NACIONES UNIDAS,Primaria,MIGUEL HIDALGO,-99.18629722,19.39604167,427,411,34.0633,0,0,47.6886,196,411,72.5061,298,411,50.1217,206,411,19.4217,397,61.3139,252,411,1.7032,100,411,411
09DPR5019U,INVESTIGACION EDUCATIVA,MATUTINO,2024-2025 | 2025-2026,09DPR5019U,INVESTIGACION EDUCATIVA,Primaria,CUAJIMALPA DE MORELOS,-99.28036111,19.37051667,281,304,34.0132,4.9342,0,71.3816,217,304,56.5789,172,304,37.1711,113,304,18.0879,280,61.8421,188,304,1.7007,95.0658,289,304
09DPR0965P,LIC. FERNANDO CASAS ALEMAN,VESPERTINO,2025-2026,09DPR0965P,LIC. FERNANDO CASAS ALEMAN,Primaria,VENUSTIANO CARRANZA,-99.09217778,19.44783611,105,80,34,0,0,56.25,45,80,76.25,61,80,37.5,30,80,23.5797,69,65,52,80,1.7,100,80,80
09DPR1349K,MTRO. JOSÉ HELIODORO BRAVO,MATUTINO,2024-2025 | 2025-2026,09DPR1349K,MTRO. JOSÉ HELIODORO BRAVO,Primaria,GUSTAVO A. MADERO,-99.08984444,19.45888056,123,123,33.9837,32.5203,0,39.8374,49,123,56.9106,70,123,40.6504,50,123,19.5301,83,52.0325,64,123,1.6992,67.4797,83,123
09DPR1295X,GREGORIO MARIAS,MATUTINO,2024-2025 | 2025-2026,09DPR1295X,GREGORIO MARÍAS,Primaria,IZTAPALAPA,-99.04033611,19.34008056,472,335,33.9701,0,0,61.791,207,335,67.7612,227,335,40.2985,135,335,19.0179,279,63.8806,214,335,1.6985,100,335,335
09DPR3249Z,LUIS BRAILLE,VESPERTINO,2024-2025 | 2025-2026,09DJN0392B,LUIS BRAILLE,Preescolar,AZCAPOTZALCO,-99.20343056,19.51436111,470,411,33.9659,0.9732,0,81.5085,335,411,44.2822,182,411,43.0657,177,411,20.6368,405,60.3406,248,411,1.6983,99.0268,407,411
09DPR1002T,PROFR. BRAULIO RODRÍGUEZ,MATUTINO,2024-2025 | 2025-2026,09DPR1002T,PROFR. BRAULIO RODRÍGUEZ,Primaria,IZTAPALAPA,-99.03013056,19.38370833,535,320,33.9375,3.75,0,40.9375,131,320,87.1875,279,320,37.8125,121,320,18.4227,308,58.125,186,320,1.6969,96.25,308,320
09DPR0970A,ESTADO DE PUEBLA,MATUTINO,2024-2025 | 2025-2026,09DPR0970A,ESTADO DE PUEBLA,Primaria,VENUSTIANO CARRANZA,-99.10538056,19.42911944,308,290,33.931,0.3448,0,42.7586,124,290,84.1379,244,290,42.4138,123,290,18.9353,272,58.9655,171,290,1.6966,99.6552,289,290
09DPR2566F,JUAN JACOBO ROUSSEAU,MATUTINO,2024-2025 | 2025-2026,09DPR2566F,JUAN JACOBO ROUSSEAU,Primaria,GUSTAVO A. MADERO,-99.06687778,19.47952222,303,359,33.9276,41.7827,0,47.9109,172,359,52.9248,190,359,27.0195,97,359,19.1388,209,50.4178,181,359,1.6964,58.2173,209,359
09DPR2471S,MI PATRIA ES PRIMERO,VESPERTINO,2025-2026,09DPR3045E,MI PATRIA ES PRIMERO,Primaria,IZTAPALAPA,-99.06026111,19.36169167,73,46,33.913,0,0,67.3913,31,46,65.2174,30,46,36.9565,17,46,18.4239,46,58.6957,27,46,1.6957,100,46,46
09DPR0980H,EMPERADOR ITZCOATL,VESPERTINO,2024-2025 | 2025-2026,09DPR0980H,EMPERADOR ITZCOATL,Primaria,IZTAPALAPA,-99.03611389,19.37771389,299,115,33.913,6.087,0,66.9565,77,115,66.087,76,115,30.4348,35,115,18.8667,108,64.3478,74,115,1.6957,93.913,108,115
09DPR3055L,LAZARO CARDENAS,VESPERTINO,2024-2025 | 2025-2026,09DPR3090R,LAZARO CARDENAS,Primaria,GUSTAVO A. MADERO,-99.15,19.54074722,308,298,33.8926,9.7315,0,55.7047,166,298,70.1342,209,298,33.8926,101,298,16.8138,268,62.0805,185,298,1.6946,90.2685,269,298
09DPR1892U,ALFONSO TEJA ZABRE,MATUTINO,2024-2025,09DPR1892U,ALFONSO TEJA ZABRE,Primaria,LA MAGDALENA CONTRERAS,-99.2285,19.30939722,435,401,33.8653,9.9751,0,52.1197,209,401,63.591,255,401,43.6409,175,401,19.1374,364,59.1022,237,401,1.6933,90.0249,361,401
09DPR2680Y,HERMANOS SERDAN,MATUTINO,2024-2025 | 2025-2026,09DPR2680Y,HERMANOS SERDAN,Primaria,IZTAPALAPA,-99.01268889,19.34476389,610,381,33.8583,0.2625,0,46.1942,176,381,75.0656,286,381,47.769,182,381,19.0482,371,61.1549,233,381,1.6929,99.7375,380,381
09DPR2094G,GUADALUPE CENICEROS DE PÉREZ ZAVALETA,VESPERTINO,2024-2025 | 2025-2026,09DPR2094G,GUADALUPE CENICEROS DE PÉREZ ZAVALETA,Primaria,IZTAPALAPA,-99.05848889,19.35068889,88,65,33.8462,0,0,46.1538,30,65,76.9231,50,65,46.1538,30,65,18.5344,64,58.4615,38,65,1.6923,100,65,65
09DPR2386V,JULIO ZARATE,MATUTINO,2024-2025 | 2025-2026,09DPR2386V,JULIO ZARATE,Primaria,VENUSTIANO CARRANZA,-99.11955278,19.44046944,117,117,33.8462,1.7094,0,62.3932,73,117,67.5214,79,117,37.6068,44,117,18.9837,98,63.2479,74,117,1.6923,98.2906,115,117
09DPR4191W,FRANCISCO SOSA,MATUTINO,2024-2025 | 2025-2026,09DPR4191W,FRANCISCO SOSA,Primaria,IZTAPALAPA,-99.07173611,19.31676944,399,227,33.8326,0.4405,0,41.4097,94,227,75.3304,171,227,51.9824,118,227,19.5646,223,59.9119,136,227,1.6916,99.5595,226,227
09DPR3177W,JUANA PAVON DE MORELOS,MATUTINO,2024-2025 | 2025-2026,09DJN0047S,JUANA PAVON DE MORELOS,Preescolar,IZTAPALAPA,-99.13075278,19.36947778,300,158,33.7975,0,0,39.8734,63,158,78.481,124,158,50.6329,80,158,19.2848,158,60.7595,96,158,1.6899,100,158,158
09DPR2826B,LIC. JOSE ANGEL CENICEROS,MATUTINO,2025-2026,09DPR2826B,LIC. JOSÉ ANGEL CENICEROS,Primaria,IZTAPALAPA,-99.07299722,19.302125,447,390,33.7949,0,0,55.641,217,390,70.2564,274,390,43.0769,168,390,19.1234,364,63.5897,248,390,1.6897,100,390,390
09DPR5086S,NICOLAS BRAVO,VESPERTINO,2024-2025 | 2025-2026,09DBN0079B,NICOLAS BRAVO,Primaria,GUSTAVO A. MADERO,-99.08130278,19.49550278,239,74,33.7838,1.3514,0,70.2703,52,74,63.5135,47,74,33.7838,25,74,18.7418,67,60.8108,45,74,1.6892,98.6486,73,74
09DPR3255J,PROFR. GERARDO BRUNO SEVILLA HERNÁNDEZ,VESPERTINO,2024-2025 | 2025-2026,09DBS0042J,PROFR. GERARDO BRUNO SEVILLA HERNÁNDEZ,Adultos - Secundaria,IZTAPALAPA,-99.07276667,19.30278333,164,106,33.7736,0,0,66.9811,71,106,57.5472,61,106,44.3396,47,106,19.6306,85,66.9811,71,106,1.6887,100,106,106
09DPR1839Z,"""ESC. PRIM. ANEXA A LA BENM """"LUIS HIDALGO MONROY""""""",MATUTINO,2025-2026,09DPR1839Z,"ESC. PRIM. ANEXA A LA BENM ""LUIS HIDALGO MONROY""",Primaria,MIGUEL HIDALGO,-99.16828056,19.44533889,509,466,33.7339,0,0,33.691,157,466,90.1288,420,466,44.8498,209,466,18.7194,448,60.9442,284,466,1.6867,100,466,466
09DPR1409I,JULIO S. HERNANDEZ,MATUTINO,2024-2025 | 2025-2026,09DPR1409I,JULIO S. HERNANDEZ,Primaria,GUSTAVO A. MADERO,-99.06605833,19.47439722,413,459,33.7255,22.0044,0,52.2876,240,459,59.695,274,459,34.6405,159,459,18.9184,358,54.4662,250,459,1.6863,77.9956,358,459
09DPR2388T,MAESTRO JULIAN CARRILLO,MATUTINO,2024-2025 | 2025-2026,09DPR2388T,MAESTRO JULIAN CARRILLO,Primaria,CUAUHTÉMOC,-99.13258611,19.46054722,245,216,33.7037,2.3148,0,54.1667,117,216,63.8889,138,216,48.1481,104,216,19.7137,197,58.7963,127,216,1.6852,97.6852,211,216
09DPR5008O,CALPULLI CALTONGO,MATUTINO,2024-2025 | 2025-2026,09DPR5008O,CALPULLI CALTONGO,Primaria,XOCHIMILCO,-99.0794,19.26101111,215,180,33.6667,5,0,70.5556,127,180,48.3333,87,180,44.4444,80,180,19.0427,171,54.4444,98,180,1.6833,95,171,180
09DPR2747P,MAESTRO DOMINGO TIRADO BENEDI,MATUTINO,2024-2025 | 2025-2026,09DPR2646R,MAESTRO DOMINGO TIRADO BENEDI,Primaria,IZTAPALAPA,-99.06817222,19.34065278,390,284,33.662,0.3521,0,58.0986,165,284,62.3239,177,284,47.5352,135,284,19.3037,270,58.8028,167,284,1.6831,99.6479,283,284
09DPR1238F,OMETECUHTLI,VESPERTINO,2024-2025 | 2025-2026,09DPR1236H,OMETECUHTLI,Primaria,IZTAPALAPA,-99.09575556,19.35441389,225,154,33.6364,1.2987,0,64.9351,100,154,65.5844,101,154,36.3636,56,154,18.7962,130,63.6364,98,154,1.6818,98.7013,152,154
09DPR1379E,LUIS MARTÍNEZ  MURILLO,MATUTINO,2024-2025 | 2025-2026,09DPR1379E,LUIS MARTÍNEZ  MURILLO,Primaria,GUSTAVO A. MADERO,-99.07515556,19.47205,281,308,33.6364,28.5714,0,42.5325,131,308,64.9351,200,308,32.1429,99,308,18.6382,220,52.2727,161,308,1.6818,71.4286,220,308
09DPR5013Z,NUEVA ZELANDIA,MATUTINO,2024-2025 | 2025-2026,09DPR5013Z,NUEVA ZELANDIA,Primaria,IZTAPALAPA,-98.97598056,19.33048889,706,508,33.622,2.7559,0,42.5197,216,508,71.2598,362,508,51.5748,262,508,19.6973,487,58.6614,298,508,1.6811,97.2441,494,508
09DPR0945B,ANTONIO DE MENDOZA,MATUTINO,2024-2025 | 2025-2026,09DPR0945B,ANTONIO DE MENDOZA,Primaria,IZTACALCO,-99.07314444,19.39434167,339,279,33.6201,0.3584,0,60.2151,168,279,67.7419,189,279,39.7849,111,279,19.7835,218,63.7993,178,279,1.681,99.6416,278,279
09DPR5093B,PROFR. LEOPOLDO VELAZQUEZ ACUÑA,MATUTINO,2025-2026,09DPR5093B,PROFR. LEOPOLDO VELAZQUEZ ACUÑA,Primaria,IZTAPALAPA,-99.07602778,19.36111389,181,72,33.6111,1.3889,0,47.2222,34,72,65.2778,47,72,54.1667,39,72,19.1225,71,59.7222,43,72,1.6806,98.6111,71,72
09DPR1408J,JOSÉ CLEMENTE OROZCO,MATUTINO,2024-2025 | 2025-2026,09DPR1408J,JOSÉ CLEMENTE OROZCO,Primaria,GUSTAVO A. MADERO,-99.10118611,19.45361667,324,316,33.6076,13.6076,0,59.1772,187,316,64.557,204,316,30.6962,97,316,19.2279,226,59.8101,189,316,1.6804,86.3924,273,316
09DPR1628V,SOTERO PRIETO,MATUTINO,2024-2025,09DPR1631I,SOTERO PRIETO,Primaria,AZCAPOTZALCO,-99.17723611,19.49135278,268,271,33.5793,22.1402,0,38.3764,104,271,70.4797,191,271,36.9004,100,271,18.9787,211,54.6125,148,271,1.679,77.8598,211,271
09DPR2225I,GAMBIA,MATUTINO,2024-2025,09DPR2225I,GAMBIA,Primaria,LA MAGDALENA CONTRERAS,-99.24966667,19.31568611,286,277,33.574,1.8051,0,66.065,183,277,51.9856,144,277,48.0144,133,277,18.6674,273,59.9278,166,277,1.6787,98.1949,272,277
09DPR2851A,LIC. JOSE ANGEL CENICEROS,VESPERTINO,2024-2025 | 2025-2026,09DPR2826B,LIC. JOSÉ ANGEL CENICEROS,Primaria,IZTAPALAPA,-99.07299722,19.302125,281,143,33.5664,0.6993,0,76.9231,110,143,42.6573,61,143,47.5524,68,143,19.3993,142,59.4406,85,143,1.6783,99.3007,142,143
09DPR1023F,FRANCISCO GOITIA,MATUTINO,2024-2025 | 2025-2026,09DPR3044F,FRANCISCO GOITIA,Primaria,GUSTAVO A. MADERO,-99.15157778,19.52920556,313,286,33.5664,0,0,48.2517,138,286,76.2238,218,286,43.3566,124,286,18.8963,244,61.5385,176,286,1.6783,100,286,286
09DPR2939E,REPÚBLICA POPULAR SOCIALISTA DE ALBANIA,VESPERTINO,2024-2025 | 2025-2026,09DPR2939E,REPÚBLICA POPULAR SOCIALISTA DE ALBANIA,Primaria,IZTAPALAPA,-99.02520556,19.35540556,217,143,33.5664,3.4965,0,65.035,93,143,67.1329,96,143,32.1678,46,143,18.4939,114,64.3357,92,143,1.6783,96.5035,138,143
09DPR2935I,JUAN ANTONIO DE LA FUENTE,MATUTINO,2024-2025 | 2025-2026,09DBA0199K,JUAN ANTONIO DE LA FUENTE,Adultos - Primaria,IZTAPALAPA,-99.07806944,19.38701111,543,68,33.5294,4.4118,0,55.8824,38,68,77.9412,53,68,29.4118,20,68,17.1186,59,64.7059,44,68,1.6765,95.5882,65,68
09DPR5037J,RAFAEL SOLANA,MATUTINO,2024-2025 | 2025-2026,09DPR5059V,RAFAEL SOLANA,Primaria,IZTAPALAPA,-99.00646389,19.37054722,573,397,33.5013,5.5416,0,48.8665,194,397,69.2695,275,397,43.8287,174,397,19.0558,360,59.4458,236,397,1.6751,94.4584,375,397
09DPR2847O,PROFR. PABLO DAMIAN GONZÁLEZ,VESPERTINO,2024-2025 | 2025-2026,09DPR2825C,PROFR. PABLO DAMIAN GONZÁLEZ,Primaria,GUSTAVO A. MADERO,-99.07673889,19.49731667,126,98,33.4694,42.8571,0,39.7959,39,98,27.551,27,98,57.1429,56,98,26.1054,56,47.9592,47,98,1.6735,57.1429,56,98
09DPR3020W,IGNACIO MARISCAL,MATUTINO,2024-2025 | 2025-2026,09DPR3020W,IGNACIO MARISCAL,Primaria,GUSTAVO A. MADERO,-99.055075,19.45634167,522,587,33.4583,15.6729,0,46.8484,275,587,70.5281,414,587,34.2419,201,587,18.2985,476,56.0477,329,587,1.6729,84.3271,495,587
09DPR1450Z,FUERTE DE LORETO,MATUTINO,2024-2025 | 2025-2026,09DPR1450Z,FUERTE DE LORETO,Primaria,GUSTAVO A. MADERO,-99.12859722,19.51777778,342,373,33.4048,13.941,0,50.9383,190,373,68.9008,257,373,33.244,124,373,18.371,276,58.445,218,373,1.6702,86.059,321,373
09DPR3138U,ALBERTO EINSTEIN,MATUTINO,2024-2025 | 2025-2026,09DPR3138U,ALBERTO EINSTEIN,Primaria,IZTAPALAPA,-98.9994,19.34212778,610,491,33.4012,0.2037,0,55.6008,273,491,72.0978,354,491,39.1039,192,491,18.6577,428,61.9145,304,491,1.6701,99.7963,490,491
09DPR1774F,EL PIPILA,MATUTINO,2024-2025 | 2025-2026,09DPR1774F,EL PIPILA,Primaria,MIGUEL HIDALGO,-99.1921,19.412475,190,215,33.3953,0.4651,0,67.4419,145,215,59.0698,127,215,40,86,215,18.6196,194,59.5349,128,215,1.6698,99.5349,214,215
09DPR1732G,CENTRO ESCOLAR MÉXICO,MATUTINO,2024-2025 | 2025-2026,09PPR1710Z,CENTRO ESCOLAR MÉXICO,Primaria,IZTAPALAPA,-98.99792,19.348589,158,151,33.3775,1.3245,0,43.0464,65,151,69.5364,105,151,52.9801,80,151,19.6286,140,58.2781,88,151,1.6689,98.6755,149,151
09DPR1526Y,CHICOMOSTOC,VESPERTINO,2024-2025 | 2025-2026,09DPR1521C,CHICOMOSTOC,Primaria,GUSTAVO A. MADERO,-99.096525,19.50433333,154,165,33.3333,29.697,0,58.1818,96,165,52.1212,86,165,26.6667,44,165,18.6422,116,53.9394,89,165,1.6667,70.303,116,165
09DPR3044F,FRANCISCO GOITIA,VESPERTINO,2024-2025 | 2025-2026,09DPR3044F,FRANCISCO GOITIA,Primaria,GUSTAVO A. MADERO,-99.15157778,19.52920556,165,155,33.2903,7.7419,0,41.9355,65,155,74.1935,115,155,42.5806,66,155,19.7759,133,59.3548,92,155,1.6645,92.2581,143,155
09DPR5027C,LEONA VICARIO,MATUTINO,2024-2025 | 2025-2026,09DPR3048B,LEONA VICARIO,Primaria,GUSTAVO A. MADERO,-99.15285,19.54879444,345,321,33.271,19.0031,0,47.6636,153,321,63.2399,203,321,36.4486,117,321,18.4335,260,52.648,169,321,1.6636,80.9969,260,321
09DPR1369Y,ALEJANDRO DE HUMBOLDT,VESPERTINO,2024-2025 | 2025-2026,09DPR1365B,ALEJANDRO DE HUMBOLDT,Primaria,GUSTAVO A. MADERO,-99.12674444,19.503825,164,184,33.2609,15.2174,0,64.1304,118,184,59.2391,109,184,27.7174,51,184,19.5427,143,56.5217,104,184,1.663,84.7826,156,184
09DPR2563I,TLAMACHIHUAPAN,MATUTINO,2024-2025,09DPR2655Z,TLAMACHIHUAPAN,Primaria,XOCHIMILCO,-99.07363056,19.24300278,668,672,33.244,7.5893,0,41.6667,280,672,76.0417,511,672,40.9226,275,672,18.3654,621,57.7381,388,672,1.6622,92.4107,621,672
09DPR1044S,PLAN DE AYUTLA,MATUTINO,2024-2025 | 2025-2026,09DPR1044S,PLAN DE AYUTLA,Primaria,VENUSTIANO CARRANZA,-99.09669444,19.445675,274,192,33.2292,1.5625,0,62.5,120,192,54.1667,104,192,47.9167,92,192,20.2673,162,61.9792,119,192,1.6615,98.4375,189,192
09DPR2409P,DR. MIGUEL SILVA,MATUTINO,2025-2026,09DPR1725X,DR. MIGUEL SILVA,Primaria,MIGUEL HIDALGO,-99.20656389,19.45525833,220,233,33.2189,6.0086,0,51.073,119,233,66.0944,154,233,42.9185,100,233,19.3535,200,58.3691,136,233,1.6609,93.9914,219,233
09DPR1695T,MAESTRO ANTONIO CASO,MATUTINO,2024-2025 | 2025-2026,09DPR1695T,MAESTRO ANTONIO CASO,Primaria,MIGUEL HIDALGO,-99.19488056,19.44243611,129,103,33.2039,0,0,57.2816,59,103,66.9903,69,103,41.7476,43,103,18.9939,82,62.1359,64,103,1.6602,100,103,103
09DPR1935B,JOSEFA ORTIZ DE DOMÍNGUEZ,MATUTINO,2024-2025 | 2025-2026,09DJN1098F,JOSEFA ORTIZ DE DOMÍNGUEZ,Preescolar,IZTAPALAPA,-99.01217778,19.34653056,351,350,33.2,6.5714,0,38.2857,134,350,74.8571,262,350,46.2857,162,350,18.4309,327,58,203,350,1.66,93.4286,327,350
09DPR2706P,PROFR. RAFAEL CRUZ MANJARREZ,VESPERTINO,2024-2025 | 2025-2026,09DPR2713Z,PROFR. RAFAEL CRUZ MANJARREZ,Primaria,TLALPAN,-99.16844722,19.266075,321,229,33.1878,0.4367,0,84.2795,193,229,37.5546,86,229,43.6681,100,229,18.6722,227,58.0786,133,229,1.6594,99.5633,228,229
09DPR1927T,MARIANO ABASOLO,MATUTINO,2024-2025,09DPR1926U,MARIANO ABASOLO,Primaria,LA MAGDALENA CONTRERAS,-99.23381389,19.30567222,401,349,33.1805,10.3152,0,51.8625,181,349,58.1662,203,349,45.5587,159,349,19.3121,313,54.7278,191,349,1.659,89.6848,313,349
09DPR5038I,RUFINO TAMAYO,MATUTINO,2024-2025 | 2025-2026,09DPR5038I,RUFINO TAMAYO,Primaria,IZTAPALAPA,-99.00551389,19.37272222,604,522,33.1801,0.1916,0,56.1303,293,522,65.5172,342,522,44.0613,230,522,18.9408,500,59.5785,311,522,1.659,99.8084,521,522
09DPR1754S,CATORCE DE ABRIL,MATUTINO,2024-2025 | 2025-2026,09DPR1754S,CATORCE DE ABRIL,Primaria,MIGUEL HIDALGO,-99.18056944,19.40478333,310,269,33.1599,0.3717,0,47.5836,128,269,75.8364,204,269,42.0074,113,269,19.3742,240,61.71,166,269,1.658,99.6283,268,269
09DPR2148U,MAGISTERIO MEXICANO,MATUTINO,2024-2025 | 2025-2026,09DPR2148U,MAGISTERIO MEXICANO,Primaria,AZCAPOTZALCO,-99.197675,19.49001389,209,195,33.1282,31.2821,0,36.4103,71,195,62.5641,122,195,35.3846,69,195,19.0784,134,50.7692,99,195,1.6564,68.7179,134,195
09DPR4193U,DANIEL RAMIREZ PÉREZ,MATUTINO,2024-2025,09DPR4193U,DANIEL RAMIREZ PÉREZ,Primaria,XOCHIMILCO,-99.12149722,19.21893333,461,437,33.0435,19.222,0,62.4714,273,437,47.1396,206,437,36.3844,159,437,18.7462,353,51.2586,224,437,1.6522,80.778,353,437
09DPR2267H,MANUEL C. TELLO,MATUTINO,2024-2025 | 2025-2026,09DPR2267H,MANUEL C. TELLO,Primaria,IZTAPALAPA,-99.02779444,19.38387778,500,329,33.0091,0.304,0,56.8389,187,329,62.614,206,329,45.2888,149,329,19.4198,323,59.5745,196,329,1.6505,99.696,328,329
09DPR0977U,LIC. ERNESTO ENRIQUEZ,MATUTINO,2025-2026,09DPR0977U,LIC. ERNESTO ENRIQUEZ,Primaria,VENUSTIANO CARRANZA,-99.09784167,19.44365278,233,226,33.0088,2.6549,0,49.5575,112,226,74.7788,169,226,38.0531,86,226,17.9274,219,55.7522,126,226,1.6504,97.3451,220,226
09DPR1049N,INSURGENTE PEDRO MORENO,MATUTINO,2025-2026,09DPR1049N,INSURGENTE PEDRO MORENO,Primaria,IZTAPALAPA,-99.05126389,19.38991944,213,191,32.9843,0.5236,0,56.5445,108,191,61.7801,118,191,46.0733,88,191,20.6145,152,62.3037,119,191,1.6492,99.4764,190,191
09DPR3032A,ALBERTO EINSTEIN,VESPERTINO,2024-2025 | 2025-2026,09DPR3138U,ALBERTO EINSTEIN,Primaria,IZTAPALAPA,-98.9994,19.34212778,329,182,32.967,2.7473,0,60.4396,110,182,63.1868,115,182,38.4615,70,182,17.9466,176,55.4945,101,182,1.6484,97.2527,177,182
09DPR2109S,LEOPOLDO KIEL,MATUTINO,2024-2025 | 2025-2026,09DPR2109S,LEOPOLDO KIEL,Primaria,IZTAPALAPA,-99.04111111,19.39029722,586,162,32.963,2.4691,0,48.7654,79,162,71.6049,116,162,41.9753,68,162,17.9968,156,58.642,95,162,1.6481,97.5309,158,162
09DPR2650D,NICOLÁS GARCÍA DE SAN VICENTE,MATUTINO,2024-2025 | 2025-2026,09DPR2649O,NICOLÁS GARCÍA DE SAN VICENTE,Primaria,IZTAPALAPA,-98.99713056,19.36394722,398,317,32.8707,2.2082,0,64.3533,204,317,59.6215,189,317,38.1703,121,317,18.7385,275,59.9369,190,317,1.6435,97.7918,310,317
09DPR2184Z,TRINIDAD Y TOBAGO,MATUTINO,2024-2025 | 2025-2026,09DPR2184Z,TRINIDAD Y TOBAGO,Primaria,GUSTAVO A. MADERO,-99.08663333,19.47290278,241,230,32.8696,28.2609,0,38.2609,88,230,65.6522,151,230,32.1739,74,230,21.1115,165,50,115,230,1.6435,71.7391,165,230
09DPR1223D,REPÚBLICA DE BRASIL,MATUTINO,2025-2026,09DJN1115F,REPÚBLICA DE BRASIL,Preescolar,TLÁHUAC,-99.00451667,19.25905556,442,367,32.861,0.545,0,45.7766,168,367,69.7548,256,367,48.2289,177,367,18.9718,362,56.6757,208,367,1.6431,99.455,365,367
09DPR1924W,MELCHOR MUZQUIZ,MATUTINO,2024-2025 | 2025-2026,09DPR1924W,MELCHOR MUZQUIZ,Primaria,ÁLVARO OBREGÓN,-99.19110556,19.34251667,334,350,32.8571,0.5714,0,64.5714,226,350,52.8571,185,350,46.2857,162,350,18.7921,328,60,210,350,1.6429,99.4286,348,350
09DPR2538J,VICTOR MARIA FLORES,MATUTINO,2025-2026,09DPR2538J,VICTOR MARIA FLORES,Primaria,CUAUHTÉMOC,-99.15360833,19.42792222,157,137,32.8467,0,0,54.0146,74,137,68.6131,94,137,41.6058,57,137,19.3579,121,59.854,82,137,1.6423,100,137,137
09DPR1052A,PONCIANO QUIROZ HERRERA,MATUTINO,2024-2025 | 2025-2026,09DPR1052A,PONCIANO QUIROZ HERRERA,Primaria,IZTACALCO,-99.0733,19.39359444,385,312,32.8205,5.7692,0,43.5897,136,312,68.5897,214,312,46.1538,144,312,19.7468,293,58.3333,182,312,1.641,94.2308,294,312
09DPR1198V,TEOFILO CEDILLO GRANADOS,MATUTINO,2024-2025 | 2025-2026,09DBA0048E,TEOFILO CEDILLO GRANADOS,Adultos - Primaria,IZTAPALAPA,-99.09682222,19.35934722,449,264,32.803,4.1667,0,55.303,146,264,61.3636,162,264,43.1818,114,264,19.2289,239,56.0606,148,264,1.6402,95.8333,253,264
09DPR1907F,RUBEN DARIO,MATUTINO,2024-2025 | 2025-2026,09DPR1907F,RUBEN DARIO,Primaria,LA MAGDALENA CONTRERAS,-99.24196667,19.316625,495,464,32.8017,5.6034,0,37.069,172,464,80.1724,372,464,41.1638,191,464,18.7822,439,53.8793,250,464,1.6401,94.3966,438,464
09DPR2262M,ESTADO DE LESOTHO,MATUTINO,2024-2025 | 2025-2026,09DPR2262M,ESTADO DE LESOTHO,Primaria,IZTAPALAPA,-99.04795556,19.39475278,478,358,32.7933,0.5587,0,34.3575,123,358,79.8883,286,358,49.162,176,358,19.0665,355,60.3352,216,358,1.6397,99.4413,356,358
09DPR2271U,LOS DERECHOS DEL NIÑO,MATUTINO,2025-2026,09DPR2271U,LOS DERECHOS DEL NIÑO,Primaria,IZTAPALAPA,-99.03585,19.34562222,498,369,32.7913,2.168,0,48.5095,179,369,71.5447,264,369,41.7344,154,369,19.0228,359,57.1816,211,369,1.6396,97.832,361,369
09DPR0961T,PROFR. GONZALO PEÑA TRONCOSO,MATUTINO,2025-2026,09DPR0961T,PROFR. GONZALO PEÑA TRONCOSO,Primaria,VENUSTIANO CARRANZA,-99.07615556,19.41346389,303,277,32.7798,0,0,43.6823,121,277,73.2852,203,277,46.9314,130,277,19.7263,232,62.4549,173,277,1.639,100,277,277
09DPR1096Y,EL CHAMIZAL,MATUTINO,2024-2025 | 2025-2026,09DPR1096Y,EL CHAMIZAL,Primaria,MIGUEL HIDALGO,-99.21656389,19.43289722,289,299,32.7759,0.3344,0,52.8428,158,299,66.8896,200,299,43.8127,131,299,20.131,261,57.5251,172,299,1.6388,99.6656,298,299
09DPR1229Y,PLAN DE SAN LUIS,MATUTINO,2024-2025 | 2025-2026,09DPR2864E,PLAN DE SAN LUIS,Primaria,IZTAPALAPA,-99.10947778,19.34435,463,213,32.77,0.4695,0,48.8263,104,213,68.5446,146,213,46.0094,98,213,19.1469,207,58.6854,125,213,1.6385,99.5305,212,213
09DPR2205V,MARRUECOS,MATUTINO,2024-2025 | 2025-2026,09DPR2205V,MARRUECOS,Primaria,VENUSTIANO CARRANZA,-99.08576667,19.43855278,233,210,32.7619,4.7619,0,53.8095,113,210,58.5714,123,210,46.6667,98,210,19.5668,184,56.1905,118,210,1.6381,95.2381,200,210
09DPR2209R,REPÚBLICA DE ISLANDIA,VESPERTINO,2025-2026,09DPR2209R,REPÚBLICA DE ISLANDIA,Primaria,VENUSTIANO CARRANZA,-99.08748056,19.44231111,43,69,32.7536,43.4783,0,52.1739,36,69,50.7246,35,69,17.3913,12,69,18.0769,39,50.7246,35,69,1.6377,56.5217,39,69
09DPR2334P,ESTADO DE DURANGO,MATUTINO,2025-2026,09DPR2334P,ESTADO DE DURANGO,Primaria,CUAUHTÉMOC,-99.13395,19.44626667,404,371,32.7224,0,0,53.9084,200,371,62.8032,233,371,46.9003,174,371,19.9048,330,61.7251,229,371,1.6361,100,371,371
09DPR2056D,PLAN DE GUADALUPE,VESPERTINO,2024-2025,09DBA0165U,PLAN DE GUADALUPE,Adultos - Primaria,TLÁHUAC,-99.0369,19.29743333,340,222,32.7027,6.3063,0,51.3514,114,222,65.7658,146,222,40.0901,89,222,19.1601,208,56.7568,126,222,1.6351,93.6937,208,222
09DPR2329D,PROFR. DAVID VILCHIS,MATUTINO,2024-2025 | 2025-2026,09DPR2329D,PROFR. DAVID VILCHIS,Primaria,CUAUHTÉMOC,-99.13980278,19.46215556,243,211,32.7014,0.9479,0,49.763,105,211,76.3033,161,211,36.4929,77,211,18.5567,194,57.346,121,211,1.6351,99.0521,209,211
09DPR2435N,FRANCISCO GONZÁLEZ BOCANEGRA,MATUTINO,2024-2025 | 2025-2026,09DES4316G,FRANCISCO GONZÁLEZ BOCANEGRA,Secundaria,IZTAPALAPA,-99.02251667,19.33143056,137,137,32.7007,0.7299,0,63.5036,87,137,58.3942,80,137,40.8759,56,137,18.3886,114,59.854,82,137,1.635,99.2701,136,137
09DPR0837U,"""ESC. PRIM. ANEXA A LA BENM """"MANUEL M. ACOSTA""""""",VESPERTINO,2025-2026,09DPR0837U,"ESC. PRIM. ANEXA A LA BENM ""MANUEL M. ACOSTA""",Primaria,MIGUEL HIDALGO,-99.16828056,19.44533889,153,60,32.6667,0,0,58.3333,35,60,68.3333,41,60,36.6667,22,60,19.0017,60,51.6667,31,60,1.6333,100,60,60
09DPR2509O,ANDRES BELLO,MATUTINO,2024-2025 | 2025-2026,09DPR2509O,ANDRES BELLO,Primaria,CUAUHTÉMOC,-99.154525,19.44710556,426,406,32.6601,0.2463,0,53.4483,217,406,69.7044,283,406,39.9015,162,406,18.736,369,59.1133,240,406,1.633,99.7537,405,406
09DPR1773G,EL PIPILA,MATUTINO,2024-2025 | 2025-2026,09DPR1774F,EL PIPILA,Primaria,MIGUEL HIDALGO,-99.1921,19.412475,398,345,32.6377,0.2899,0,48.1159,166,345,75.6522,261,345,39.1304,135,345,19.101,286,59.4203,205,345,1.6319,99.7101,344,345
09DPR1122F,FELIPE CARRILLO PUERTO,MATUTINO,2024-2025 | 2025-2026,09DPR5075M,FELIPE CARRILLO PUERTO,Primaria,IZTAPALAPA,-99.06245556,19.32100278,254,209,32.6316,0,0,54.067,113,209,68.4211,143,209,40.6699,85,209,19.1228,180,59.8086,125,209,1.6316,100,209,209
09DPR1008N,24 DE FEBRERO,MATUTINO,2024-2025 | 2025-2026,09DPR2087X,24 DE FEBRERO,Primaria,IZTAPALAPA,-99.01290556,19.36859167,229,160,32.625,18.125,0,55.625,89,160,58.125,93,160,31.25,50,160,19.6282,103,56.25,90,160,1.6313,81.875,131,160
09DPR2896X,CANADA,MATUTINO,2025-2026,09DJN0732J,CANADA,Preescolar,IZTAPALAPA,-99.13153889,19.37596111,314,301,32.6246,0.3322,0,59.1362,178,301,61.794,186,301,41.8605,126,301,19.303,269,58.1395,175,301,1.6312,99.6678,300,301
09DPR4001O,PROFR. FELIPE LÓPEZ,VESPERTINO,2024-2025 | 2025-2026,09DPR4000P,PROFR. FELIPE LÓPEZ,Primaria,IZTAPALAPA,-99.02380556,19.33391389,189,103,32.6214,0.9709,0,76.699,79,103,56.3107,58,103,29.1262,30,103,18.2196,102,57.2816,59,103,1.6311,99.0291,102,103
09DPR1771I,CLUB DE LEONES NUMERO 8 ESTADO DE OAXACA,MATUTINO,2024-2025 | 2025-2026,09DPR1771I,CLUB DE LEONES NUMERO 8 ESTADO DE OAXACA,Primaria,MIGUEL HIDALGO,-99.18858056,19.40406389,268,252,32.619,0,0,53.9683,136,252,69.0476,174,252,40.0794,101,252,19.9917,230,60.3175,152,252,1.631,100,252,252
09DPR0922R,REPÚBLICA POPULAR CHINA,MATUTINO,2025-2026,09DES0118F,REPÚBLICA POPULAR CHINA,Secundaria,IZTAPALAPA,-99.07278333,19.31084167,139,100,32.6,1,0,64,64,100,66,66,100,32,32,100,18.5608,79,65,65,100,1.63,99,99,100
09DPR0846B,JOSÉ ARTURO PICHARDO,VESPERTINO,2024-2025 | 2025-2026,09DPR0847A,JOSÉ ARTURO PICHARDO,Primaria,AZCAPOTZALCO,-99.18842222,19.46781389,198,162,32.5926,7.4074,0,77.7778,126,162,41.9753,68,162,35.8025,58,162,18.0967,150,56.1728,91,162,1.6296,92.5926,150,162
09DPR2159Z,PROFR. VALENTÍN ZAMORA OROZCO,MATUTINO,2024-2025 | 2025-2026,09DPR2159Z,PROFR. VALENTÍN ZAMORA OROZCO,Primaria,GUSTAVO A. MADERO,-99.10213889,19.51055833,376,393,32.5191,25.6997,0,49.3639,194,393,56.4885,222,393,31.0433,122,393,18.9527,292,48.6005,191,393,1.626,74.3003,292,393
09DPR4521X,AARON CAMACHO LÓPEZ,VESPERTINO,2024-2025,09DPR4521X,AARON CAMACHO LÓPEZ,Primaria,XOCHIMILCO,-99.02798333,19.25085833,355,270,32.5185,17.4074,0,57.7778,156,270,47.7778,129,270,39.6296,107,270,18.2859,227,52.963,143,270,1.6259,82.5926,223,270
09DPR5120I,MIGUEL HIDALGO Y COSTILLA,VESPERTINO,2024-2025,09DJN0214Z,MIGUEL HIDALGO Y COSTILLA,Preescolar,GUSTAVO A. MADERO,-99.14521111,19.47839722,339,195,32.5128,0.5128,0,45.641,89,195,76.9231,150,195,39.4872,77,195,18.1835,194,60,117,195,1.6256,99.4872,194,195
09DPR1465A,MAESTRA DIONISIA ZAMORA PALLARES,MATUTINO,2024-2025 | 2025-2026,09DPR1465A,MAESTRA DIONISIA ZAMORA PALLARES,Primaria,MIGUEL HIDALGO,-99.21277222,19.44616667,368,325,32.4923,0,0,32.6154,106,325,85.2308,277,325,44.6154,145,325,18.707,302,60,195,325,1.6246,100,325,325
09DPR2343X,SARA MANZANO,MATUTINO,2024-2025 | 2025-2026,09DPR2343X,SARA MANZANO,Primaria,CUAUHTÉMOC,-99.12899167,19.43858333,240,221,32.4887,2.2624,0,43.4389,96,221,80.0905,177,221,36.6516,81,221,18.4005,190,55.6561,123,221,1.6244,97.7376,216,221
09DPR3090R,LAZARO CARDENAS,MATUTINO,2024-2025,09DPR3090R,LAZARO CARDENAS,Primaria,GUSTAVO A. MADERO,-99.15,19.54074722,524,516,32.4806,31.5891,0,42.0543,217,516,60.4651,312,516,28.2946,146,516,18.7139,353,51.7442,267,516,1.624,68.4109,353,516
09DPR5099W,FELIPE CARRILLO PUERTO,VESPERTINO,2024-2025 | 2025-2026,09DPR5075M,FELIPE CARRILLO PUERTO,Primaria,IZTAPALAPA,-99.06245556,19.32100278,254,130,32.4615,0.7692,0,65.3846,85,130,49.2308,64,130,46.9231,61,130,20.0625,128,56.9231,74,130,1.6231,99.2308,129,130
09DPR1073N,MTRO. JOSÉ MARIANO PONTON,VESPERTINO,2024-2025 | 2025-2026,09DPR1073N,MTRO. JOSÉ MARIANO PONTON,Primaria,VENUSTIANO CARRANZA,-99.08633611,19.41612222,59,53,32.4528,3.7736,0,54.717,29,53,60.3774,32,53,43.3962,23,53,19.2216,51,60.3774,32,53,1.6226,96.2264,51,53
09DPR2260O,JOSÉ MANCISIDOR ORTIZ,MATUTINO,2024-2025 | 2025-2026,09DPR2260O,JOSÉ MANCISIDOR ORTIZ,Primaria,IZTACALCO,-99.08062222,19.39634444,338,317,32.429,0.9464,0,66.877,212,317,52.9968,168,317,41.3249,131,317,18.6922,307,54.8896,174,317,1.6215,99.0536,314,317
09DPR2161O,PROFR. ALFONSO ANZORENA GONZÁLEZ,MATUTINO,2024-2025 | 2025-2026,09DPR2161O,PROFR. ALFONSO ANZORENA GONZÁLEZ,Primaria,GUSTAVO A. MADERO,-99.09924722,19.50765833,263,277,32.4188,24.5487,0,46.2094,128,277,56.6787,157,277,34.657,96,277,19.0746,209,51.2635,142,277,1.6209,75.4513,209,277
09DPR3000I,AÑO INTERNACIONAL DEL NIÑO,MATUTINO,2024-2025 | 2025-2026,09DPR3000I,AÑO INTERNACIONAL DEL NIÑO,Primaria,IZTAPALAPA,-98.99802222,19.366975,348,390,32.4103,0.5128,0,44.8718,175,390,75.3846,294,390,41.2821,161,390,19.6655,351,59.4872,232,390,1.6205,99.4872,388,390
09DPR2477M,GABINO BARREDA,MATUTINO,2025-2026,09PJN5055N,GABINO BARREDA,Preescolar,IZTAPALAPA,-99.001835,19.366569,166,152,32.3684,0,0,65.1316,99,152,59.8684,91,152,36.8421,56,152,20.357,114,58.5526,89,152,1.6184,100,152,152
09DPR2176Q,REPÚBLICA DE BIRMANIA,VESPERTINO,2024-2025 | 2025-2026,09DPR2176Q,REPÚBLICA DE BIRMANIA,Primaria,GUSTAVO A. MADERO,-99.06849444,19.47458056,113,76,32.3684,2.6316,0,48.6842,37,76,73.6842,56,76,36.8421,28,76,18.1135,74,56.5789,43,76,1.6184,97.3684,74,76
09DPR2950A,DR. CONRADO MENENDEZ MENA,VESPERTINO,2024-2025,09DPR2976I,DR. CONRADO MENENDEZ MENA,Primaria,CUAJIMALPA DE MORELOS,-99.25503333,19.38253611,107,81,32.3457,27.1605,0,49.3827,40,81,49.3827,40,81,35.8025,29,81,18.8475,59,53.0864,43,81,1.6173,72.8395,59,81
09DPR2450F,ERASMO CASTELLANOS QUINTO,MATUTINO,2024-2025 | 2025-2026,09PJN3988I,ERASMO CASTELLANOS QUINTO,Preescolar,IZTAPALAPA,-99.023579,19.341611,398,344,32.3256,0.5814,0,49.4186,170,344,63.9535,220,344,47.6744,164,344,19.3215,321,56.3953,194,344,1.6163,99.4186,342,344
09DPR5014Z,NUEVA ZELANDIA,VESPERTINO,2024-2025 | 2025-2026,09DPR5013Z,NUEVA ZELANDIA,Primaria,IZTAPALAPA,-98.97598056,19.33048889,661,315,32.3175,0.3175,0,54.9206,173,315,66.0317,208,315,40.3175,127,315,18.8265,313,58.7302,185,315,1.6159,99.6825,314,315
09DPR2649O,NICOLÁS GARCÍA DE SAN VICENTE,VESPERTINO,2025-2026,09DPR2649O,NICOLÁS GARCÍA DE SAN VICENTE,Primaria,IZTAPALAPA,-98.99713056,19.36394722,114,65,32.3077,0,0,75.3846,49,65,50.7692,33,65,35.3846,23,65,18.3733,60,58.4615,38,65,1.6154,100,65,65
09DPR0047I,PROFR. BRUNO MARTINEZ,VESPERTINO,2024-2025 | 2025-2026,09DPR0105I,PROFR. BRUNO MARTÍNEZ,Primaria,IZTAPALAPA,-99.02033056,19.33008056,279,39,32.3077,0,0,61.5385,24,39,53.8462,21,39,46.1538,18,39,19.8026,39,56.4103,22,39,1.6154,100,39,39
09DPR2833L,REPÚBLICA POPULAR SOCIALISTA DE ALBANIA,MATUTINO,2024-2025 | 2025-2026,09DPR2939E,REPÚBLICA POPULAR SOCIALISTA DE ALBANIA,Primaria,IZTAPALAPA,-99.02520556,19.35540556,407,317,32.3028,0,0,48.5804,154,317,70.6625,224,317,42.2713,134,317,18.6051,316,56.7823,180,317,1.6151,100,317,317
09DPR1984K,REPÚBLICA DE BULGARIA,MATUTINO,2024-2025 | 2025-2026,09DPR1984K,REPÚBLICA DE BULGARIA,Primaria,COYOACÁN,-99.17293333,19.34442778,264,174,32.2989,0,0,72.9885,127,174,39.6552,69,174,48.8506,85,174,19.092,174,59.7701,104,174,1.6149,100,174,174
09DPR5045S,CENTAURO DEL NORTE,MATUTINO,2024-2025 | 2025-2026,09DPR5055Z,CENTAURO DEL NORTE,Primaria,IZTAPALAPA,-99.07241389,19.29275556,514,296,32.2973,0.3378,0,59.7973,177,296,64.1892,190,296,37.1622,110,296,17.7514,290,56.7568,168,296,1.6149,99.6622,295,296
09DPR2820H,REPÚBLICA DE ARGELIA,VESPERTINO,2024-2025 | 2025-2026,09DPR2312D,REPÚBLICA DE ARGELIA,Primaria,IZTACALCO,-99.11891667,19.38267222,126,88,32.2727,0,0,92.0455,81,88,25,22,88,44.3182,39,88,19.272,82,53.4091,47,88,1.6136,100,88,88
09DPR2436M,ESTADO DE MICHOACÁN,MATUTINO,2024-2025 | 2025-2026,09DJN0245S,ESTADO DE MICHOACAN,Preescolar,CUAUHTÉMOC,-99.13014444,19.46014167,375,261,32.2605,21.0728,0,56.705,148,261,38.6973,101,261,44.8276,117,261,20.2158,203,49.4253,129,261,1.613,78.9272,206,261
09DPR1392Z,LIC. LAURO G. CALOCA,MATUTINO,2024-2025 | 2025-2026,09DPR1556S,LIC. LAURO G. CALOCA,Primaria,GUSTAVO A. MADERO,-99.10557222,19.486975,221,217,32.2581,17.9724,0,43.318,94,217,58.9862,128,217,41.0138,89,217,19.8586,152,54.3779,118,217,1.6129,82.0276,178,217
09DPR4222Z,HERMANOS FLORES MAGON,VESPERTINO,2024-2025 | 2025-2026,09DPR4222Z,HERMANOS FLORES MAGON,Primaria,IZTAPALAPA,-98.999125,19.34258611,265,183,32.2404,1.0929,0,44.2623,81,183,75.4098,138,183,40.4372,74,183,18.8451,175,56.2842,103,183,1.612,98.9071,181,183
09DPR3259F,DR. ANTONIO CASTRO LEAL,VESPERTINO,2025-2026,09DPR3258G,DR. ANTONIO CASTRO LEAL,Primaria,IZTAPALAPA,-99.03611944,19.38148889,101,72,32.2222,1.3889,0,45.8333,33,72,68.0556,49,72,45.8333,33,72,19.1193,57,61.1111,44,72,1.6111,98.6111,71,72
09DPR5062I,ACAHUALTEPEC,VESPERTINO,2025-2026,09DPR5062I,ACAHUALTEPEC,Primaria,IZTAPALAPA,-99.00918333,19.34266667,340,159,32.2013,0,0,72.956,116,159,47.1698,75,159,40.8805,65,159,18.3199,156,57.2327,91,159,1.6101,100,159,159
09DPR4101N,PROFR. LAUREANO JIMENEZ Y CORIA,VESPERTINO,2024-2025 | 2025-2026,09DPR4101N,PROFR. LAUREANO JIMENEZ Y CORIA,Primaria,GUSTAVO A. MADERO,-99.14146667,19.51338333,59,64,32.1875,29.6875,0,45.3125,29,64,57.8125,37,64,28.125,18,64,19.18,45,50,32,64,1.6094,70.3125,45,64
09DPR2248T,MARIANO HIDALGO,VESPERTINO,2024-2025 | 2025-2026,09DBA0223U,MARIANO HIDALGO,Adultos - Primaria,IZTAPALAPA,-99.00424444,19.35640278,260,204,32.1569,0,0,60.7843,124,204,68.6275,140,204,31.3725,64,204,18.2494,168,65.1961,133,204,1.6078,100,204,204
09DPR0937T,MTRO. LUIS CHAVEZ OROZCO,MATUTINO,2025-2026,09DPR0937T,MTRO. LUIS CHAVEZ OROZCO,Primaria,IZTACALCO,-99.09473611,19.39044722,350,311,32.09,0.3215,0,36.6559,114,311,77.1704,240,311,46.3023,144,311,19.5198,268,61.4148,191,311,1.6045,99.6785,310,311
09DPR2903Q,REPÚBLICA POPULAR DE POLONIA,VESPERTINO,2024-2025 | 2025-2026,09DPR2904P,REPÚBLICA POPULAR DE POLONIA,Primaria,IZTAPALAPA,-99.03894167,19.34530278,154,101,32.0792,0.9901,0,40.5941,41,101,70.297,71,101,48.5149,49,101,19.4061,98,52.4752,53,101,1.604,99.0099,100,101
09DPR1401Q,PROFR. CARLOS B. MUNGUIA,MATUTINO,2024-2025 | 2025-2026,09DPR1401Q,PROFR. CARLOS B. MUNGUIA,Primaria,GUSTAVO A. MADERO,-99.07864444,19.48583889,350,431,32.065,11.6009,0,48.2599,208,431,60.7889,262,431,39.6752,171,431,19.57,333,57.0766,246,431,1.6032,88.3991,381,431
09DPR2335O,MARCELINO DAVALOS,MATUTINO,2024-2025 | 2025-2026,09DPR2335O,MARCELINO DAVALOS,Primaria,CUAUHTÉMOC,-99.128675,19.43363611,167,153,32.0261,0,0,42.4837,65,153,75.1634,115,153,42.4837,65,153,19.3583,132,60.1307,92,153,1.6013,100,153,153
09DPR1104Q,PROFR. FAUSTO BRAVO GOMEZ,MATUTINO,2024-2025 | 2025-2026,09DPR1104Q,PROFR. FAUSTO BRAVO GOMEZ,Primaria,MIGUEL HIDALGO,-99.21060833,19.44158889,368,333,32.012,0.3003,0,36.3363,121,333,83.1832,277,333,40.2402,134,333,18.6969,291,57.3574,191,333,1.6006,99.6997,332,333
09DPR1365B,ALEJANDRO DE HUMBOLDT,MATUTINO,2024-2025 | 2025-2026,09DPR1365B,ALEJANDRO DE HUMBOLDT,Primaria,GUSTAVO A. MADERO,-99.12674444,19.503825,367,396,31.9697,14.3939,0,54.5455,216,396,60.101,238,396,30.8081,122,396,19.5629,302,57.0707,226,396,1.5985,85.6061,339,396
09DPR3086E,PROFR. MARCELINO HERNANDEZ ESPINOSA,MATUTINO,2024-2025 | 2025-2026,09DPR3086E,PROFR. MARCELINO HERNANDEZ ESPINOSA,Primaria,VENUSTIANO CARRANZA,-99.11872222,19.414275,123,132,31.9697,6.8182,0,46.9697,62,132,66.6667,88,132,39.3939,52,132,18.9476,103,56.8182,75,132,1.5985,93.1818,123,132
09DPR4155R,GENARO GARCÍA,VESPERTINO,2024-2025 | 2025-2026,09DPR0051V,GENARO GARCÍA,Primaria,IZTAPALAPA,-99.073425,19.31105278,213,92,31.9565,2.1739,0,65.2174,60,92,56.5217,52,92,35.8696,33,92,18.9194,72,59.7826,55,92,1.5978,97.8261,90,92
09DPR2336N,LIC. MIGUEL SERRANO,MATUTINO,2024-2025 | 2025-2026,09DPR2338L,LIC. MIGUEL SERRANO,Primaria,CUAUHTÉMOC,-99.1342,19.43676944,137,104,31.9231,0,0,47.1154,49,104,69.2308,72,104,43.2692,45,104,18.6435,92,62.5,65,104,1.5962,100,104,104
09DPR2193G,EMPERADOR CUAUHTÉMOC,MATUTINO,2024-2025,09DPR2193G,EMPERADOR CUAUHTÉMOC,Primaria,GUSTAVO A. MADERO,-99.05802222,19.44798611,788,756,31.9048,37.963,0,35.8466,271,756,56.6138,428,756,29.1005,220,756,18.9819,469,45.6349,345,756,1.5952,62.037,469,756
09DPR4248G,ANTONIO CISNEROS Y CISNEROS,VESPERTINO,2024-2025 | 2025-2026,09DPR5006Q,ANTONIO CISNEROS Y CISNEROS,Primaria,GUSTAVO A. MADERO,-99.12429444,19.54795278,555,508,31.8898,33.8583,0,49.2126,250,508,53.937,274,508,22.4409,114,508,17.8803,335,47.2441,240,508,1.5945,66.1417,336,508
09DPR2597Z,PLAN DE IGUALA,MATUTINO,2025-2026,09DPR2597Z,PLAN DE IGUALA,Primaria,IZTAPALAPA,-99.06310833,19.36241944,319,140,31.8571,3.5714,0,60.7143,85,140,45.7143,64,140,49.2857,69,140,19.7223,130,57.1429,80,140,1.5929,96.4286,135,140
09DPR4002N,LUIS PENICHE VALLADO,MATUTINO,2024-2025,09DPR4002N,LUIS PENICHE VALLADO,Primaria,TLÁHUAC,-99.03741111,19.31199444,646,474,31.8565,11.6034,0,70.6751,335,474,30.8017,146,474,46.2025,219,474,19.5007,419,53.3755,253,474,1.5928,88.3966,419,474
09DPR1733F,CENTRO ESCOLAR MÉXICO,MATUTINO,2024-2025 | 2025-2026,09PPR1710Z,CENTRO ESCOLAR MÉXICO,Primaria,IZTAPALAPA,-98.99792,19.348589,269,208,31.8269,0,0,57.6923,120,208,56.7308,118,208,44.7115,93,208,19.6122,172,61.0577,127,208,1.5913,100,208,208
09DPR1531J,PRESIDENTE JUÁREZ,MATUTINO,2024-2025 | 2025-2026,09DPR1531J,PRESIDENTE JUÁREZ,Primaria,GUSTAVO A. MADERO,-99.16032778,19.51630833,476,537,31.8063,23.6499,0,43.7616,235,537,59.0317,317,537,32.5885,175,537,18.6697,380,50.4655,271,537,1.5903,76.3501,410,537
09DPR2470T,PROFR. RAFAEL LÓPEZ,MATUTINO,2024-2025 | 2025-2026,09DPR2470T,PROFR. RAFAEL LÓPEZ,Primaria,IZTAPALAPA,-98.99379444,19.36643056,305,234,31.7949,0.4274,0,64.5299,151,234,55.5556,130,234,38.4615,90,234,18.1872,227,55.1282,129,234,1.5897,99.5726,233,234
09DPR1128Z,GERTRUDIS ARMENDARIZ DE HIDALGO,MATUTINO,2024-2025 | 2025-2026,09DPR1128Z,GERTRUDIS ARMENDARIZ DE HIDALGO,Primaria,GUSTAVO A. MADERO,-99.14160833,19.54114722,474,514,31.7899,22.179,0,39.2996,202,514,62.8405,323,514,34.6304,178,514,18.9058,361,51.3619,264,514,1.5895,77.821,400,514
09DPR2673O,PROFR. RAMON ANDRADE CARMONA,MATUTINO,2024-2025 | 2025-2026,09DPR3270B,PROFR. RAMON ANDRADE CARMONA,Primaria,GUSTAVO A. MADERO,-99.13305833,19.56748611,641,696,31.7816,17.3851,0,55.0287,383,696,53.1609,370,696,33.3333,232,696,19.1472,485,54.023,376,696,1.5891,82.6149,575,696
09DPR1490Z,PROFR. EFREN VALENZUELA,MATUTINO,2024-2025 | 2025-2026,09DPR1490Z,PROFR. EFREN VALENZUELA,Primaria,GUSTAVO A. MADERO,-99.09144444,19.45439444,141,141,31.773,33.3333,0,33.3333,47,141,63.1206,89,141,29.078,41,141,18.5968,93,47.5177,67,141,1.5887,66.6667,94,141
09DPR2891B,MARÍA ENRIQUETA CAMARILLO,MATUTINO,2024-2025 | 2025-2026,09DPR2891B,MARÍA ENRIQUETA CAMARILLO,Primaria,IZTAPALAPA,-99.00199444,19.36436111,262,153,31.7647,0,0,47.0588,72,153,67.3203,103,153,44.4444,68,153,18.3276,152,57.5163,88,153,1.5882,100,153,153
09DPR0924P,REPÚBLICA DE VENEZUELA,MATUTINO,2024-2025 | 2025-2026,09DES0086D,REPÚBLICA DE VENEZUELA,Secundaria,IZTAPALAPA,-99.09195,19.35573611,313,267,31.7603,0.7491,0,54.3071,145,267,67.0412,179,267,36.7041,98,267,19.7316,206,58.0524,155,267,1.588,99.2509,265,267
09DPR2778I,MTRA. ROSARIO CASTELLANOS FIGUEROA,MATUTINO,2024-2025 | 2025-2026,09DPR2778I,MTRA. ROSARIO CASTELLANOS FIGUEROA,Primaria,AZCAPOTZALCO,-99.19055278,19.48863056,271,235,31.7447,30.6383,0,31.0638,73,235,65.1064,153,235,31.9149,75,235,18.6294,163,46.383,109,235,1.5872,69.3617,163,235
09DPR1048O,PEDRO ROMERO DE TERREROS,MATUTINO,2024-2025 | 2025-2026,09DPR1048O,PEDRO ROMERO DE TERREROS,Primaria,IZTACALCO,-99.06292778,19.41101389,466,443,31.7381,4.0632,0,52.3702,232,443,64.5598,286,443,37.6975,167,443,18.5981,369,57.1106,253,443,1.5869,95.9368,425,443
09DPR1458R,TEZOZOMOC,MATUTINO,2024-2025 | 2025-2026,09DBN0117O,TEZOZOMOC,Primaria,GUSTAVO A. MADERO,-99.09321389,19.49100556,400,610,31.7377,44.918,0,43.4426,265,610,47.7049,291,610,22.623,138,610,19.1748,333,45.2459,276,610,1.5869,55.082,336,610
09DPR2235P,LEGION AMERICANA,MATUTINO,2024-2025 | 2025-2026,09DPR2235P,LEGION AMERICANA,Primaria,TLALPAN,-99.18150278,19.23320833,638,596,31.7114,0.5034,0,69.9664,417,596,45.9732,274,596,42.1141,251,596,19.0745,552,55.3691,330,596,1.5856,99.4966,593,596
09DPR2068I,ITZCOATL,MATUTINO,2024-2025,09DPR5012A,ITZCOATL,Primaria,XOCHIMILCO,-99.09598056,19.24245,433,363,31.6804,3.0303,0,60.6061,220,363,45.1791,164,363,49.5868,180,363,19.3994,352,52.6171,191,363,1.584,96.9697,352,363
09DPR2229E,MAESTROS DE MÉXICO,MATUTINO,2024-2025 | 2025-2026,09DPR2230U,MAESTROS DE MÉXICO,Primaria,CUAJIMALPA DE MORELOS,-99.28223333,19.34231667,318,348,31.6667,8.6207,0,64.6552,225,348,41.092,143,348,43.9655,153,348,20.2208,317,49.4253,172,348,1.5833,91.3793,318,348
09DPR1556S,LIC. LAURO G. CALOCA,VESPERTINO,2024-2025 | 2025-2026,09DPR1556S,LIC. LAURO G. CALOCA,Primaria,GUSTAVO A. MADERO,-99.10557222,19.486975,92,120,31.6667,13.3333,0,55.8333,67,120,60.8333,73,120,28.3333,34,120,19.0088,91,56.6667,68,120,1.5833,86.6667,104,120
09DPR1120H,GRAL. PLUTARCO ELIAS CALLES,MATUTINO,2024-2025 | 2025-2026,09DPR1120H,GRAL. PLUTARCO ELIAS CALLES,Primaria,MIGUEL HIDALGO,-99.21808056,19.44479444,172,163,31.6564,0,0,53.3742,87,163,67.4847,110,163,37.4233,61,163,18.8921,139,58.8957,96,163,1.5828,100,163,163
09DPR2195E,FORJADORES DE LA CULTURA,MATUTINO,2024-2025 | 2025-2026,09DPR2195E,FORJADORES DE LA CULTURA,Primaria,GUSTAVO A. MADERO,-99.087525,19.45756944,411,393,31.6539,10.1781,0,46.5649,183,393,64.8855,255,393,36.6412,144,393,19.4086,324,53.944,212,393,1.5827,89.8219,353,393
09DPR2411D,DOLORES CORREA ZAPATA,MATUTINO,2025-2026,09DPR2411D,DOLORES CORREA ZAPATA,Primaria,CUAUHTÉMOC,-99.13629167,19.44509722,134,117,31.6239,0,0,68.3761,80,117,54.7009,64,117,35.0427,41,117,17.9733,101,56.4103,66,117,1.5812,100,117,117
09DPR2083A,TONALAMATL,MATUTINO,2024-2025 | 2025-2026,09DPR2083A,TONALAMATL,Primaria,IZTACALCO,-99.1097,19.39341389,283,248,31.6129,1.2097,0,45.5645,113,248,70.1613,174,248,41.129,102,248,19.7592,191,60.8871,151,248,1.5806,98.7903,245,248
09DPR1033M,REPÚBLICA ARABE UNIDA,VESPERTINO,2024-2025 | 2025-2026,09DPR1033M,REPÚBLICA ARABE UNIDA,Primaria,VENUSTIANO CARRANZA,-99.06414167,19.427875,93,81,31.6049,0,0,67.9012,55,81,53.0864,43,81,37.037,30,81,18.6081,74,54.321,44,81,1.5802,100,81,81
09DPR5097Y,PROFR. JUAN RAMÍREZ MARQUEZ,VESPERTINO,2024-2025 | 2025-2026,09DPR5097Y,PROFR. JUAN RAMÍREZ MARQUEZ,Primaria,IZTAPALAPA,-99.02914444,19.34785,290,207,31.5942,1.4493,0,57.4879,119,207,63.7681,132,207,35.2657,73,207,18.6203,172,57.971,120,207,1.5797,98.5507,204,207
09DPR1208L,PROFR. ANTONIO BARBOSA HELDT,MATUTINO,2024-2025 | 2025-2026,09DPR1208L,PROFR. ANTONIO BARBOSA HELDT,Primaria,IZTAPALAPA,-99.13020556,19.36930556,160,114,31.5789,0.8772,0,65.7895,75,114,40.3509,46,114,50.8772,58,114,19.5922,102,56.1404,64,114,1.5789,99.1228,113,114
09DPR2937G,HERMANOS SERDAN,VESPERTINO,2024-2025 | 2025-2026,09DPR2680Y,HERMANOS SERDAN,Primaria,IZTAPALAPA,-99.01268889,19.34476389,247,121,31.5702,2.4793,0,64.4628,78,121,56.1983,68,121,34.7107,42,121,18.1276,116,53.719,65,121,1.5785,97.5207,118,121
09DPR0117N,LIC. ADOLFO LÓPEZ MATEOS,MATUTINO,2024-2025 | 2025-2026,09PES0434Z,LIC. ADOLFO LÓPEZ MATEOS,Secundaria,IZTAPALAPA,-99.125843,19.376084,305,362,31.547,32.3204,0,45.3039,164,362,53.5912,194,362,26.5193,96,362,18.693,214,48.3425,175,362,1.5773,67.6796,245,362
09DPR3039U,FRANCISCO DEL PASO Y TRONCOSO,VESPERTINO,2024-2025 | 2025-2026,09DPR2764F,FRANCISCO DEL PASO Y TRONCOSO,Primaria,IZTAPALAPA,-99.07276667,19.30278333,175,97,31.5464,3.0928,0,62.8866,61,97,51.5464,50,97,40.2062,39,97,18.7226,93,49.4845,48,97,1.5773,96.9072,94,97
09DPR2086Y,GUILLERMO BONILLA S.,VESPERTINO,2024-2025 | 2025-2026,09DPR1091C,GUILLERMO BONILLA S.,Primaria,IZTACALCO,-99.06549444,19.38488333,188,149,31.5436,0,0,67.7852,101,149,49.6644,74,149,40.2685,60,149,18.9489,139,53.6913,80,149,1.5772,100,149,149
09DPR2835J,LIC. ALVARO GALVEZ Y FUENTES,VESPERTINO,2025-2026,09DJN0217W,LIC. ALVARO GALVEZ Y FUENTES,Preescolar,AZCAPOTZALCO,-99.15388056,19.47079444,94,52,31.5385,0,0,61.5385,32,52,55.7692,29,52,40.3846,21,52,18.6404,52,55.7692,29,52,1.5769,100,52,52
09DPR2385W,JULIO ZARATE,VESPERTINO,2024-2025 | 2025-2026,09DPR2386V,JULIO ZARATE,Primaria,VENUSTIANO CARRANZA,-99.11955278,19.44046944,100,85,31.5294,5.8824,0,61.1765,52,85,54.1176,46,85,36.4706,31,85,18.9306,62,58.8235,50,85,1.5765,94.1176,80,85
09DPR1010B,VOCEADORES DE MÉXICO,MATUTINO,2024-2025 | 2025-2026,09DPR1010B,VOCEADORES DE MÉXICO,Primaria,IZTAPALAPA,-99.03273056,19.38782778,362,347,31.5274,0,0,49.2795,171,347,68.5879,238,347,39.7695,138,347,19.2354,311,55.6196,193,347,1.5764,100,347,347
09DPR4183N,JULIO CORTAZAR,VESPERTINO,2025-2026,09DBS0048D,JULIO CORTAZAR,Adultos - Secundaria,IZTAPALAPA,-99.03822222,19.38457778,42,59,31.5254,0,0,59.322,35,59,52.5424,31,59,45.7627,27,59,20.8128,47,62.7119,37,59,1.5763,100,59,59
09DPR2454B,FRANCISCO GINER DE LOS RIOS,MATUTINO,2024-2025 | 2025-2026,09DBN0099P,FRANCISCO GINER DE LOS RIOS,Primaria,CUAUHTÉMOC,-99.13886389,19.41193611,427,394,31.5228,0.2538,0,46.4467,183,394,65.2284,257,394,45.6853,180,394,19.9973,333,56.3452,222,394,1.5761,99.7462,393,394
09DPR4250V,NIÑOS HEROES,VESPERTINO,2024-2025,09PJN3382U,NIÑOS HEROES,Preescolar,IZTAPALAPA,-99.008727,19.338357,166,165,31.5152,12.1212,0,56.9697,94,165,55.1515,91,165,33.3333,55,165,18.2862,145,50.9091,84,165,1.5758,87.8788,145,165
09DPR5127B,MEDICO BERNARDO SEPULVEDA GUTIERREZ,MATUTINO,2024-2025 | 2025-2026,09DPR5127B,MEDICO BERNARDO SEPULVEDA GUTIERREZ,Primaria,LA MAGDALENA CONTRERAS,-99.26652222,19.30593889,238,249,31.4859,16.8675,0,44.1767,110,249,54.6185,136,249,41.7671,104,249,18.7237,207,49.3976,123,249,1.5743,83.1325,207,249
09DPR1032N,REPÚBLICA DE PERU,MATUTINO,2024-2025 | 2025-2026,09DJN0736F,REPÚBLICA DE PERU,Preescolar,GUSTAVO A. MADERO,-99.10100556,19.45396111,229,202,31.4851,3.4653,0,46.5347,94,202,69.3069,140,202,38.1188,77,202,19.397,168,56.4356,114,202,1.5743,96.5347,195,202
09DPR0990O,CLUB DE LEONES NUMERO 2,MATUTINO,2025-2026,09DPR0990O,CLUB DE LEONES NUMERO 2,Primaria,VENUSTIANO CARRANZA,-99.09156667,19.44745556,200,183,31.4754,2.1858,0,40.4372,74,183,69.3989,127,183,45.3552,83,183,19.1131,160,55.7377,102,183,1.5738,97.8142,179,183
09DPR2441Y,FRAY LUIS DE LEON,MATUTINO,2024-2025 | 2025-2026,09DPR2441Y,FRAY LUIS DE LEON,Primaria,CUAUHTÉMOC,-99.14636667,19.44226667,259,244,31.4754,0,0,62.2951,152,244,61.8852,151,244,33.1967,81,244,19.3153,176,63.5246,155,244,1.5738,100,244,244
09DPR2167I,KOWEIT,MATUTINO,2024-2025 | 2025-2026,09DPR2167I,KOWEIT,Primaria,GUSTAVO A. MADERO,-99.07586111,19.49757222,330,375,31.4667,29.8667,0,41.6,156,375,56,210,375,29.8667,112,375,18.5772,259,46.4,174,375,1.5733,70.1333,263,375
09DPR1459Q,FRANCISCO ZARCO,MATUTINO,2024-2025 | 2025-2026,09DPR1459Q,FRANCISCO ZARCO,Primaria,GUSTAVO A. MADERO,-99.16025556,19.52395556,415,440,31.4545,12.0455,0,48.1818,212,440,60.2273,265,440,36.8182,162,440,18.186,336,55.2273,243,440,1.5727,87.9545,387,440
09DPR1093A,ALBERTO M. ALVARADO,MATUTINO,2025-2026,09DPR1093A,ALBERTO M. ALVARADO,Primaria,MIGUEL HIDALGO,-99.22964722,19.39553611,189,180,31.4444,0,0,50.5556,91,180,66.6667,120,180,40,72,180,18.5562,169,60,108,180,1.5722,100,180,180
09DPR2318Y,NIÑO JESUS GUARNEROS,MATUTINO,2024-2025 | 2025-2026,09DPR2318Y,NIÑO JESUS GUARNEROS,Primaria,VENUSTIANO CARRANZA,-99.11390833,19.44551944,505,465,31.4409,11.3978,0,36.9892,172,465,66.8817,311,465,41.9355,195,465,19.1693,410,51.6129,240,465,1.572,88.6022,412,465
09DPR0112S,PROFR. RAMIRO SÁNCHEZ LÓPEZ,MATUTINO,2024-2025 | 2025-2026,09DPR0112S,PROFR. RAMIRO SÁNCHEZ LÓPEZ,Primaria,IZTAPALAPA,-99.02755833,19.33089722,664,619,31.4378,0.3231,0,56.5428,350,619,55.5735,344,619,44.7496,277,619,19.1675,557,55.412,343,619,1.5719,99.6769,617,619
09DPR0998G,CALMECAC,MATUTINO,2024-2025 | 2025-2026,09PJN4582Z,CALMECAC,Preescolar,IZTAPALAPA,-99.088725,19.35324,452,446,31.435,1.7937,0,41.2556,184,446,75.3363,336,446,38.7892,173,446,18.7402,388,58.0717,259,446,1.5717,98.2063,438,446
09DPR1448K,FUERTE DE LORETO,VESPERTINO,2024-2025 | 2025-2026,09DPR1450Z,FUERTE DE LORETO,Primaria,GUSTAVO A. MADERO,-99.12859722,19.51777778,241,245,31.4286,22.449,0,47.3469,116,245,61.6327,151,245,25.7143,63,245,18.4719,160,53.0612,130,245,1.5714,77.551,190,245
09DPR1425Z,LIC. JUAN ANTONIO DE LA FUENTE,VESPERTINO,2024-2025 | 2025-2026,09DPR1425Z,LIC. JUAN ANTONIO DE LA FUENTE,Primaria,GUSTAVO A. MADERO,-99.13038889,19.47660278,216,217,31.4286,33.6406,0,47.9263,104,217,51.1521,111,217,24.424,53,217,18.0972,143,45.6221,99,217,1.5714,66.3594,144,217
09DPR1327Z,ESTADO DE COLIMA,MATUTINO,2025-2026,09DPR1327Z,ESTADO DE COLIMA,Primaria,IZTAPALAPA,-99.07557778,19.37081667,486,324,31.4198,2.1605,0,54.9383,178,324,52.7778,171,324,47.2222,153,324,18.8678,314,50.9259,165,324,1.571,97.8395,317,324
09DPR0917F,SIMON BOLIVAR,MATUTINO,2024-2025 | 2025-2026,09DPR1027B,SIMON BOLIVAR,Primaria,VENUSTIANO CARRANZA,-99.09755833,19.44791111,227,200,31.4,0.5,0,49.5,99,200,63.5,127,200,43.5,87,200,19.5598,169,55,110,200,1.57,99.5,199,200
09DPR2244X,REPÚBLICA DE NIGERIA,MATUTINO,2024-2025 | 2025-2026,09DPR2244X,REPÚBLICA DE NIGERIA,Primaria,VENUSTIANO CARRANZA,-99.10571667,19.42325556,400,365,31.3973,0.5479,0,39.1781,143,365,77.8082,284,365,39.4521,144,365,18.8404,317,56.9863,208,365,1.5699,99.4521,363,365
09DPR1076K,JOSÉ MARÍA MERCADO,MATUTINO,2024-2025 | 2025-2026,09DPR1075L,JOSÉ MARÍA MERCADO,Primaria,IZTAPALAPA,-99.04866944,19.39513611,627,481,31.3929,0,0,49.4802,238,481,67.3597,324,481,40.1247,193,481,19.247,436,55.0936,265,481,1.5696,100,481,481
09DPR2354C,REPÚBLICA DE ARGENTINA,MATUTINO,2024-2025 | 2025-2026,09DPR2354C,REPÚBLICA DE ARGENTINA,Primaria,CUAUHTÉMOC,-99.13143333,19.43970833,157,151,31.3907,2.649,0,60.9272,92,151,63.5762,96,151,29.8013,45,151,19.0179,112,62.9139,95,151,1.5695,97.351,147,151
09DPR1626X,TIERRA Y LIBERTAD,MATUTINO,2024-2025 | 2025-2026,09DPR5083V,TIERRA Y LIBERTAD,Primaria,IZTAPALAPA,-98.99007778,19.35247778,295,311,31.3826,23.4727,0,37.299,116,311,63.3441,197,311,32.7974,102,311,19.1437,213,50.8039,158,311,1.5691,76.5273,238,311
09DPR1402P,LA PRADERA,VESPERTINO,2024-2025 | 2025-2026,09DJN0296Z,LA PRADERA,Preescolar,GUSTAVO A. MADERO,-99.06830833,19.474375,97,102,31.3725,40.1961,0,43.1373,44,102,50,51,102,23.5294,24,102,18.3,61,46.0784,47,102,1.5686,59.8039,61,102
09DPR2373R,ARQ. MANUEL TOLSA,MATUTINO,2024-2025 | 2025-2026,09DPR2373R,ARQ. MANUEL TOLSA,Primaria,VENUSTIANO CARRANZA,-99.11286667,19.4454,285,206,31.3592,0,0,46.6019,96,206,69.4175,143,206,40.7767,84,206,19.4394,160,61.165,126,206,1.568,100,206,206
09DPR3219E,BELICE,MATUTINO,2024-2025 | 2025-2026,09DPR3219E,BELICE,Primaria,GUSTAVO A. MADERO,-99.08775556,19.50311944,443,503,31.332,11.9284,0,47.1173,237,503,62.4254,314,503,35.1889,177,503,18.7368,386,53.8767,271,503,1.5666,88.0716,443,503
09DPR1721A,ESTADO DE HIDALGO,MATUTINO,2024-2025 | 2025-2026,09DBN0050X,ESTADO DE HIDALGO,Primaria,MIGUEL HIDALGO,-99.17797778,19.44349722,908,896,31.2946,0.1116,0,48.6607,436,896,66.7411,598,896,40.9598,367,896,18.9585,813,56.808,509,896,1.5647,99.8884,895,896
09DPR1720B,ESTADO DE GUERRERO,MATUTINO,2024-2025 | 2025-2026,09DPR1720B,ESTADO DE GUERRERO,Primaria,MIGUEL HIDALGO,-99.19202222,19.45445556,152,142,31.2676,2.1127,0,54.2254,77,142,66.9014,95,142,33.0986,47,142,18.3553,114,59.8592,85,142,1.5634,97.8873,139,142
09DPR2372S,GRAL. MIGUEL ALEMAN,VESPERTINO,2024-2025 | 2025-2026,09DPR2372S,GRAL. MIGUEL ALEMAN,Primaria,VENUSTIANO CARRANZA,-99.12265833,19.44278056,119,96,31.25,46.875,0,43.75,42,96,39.5833,38,96,26.0417,25,96,19.5843,51,42.7083,41,96,1.5625,53.125,51,96
09DPR1043T,PUEBLA DE ZARAGOZA,MATUTINO,2025-2026,09DPR1043T,PUEBLA DE ZARAGOZA,Primaria,IZTACALCO,-99.08024722,19.40608611,315,274,31.2409,0,0,47.4453,130,274,73.3577,201,274,35.4015,97,274,19.1349,218,60.219,165,274,1.562,100,274,274
09DPR2012G,LEYES DE REFORMA DEL 57,MATUTINO,2024-2025 | 2025-2026,09DPR2012G,LEYES DE REFORMA DEL 57,Primaria,TLALPAN,-99.200775,19.22625556,941,799,31.239,0.2503,0,63.0788,504,799,54.3179,434,799,38.5482,308,799,18.5159,698,55.6946,445,799,1.562,99.7497,797,799
09DPR1553V,PROFR. MELITON GUZMÁN ROMERO,MATUTINO,2024-2025 | 2025-2026,09DPR1553V,PROFR. MELITON GUZMÁN ROMERO,Primaria,GUSTAVO A. MADERO,-99.11616111,19.47216111,308,323,31.2074,21.9814,0,44.2724,143,323,56.6563,183,323,33.1269,107,323,20.2025,198,51.0836,165,323,1.5604,78.0186,252,323
09DPR2265J,REPÚBLICA DE GUINEA,MATUTINO,2024-2025 | 2025-2026,09DPR2266I,REPÚBLICA DE GUINEA,Primaria,IZTAPALAPA,-99.0716,19.34188056,293,143,31.1888,0.6993,0,48.951,70,143,61.5385,88,143,44.7552,64,143,18.8478,136,54.5455,78,143,1.5594,99.3007,142,143
09DPR2987O,PRINCIPADO DE MONACO,VESPERTINO,2024-2025,09DPR2987O,PRINCIPADO DE MONACO,Primaria,TLÁHUAC,-99.01326389,19.29400278,243,145,31.1724,2.7586,0,55.1724,80,145,51.0345,74,145,46.8966,68,145,19.8881,143,52.4138,76,145,1.5586,97.2414,141,145
09DPR2028H,CARLOS GARCÍA,MATUTINO,2024-2025 | 2025-2026,09DPR2720I,CARLOS GARCÍA,Primaria,XOCHIMILCO,-99.09308333,19.24390556,409,333,31.1712,3.3033,0,64.5646,215,333,52.5526,175,333,35.4354,118,333,18.036,322,50.7508,169,333,1.5586,96.6967,322,333
09DPR5042V,MACUILXOCHITZIN,MATUTINO,2024-2025 | 2025-2026,09DPR5042V,MACUILXOCHITZIN,Primaria,IZTAPALAPA,-99.02705278,19.3281,494,362,31.1602,0,0,52.2099,189,362,59.6685,216,362,43.9227,159,362,18.8478,358,54.6961,198,362,1.558,100,362,362
09DIX0036D,ESCUELA DE PARTICIPACIÓN SOCIAL NUMERO 6,MATUTINO,2025-2026,09DIX0036D,ESCUELA DE PARTICIPACIÓN SOCIAL NUMERO 6,Primaria,CUAUHTÉMOC,-99.13441944,19.40378611,245,176,31.1364,0,0,53.9773,95,176,71.5909,126,176,30.1136,53,176,18.2151,146,57.9545,102,176,1.5568,100,176,176
09DPR2617W,ROBERTO KOCH,VESPERTINO,2025-2026,09DJN0525B,ROBERTO KOCH,Preescolar,AZCAPOTZALCO,-99.14963056,19.47589167,98,81,31.1111,0,0,50.6173,41,81,67.9012,55,81,37.037,30,81,19.5576,66,59.2593,48,81,1.5556,100,81,81
09DPR2175R,REPÚBLICA DE BIRMANIA,MATUTINO,2024-2025 | 2025-2026,09DPR2176Q,REPÚBLICA DE BIRMANIA,Primaria,GUSTAVO A. MADERO,-99.06849444,19.47458056,301,261,31.1111,36.7816,0,29.5019,77,261,55.5556,145,261,33.7165,88,261,19.2733,165,45.977,120,261,1.5556,63.2184,165,261
09DPR1085S,HERMENEGILDO GALEANA,MATUTINO,2025-2026,09DJN0868X,HERMENEGILDO GALEANA,Preescolar,IZTAPALAPA,-99.0242,19.37329722,131,126,31.1111,23.0159,0,53.9683,68,126,50.7937,64,126,27.7778,35,126,18.4021,94,44.4444,56,126,1.5556,76.9841,97,126
09DPR2073U,IGNACIO RAMÍREZ,MATUTINO,2024-2025 | 2025-2026,09DJN0782R,IGNACIO RAMÍREZ,Preescolar,IZTAPALAPA,-99.04370833,19.39286944,450,361,31.0803,18.0055,0,60.1108,217,361,36.8421,133,361,40.4432,146,361,19.3158,297,48.7535,176,361,1.554,81.9945,296,361
09DPR2381Z,PROFRA. GUADALUPE MAYOL DE GONZÁLEZ,MATUTINO,2025-2026,09DPR2381Z,PROFRA. GUADALUPE MAYOL DE GONZÁLEZ,Primaria,CUAUHTÉMOC,-99.13279722,19.46161389,193,186,31.0753,5.3763,0,43.5484,81,186,65.0538,121,186,41.3978,77,186,19.1024,169,51.6129,96,186,1.5538,94.6237,176,186
09DPR1633G,NORMAN E. BORLAUG,MATUTINO,2024-2025 | 2025-2026,09DPR1633G,NORMAN E. BORLAUG,Primaria,AZCAPOTZALCO,-99.21329167,19.48395,427,510,31.0588,38.8235,0,30.5882,156,510,52.3529,267,510,33.5294,171,510,20.0466,296,44.7059,228,510,1.5529,61.1765,312,510
09DPR0105I,PROFR. BRUNO MARTÍNEZ,MATUTINO,2025-2026,09DPR0105I,PROFR. BRUNO MARTÍNEZ,Primaria,IZTAPALAPA,-99.02033056,19.33008056,493,342,31.0526,0.5848,0,48.538,166,342,57.8947,198,342,48.2456,165,342,19.4302,334,52.6316,180,342,1.5526,99.4152,340,342
09DPR0964Q,LIC. FERNANDO CASAS ALEMAN,MATUTINO,2025-2026,09DPR0965P,LIC. FERNANDO CASAS ALEMAN,Primaria,VENUSTIANO CARRANZA,-99.09217778,19.44783611,185,134,31.0448,0,0,41.791,56,134,67.1642,90,134,46.2687,62,134,19.4835,109,50.7463,68,134,1.5522,100,134,134
09DPR2438K,ESTADO DE MICHOACÁN,VESPERTINO,2024-2025 | 2025-2026,09DJN0245S,ESTADO DE MICHOACAN,Preescolar,CUAUHTÉMOC,-99.13014444,19.46014167,161,154,31.039,30.5195,0,56.4935,87,154,39.6104,61,154,28.5714,44,154,18.7406,106,45.4545,70,154,1.5519,69.4805,107,154
09DPR2331S,REPÚBLICA DOMINICANA,MATUTINO,2024-2025 | 2025-2026,09DPR2331S,REPÚBLICA DOMINICANA,Primaria,CUAUHTÉMOC,-99.13023056,19.45037222,383,368,31.0326,0,0,60.8696,224,368,54.3478,200,368,39.9457,147,368,18.8702,312,57.6087,212,368,1.5516,100,368,368
09DPR1513U,CONSTITUCIÓN DE APATZINGÁN,MATUTINO,2024-2025 | 2025-2026,09DPR1513U,CONSTITUCIÓN DE APATZINGÁN,Primaria,GUSTAVO A. MADERO,-99.08555278,19.48094444,308,330,31.0303,13.0303,0,40.303,133,330,69.0909,228,330,32.7273,108,330,18.5522,255,54.8485,181,330,1.5515,86.9697,287,330
09DPR1325A,LIC. EDUARDO NOVOA,MATUTINO,2024-2025 | 2025-2026,09DPR1323C,LIC. EDUARDO NOVOA,Primaria,BENITO JUÁREZ,-99.146625,19.36449444,277,176,31.0227,0.5682,0,63.0682,111,176,47.7273,84,176,43.75,77,176,19.1297,175,52.8409,93,176,1.5511,99.4318,175,176
09DPR2782V,TLACAELEL,VESPERTINO,2024-2025,09DPR2782V,TLACAELEL,Primaria,TLÁHUAC,-99.05723333,19.29519722,161,89,31.0112,11.236,0,50.5618,45,89,46.0674,41,89,47.191,42,89,20.2519,79,49.4382,44,89,1.5506,88.764,79,89
09DPR1495V,DR. ATL,MATUTINO,2024-2025 | 2025-2026,09DJN1325K,DR. ATL,Preescolar,IZTAPALAPA,-99.05149722,19.36781389,475,545,31.0092,15.9633,0,35.0459,191,545,66.055,360,545,37.9817,207,545,18.6935,448,49.3578,269,545,1.5505,84.0367,458,545
09DPR5148O,DR. EDUARDO LICEAGA,VESPERTINO,2024-2025 | 2025-2026,09DPR5125D,DR. EDUARDO LICEAGA,Primaria,LA MAGDALENA CONTRERAS,-99.27000556,19.3029,169,149,31.0067,14.7651,0,57.047,85,149,52.349,78,149,30.8725,46,149,16.7197,127,52.349,78,149,1.5503,85.2349,127,149
09DPR1518P,CLUB DE LEONES NUMERO 6,VESPERTINO,2024-2025 | 2025-2026,09DPR1522B,CLUB DE LEONES NUMERO 6,Primaria,GUSTAVO A. MADERO,-99.08781944,19.47690833,76,80,31,11.25,0,53.75,43,80,55,44,80,35,28,80,18.9639,61,50,40,80,1.55,88.75,71,80
09DPR1368Z,MANUEL AVILA CAMACHO,MATUTINO,2024-2025 | 2025-2026,09DPR1368Z,MANUEL AVILA CAMACHO,Primaria,GUSTAVO A. MADERO,-99.10111389,19.46501667,231,220,31,21.8182,0,47.7273,105,220,51.3636,113,220,34.0909,75,220,18.9726,164,48.1818,106,220,1.55,78.1818,172,220
09DPR1643N,REPÚBLICA DE GHANA,MATUTINO,2024-2025 | 2025-2026,09DPR1643N,REPÚBLICA DE GHANA,Primaria,AZCAPOTZALCO,-99.19677222,19.47573056,231,246,30.9756,21.1382,0,45.5285,112,246,54.4715,134,246,33.7398,83,246,18.5274,164,50.813,125,246,1.5488,78.8618,194,246
09DPR3126P,EL SEGURO DEL MAESTRO,MATUTINO,2024-2025 | 2025-2026,09DPR3126P,EL SEGURO DEL MAESTRO,Primaria,IZTAPALAPA,-98.9953,19.36238611,318,246,30.9756,9.3496,0,44.7154,110,246,60.1626,148,246,40.6504,100,246,18.7072,223,52.0325,128,246,1.5488,90.6504,223,246
09DPR1588K,REPÚBLICA DE CHILE,MATUTINO,2024-2025,09DPR1588K,REPÚBLICA DE CHILE,Primaria,GUSTAVO A. MADERO,-99.14520833,19.47926111,219,195,30.9744,19.4872,0,43.0769,84,195,64.1026,125,195,28.2051,55,195,17.4652,158,48.7179,95,195,1.5487,80.5128,157,195
09DPR2735K,RAMÓN LÓPEZ VELARDE,MATUTINO,2024-2025 | 2025-2026,09DPR2735K,RAMÓN LÓPEZ VELARDE,Primaria,GUSTAVO A. MADERO,-99.08513611,19.49048889,389,412,30.9709,16.2621,0,36.165,149,412,66.0194,272,412,36.4078,150,412,19.7031,293,51.699,213,412,1.5485,83.7379,345,412
09DPR1897P,ENRIQUE RODRÍGUEZ CANO,VESPERTINO,2024-2025 | 2025-2026,09DPR1896Q,ENRIQUE RODRÍGUEZ CANO,Primaria,LA MAGDALENA CONTRERAS,-99.24500556,19.29744167,220,166,30.9639,3.6145,0,47.5904,79,166,65.6627,109,166,37.9518,63,166,19.0725,160,46.988,78,166,1.5482,96.3855,160,166
09DPR4010W,KYOTO,MATUTINO,2024-2025 | 2025-2026,09DPR4010W,KYOTO,Primaria,AZCAPOTZALCO,-99.19688056,19.490525,143,135,30.963,28.8889,0,27.4074,37,135,66.6667,90,135,31.8519,43,135,19.1989,95,46.6667,63,135,1.5481,71.1111,96,135
09DPR3263S,PROFR. GAUDENCIO PERAZA,VESPERTINO,2024-2025 | 2025-2026,09DPR3263S,PROFR. GAUDENCIO PERAZA,Primaria,IZTAPALAPA,-98.98970278,19.34816944,208,135,30.963,2.2222,0,45.9259,62,135,73.3333,99,135,33.3333,45,135,18.9992,120,58.5185,79,135,1.5481,97.7778,132,135
09DPR1164E,IGNACIO ZARAGOZA,MATUTINO,2024-2025 | 2025-2026,09DJN0338H,IGNACIO ZARAGOZA,Preescolar,IZTAPALAPA,-99.05023889,19.38713056,424,389,30.9512,20.8226,0,43.7018,170,389,51.928,202,389,38.3033,149,389,18.842,305,46.2725,180,389,1.5476,79.1774,308,389
09DPR1433I,DR. JOSÉ MARIA LUIS MORA,MATUTINO,2024-2025 | 2025-2026,09DPR1433I,DR. JOSÉ MARIA LUIS MORA,Primaria,GUSTAVO A. MADERO,-99.13875278,19.52653889,279,254,30.9449,15.748,0,42.126,107,254,64.5669,164,254,32.2835,82,254,19.0759,187,50.3937,128,254,1.5472,84.252,214,254
09DPR1713S,FRANCISCO SANTOYO MALDONADO,MATUTINO,2025-2026,09DPR1713S,FRANCISCO SANTOYO MALDONADO,Primaria,MIGUEL HIDALGO,-99.18203611,19.45224444,212,183,30.929,0,0,33.8798,62,183,76.5027,140,183,44.2623,81,183,19.7664,152,59.5628,109,183,1.5464,100,183,183
09DPR3045E,MI PATRIA ES PRIMERO,MATUTINO,2024-2025 | 2025-2026,09DPR3045E,MI PATRIA ES PRIMERO,Primaria,IZTAPALAPA,-99.06026111,19.36169167,242,194,30.9278,2.0619,0,56.1856,109,194,50,97,194,46.3918,90,194,19.6571,154,58.2474,113,194,1.5464,97.9381,190,194
09DPR2600W,JUAN JOSÉ MARTÍNEZ,MATUTINO,2024-2025 | 2025-2026,09DPR2600W,JUAN JOSÉ MARTÍNEZ,Primaria,IZTACALCO,-99.09169167,19.38851389,177,141,30.922,0,0,42.5532,60,141,70.922,100,141,41.1348,58,141,19.8752,113,58.8652,83,141,1.5461,100,141,141
09DPR2434O,FRANCISCO MEDINA ASCENCIO,MATUTINO,2024-2025 | 2025-2026,09DPR2434O,FRANCISCO MEDINA ASCENCIO,Primaria,CUAUHTÉMOC,-99.13668889,19.45374444,288,218,30.9174,0,0,50,109,218,61.4679,134,218,43.1193,94,218,18.6252,210,57.3394,125,218,1.5459,100,218,218
09DPR0984D,DEFENSORES DE VERACRUZ DE 1914,MATUTINO,2024-2025 | 2025-2026,09DPR0984D,DEFENSORES DE VERACRUZ DE 1914,Primaria,VENUSTIANO CARRANZA,-99.10576389,19.43247778,148,121,30.9091,4.1322,0,38.0165,46,121,72.7273,88,121,39.6694,48,121,18.9038,105,52.0661,63,121,1.5455,95.8678,116,121
09DPR1025D,CHAPULTEPEC,MATUTINO,2024-2025 | 2025-2026,09DPR1101T,CHAPULTEPEC,Primaria,MIGUEL HIDALGO,-99.21806667,19.41948889,246,213,30.892,1.4085,0,42.2535,90,213,66.1972,141,213,44.6009,95,213,19.3348,198,57.277,122,213,1.5446,98.5915,210,213
09DPR1262F,LÁZARO CARDENAS,VESPERTINO,2024-2025 | 2025-2026,09DPR3090R,LAZARO CARDENAS,Primaria,GUSTAVO A. MADERO,-99.15,19.54074722,184,101,30.8911,0.9901,0,77.2277,78,101,24.7525,25,101,51.4851,52,101,20.4,100,50.495,51,101,1.5446,99.0099,100,101
09DPR1137H,LUIS GONZÁLEZ OBREGON,MATUTINO,2024-2025 | 2025-2026,09DPR1137H,LUIS GONZÁLEZ OBREGON,Primaria,BENITO JUÁREZ,-99.15836111,19.40181944,194,160,30.875,1.25,0,51.875,83,160,57.5,92,160,43.75,70,160,18.8192,146,57.5,92,160,1.5437,98.75,158,160
09DPR1872G,PROFR. FEDERICO HERRERA MARTÍNEZ,MATUTINO,2024-2025 | 2025-2026,09DPR1872G,PROFR. FEDERICO HERRERA MARTÍNEZ,Primaria,BENITO JUÁREZ,-99.18566944,19.37475,245,160,30.875,0.625,0,46.875,75,160,56.25,90,160,50.625,81,160,19.7428,159,53.75,86,160,1.5437,99.375,159,160
09DPR3119F,PROFR. URBANO LAVIN ROMÁN,VESPERTINO,2024-2025,09DPR3119F,PROFR. URBANO LAVIN ROMÁN,Primaria,TLÁHUAC,-99.04906667,19.29441667,292,175,30.8571,20,0,50.8571,89,175,47.4286,83,175,36,63,175,20.1964,140,47.4286,83,175,1.5429,80,140,175
09DPR2670R,SOSTENES NICOLAS CHAPA NIETO,VESPERTINO,2024-2025 | 2025-2026,09DPR2670R,SOSTENES NICOLAS CHAPA NIETO,Primaria,TLÁHUAC,-99.02920556,19.29536944,411,310,30.8387,17.0968,0,58.0645,180,310,40,124,310,39.0323,121,310,19.7132,257,49.6774,154,310,1.5419,82.9032,257,310
09DPR1160I,ANTONIO GARCÍA CUBAS,MATUTINO,2024-2025 | 2025-2026,09DPR1160I,ANTONIO GARCÍA CUBAS,Primaria,IZTACALCO,-99.12230833,19.38989722,322,275,30.8364,0,0,56.3636,155,275,68,187,275,29.8182,82,275,17.3486,214,60.7273,167,275,1.5418,100,275,275
09DPR1059U,DRA. MARGARITA CHORNE Y SALAZAR,MATUTINO,2024-2025 | 2025-2026,09DPR1059U,DRA. MARGARITA CHORNE Y SALAZAR,Primaria,VENUSTIANO CARRANZA,-99.09549722,19.42803611,182,146,30.8219,1.3699,0,38.3562,56,146,76.7123,112,146,37.6712,55,146,19.0413,121,58.2192,85,146,1.5411,98.6301,144,146
09DPR1067C,LIC. JULIO JIMENEZ RUEDA,MATUTINO,2024-2025 | 2025-2026,09DPR1067C,LIC. JULIO JIMENEZ RUEDA,Primaria,IZTACALCO,-99.06617222,19.389625,488,427,30.8197,1.171,0,48.9461,209,427,64.8712,277,427,39.1101,167,427,18.483,407,53.1616,227,427,1.541,98.829,422,427
09DPR2907M,DR. IGNACIO CHÁVEZ,MATUTINO,2024-2025 | 2025-2026,09DPR2792B,DR. IGNACIO CHÁVEZ,Primaria,IZTAPALAPA,-99.03588611,19.38180278,480,331,30.8157,0.3021,0,51.3595,170,331,63.142,209,331,39.2749,130,331,18.6277,321,50.4532,167,331,1.5408,99.6979,330,331
09DPR0932Y,QUETZALCOATL,VESPERTINO,2024-2025 | 2025-2026,09DPR5119T,QUETZALCOATL,Primaria,CUAJIMALPA DE MORELOS,-99.30938056,19.3535,77,50,30.8,0,0,54,27,50,58,29,50,42,21,50,19.7971,35,58,29,50,1.54,100,50,50
09DPR0006I,JOSÉ MA. RODRÍGUEZ COS,MATUTINO,2024-2025 | 2025-2026,09DPR4108G,JOSÉ MA. RODRÍGUEZ COS,Primaria,IZTAPALAPA,-99.04478333,19.32818056,670,618,30.7767,27.3463,0,55.0162,340,618,39.3204,243,618,32.2006,199,618,18.7922,425,46.1165,285,618,1.5388,72.6537,449,618
09DPR2763G,PETROLEOS MEXICANOS,MATUTINO,2024-2025 | 2025-2026,09DPR2763G,PETROLEOS MEXICANOS,Primaria,AZCAPOTZALCO,-99.20380556,19.48065,365,584,30.7534,7.0205,0,69.5205,406,584,27.0548,158,584,50.1712,293,584,19.6112,535,52.226,305,584,1.5377,92.9795,543,584
09DPR2352E,PENSIONES,MATUTINO,2024-2025 | 2025-2026,09DPR2352E,PENSIONES,Primaria,CUAUHTÉMOC,-99.15419444,19.43488333,79,93,30.7527,1.0753,0,48.3871,45,93,64.5161,60,93,39.7849,37,93,18.7554,74,61.2903,57,93,1.5376,98.9247,92,93
09DPR2580Z,ADAM MICKIEWICZ,MATUTINO,2024-2025 | 2025-2026,09DPR2580Z,ADAM MICKIEWICZ,Primaria,XOCHIMILCO,-99.11914722,19.23248889,698,651,30.7527,14.7465,0,29.9539,195,651,71.4286,465,651,37.6344,245,651,19.0577,555,48.3871,315,651,1.5376,85.2535,555,651
09DPR2944Q,MÁRTIRES DE TACUBAYA,MATUTINO,2024-2025 | 2025-2026,09DPR2944Q,MÁRTIRES DE TACUBAYA,Primaria,MIGUEL HIDALGO,-99.19014167,19.41211667,118,80,30.75,0,0,43.75,35,80,68.75,55,80,41.25,33,80,18.5438,73,51.25,41,80,1.5375,100,80,80
09DPR3031B,RAFAELA SUAREZ SOLORZANO,VESPERTINO,2024-2025 | 2025-2026,09DPR3031B,RAFAELA SUAREZ SOLORZANO,Primaria,IZTAPALAPA,-99.00705556,19.33809444,395,231,30.7359,0.4329,0,62.7706,145,231,52.381,121,231,38.0952,88,231,18.1974,230,51.9481,120,231,1.5368,99.5671,230,231
09DPR2147V,FERNANDO MONTES DE OCA,MATUTINO,2024-2025 | 2025-2026,09DES0025Q,FERNANDO MONTES DE OCA,Secundaria,AZCAPOTZALCO,-99.19845833,19.49748889,244,261,30.728,18.7739,0,43.6782,114,261,57.4713,150,261,33.7165,88,261,19.148,171,50.9579,133,261,1.5364,81.2261,212,261
09DPR2870P,MARGARITA MAGON DE FLORES,MATUTINO,2024-2025,09DPR2870P,MARGARITA MAGON DE FLORES,Primaria,XOCHIMILCO,-99.10273889,19.24116944,530,411,30.7056,16.545,0,53.7713,221,411,41.1192,169,411,42.0925,173,411,19.7332,343,47.4453,195,411,1.5353,83.455,343,411
09DPR2036Q,VICENTE RIVA PALACIO,MATUTINO,2024-2025,09DJN0267D,VICENTE RIVA PALACIO,Preescolar,GUSTAVO A. MADERO,-99.077325,19.49261111,567,524,30.687,8.2061,0,66.6031,349,524,35.8779,188,524,42.7481,224,524,18.816,481,49.8092,261,524,1.5344,91.7939,481,524
09DPR2034S,MAESTRO ADOLFO VALLES,MATUTINO,2024-2025 | 2025-2026,09DPR2034S,MAESTRO ADOLFO VALLES,Primaria,XOCHIMILCO,-99.10799167,19.22682222,578,543,30.6814,10.8656,0,55.6169,302,543,46.7772,254,543,40.1473,218,543,18.4519,486,49.1713,267,543,1.5341,89.1344,484,543
09DPR2294E,CARLOS DE SIGÜENZA Y GONGORA,VESPERTINO,2024-2025,09DPR1883M,CARLOS DE SIGÜENZA Y GONGORA,Primaria,LA MAGDALENA CONTRERAS,-99.24541111,19.31035278,132,120,30.6667,20,0,31.6667,38,120,65.8333,79,120,35.8333,43,120,18.7814,97,50.8333,61,120,1.5333,80,96,120
09DPR2058B,PLAN DE AYALA,MATUTINO,2024-2025 | 2025-2026,09PPR1488Q,PLAN DE AYALA,Primaria,MILPA ALTA,-99.075159,19.187855,564,445,30.6517,28.764,0,53.9326,240,445,31.4607,140,445,39.1011,174,445,20.3322,317,43.5955,194,445,1.5326,71.236,317,445
09DPR2498Z,EZEQUIEL A. CHÁVEZ,MATUTINO,2025-2026,09DPR2414A,EZEQUIEL A. CHAVEZ,Primaria,CUAUHTÉMOC,-99.16153056,19.44859722,206,154,30.6494,0,0,39.6104,61,154,66.2338,102,154,47.4026,73,154,20.0037,135,55.8442,86,154,1.5325,100,154,154
09DPR1840O,"""ESC. PRIM. ANEXA A LA BENM """"GENOVEVA CORTÉS VALLADARES""""""",VESPERTINO,2025-2026,09DPR1840O,"ESC. PRIM. ANEXA A LA BENM ""GENOVEVA CORTÉS VALLADARES""",Primaria,MIGUEL HIDALGO,-99.16828056,19.44533889,134,62,30.6452,0,0,32.2581,20,62,85.4839,53,62,35.4839,22,62,18.7742,62,48.3871,30,62,1.5323,100,62,62
09DPR1932E,JUVENTINO ROSAS,MATUTINO,2024-2025,09DPR0935V,JUVENTINO ROSAS,Primaria,GUSTAVO A. MADERO,-99.13183611,19.55981667,415,282,30.6383,7.4468,0,45.7447,129,282,57.4468,162,282,42.5532,120,282,19.6,262,46.4539,131,282,1.5319,92.5532,261,282
09DPR2574O,RAFAEL RAMIREZ CASTAÑEDA,MATUTINO,2024-2025 | 2025-2026,09DPR3253L,RAFAEL RAMIREZ CASTAÑEDA,Primaria,TLÁHUAC,-98.96586667,19.31056389,697,335,30.6269,1.194,0,71.0448,238,335,30.1493,101,335,50.7463,170,335,18.9547,331,52.2388,175,335,1.5313,98.806,331,335
09DPR2369E,NICOLAS RANGEL,MATUTINO,2024-2025 | 2025-2026,09DPR2369E,NICOLAS RANGEL,Primaria,CUAUHTÉMOC,-99.13549444,19.45072222,387,372,30.5914,0,0,51.3441,191,372,68.0108,253,372,33.6022,125,372,18.2124,314,54.3011,202,372,1.5296,100,372,372
09DPR1026C,SIETE DE JULIO,MATUTINO,2025-2026,09DPR1026C,SIETE DE JULIO,Primaria,VENUSTIANO CARRANZA,-99.11325,19.43476111,227,225,30.5778,1.3333,0,41.3333,93,225,72,162,225,38.2222,86,225,19.4318,173,56.8889,128,225,1.5289,98.6667,222,225
09DPR2019Z,ADAM MICKIEWICZ,VESPERTINO,2024-2025,09DPR2580Z,ADAM MICKIEWICZ,Primaria,XOCHIMILCO,-99.11914722,19.23248889,393,375,30.56,21.0667,0,33.8667,127,375,63.4667,238,375,34.4,129,375,18.624,296,46.6667,175,375,1.528,78.9333,296,375
09DPR1441R,PROFR. JOSÉ MARIA BONILLA,MATUTINO,2024-2025 | 2025-2026,09DPR1441R,PROFR. JOSÉ MARIA BONILLA,Primaria,GUSTAVO A. MADERO,-99.095975,19.49726667,318,338,30.5325,17.7515,0,44.6746,151,338,57.1006,193,338,33.1361,112,338,19.0308,227,52.071,176,338,1.5266,82.2485,278,338
09DPR2947N,GRAL. HERMINIO CHAVARRIA,MATUTINO,2024-2025 | 2025-2026,09DPR2808M,GRAL. HERMINIO CHAVARRIA,Primaria,IZTAPALAPA,-99.03313333,19.35699722,579,439,30.5239,0.2278,0,49.2027,216,439,57.631,253,439,45.5581,200,439,19.8609,396,54.6697,240,439,1.5262,99.7722,438,439
09DPR2157B,REPÚBLICA DE HUNGRIA,MATUTINO,2024-2025 | 2025-2026,09DPR2157B,REPÚBLICA DE HUNGRIA,Primaria,GUSTAVO A. MADERO,-99.08933889,19.50626389,372,407,30.516,14.0049,0,43.2432,176,407,55.774,227,407,39.5577,161,407,19.1801,302,51.3514,209,407,1.5258,85.9951,350,407
09DPR3200G,PROFR. Y LIC. GENARO V. VAZQUEZ QUIROZ,MATUTINO,2024-2025 | 2025-2026,09DPR3200G,PROFR. Y LIC. GENARO V. VAZQUEZ QUIROZ,Primaria,IZTACALCO,-99.06695556,19.40831667,211,194,30.5155,0,0,28.3505,55,194,79.8969,155,194,44.3299,86,194,19.0844,186,48.9691,95,194,1.5258,100,194,194
09DPR2558X,ESTADOS UNIDOS DE AMERICA,MATUTINO,2025-2026,09DPR2558X,ESTADOS UNIDOS DE AMERICA,Primaria,VENUSTIANO CARRANZA,-99.11169167,19.41710556,236,238,30.5042,10.9244,0,27.7311,66,238,72.2689,172,238,41.5966,99,238,18.6349,209,48.3193,115,238,1.5252,89.0756,212,238
09DPR3051P,INGENIERO JUAN DE DIOS BATIZ,MATUTINO,2024-2025 | 2025-2026,09DPR3051P,INGENIERO JUAN DE DIOS BATIZ,Primaria,GUSTAVO A. MADERO,-99.14551389,19.52480556,231,248,30.4839,18.9516,0,38.7097,96,248,58.871,146,248,35.8871,89,248,19.1356,163,50.4032,125,248,1.5242,81.0484,201,248
09DPR2430S,FRANCISCO DIAZ COVARRUBIAS,MATUTINO,2024-2025 | 2025-2026,09DPR2430S,FRANCISCO DIAZ COVARRUBIAS,Primaria,CUAUHTÉMOC,-99.1384,19.45636111,199,170,30.4706,2.3529,0,43.5294,74,170,68.8235,117,170,37.6471,64,170,18.5422,147,52.9412,90,170,1.5235,97.6471,166,170
09DPR1792V,REPÚBLICA DE COSTA RICA,MATUTINO,2024-2025 | 2025-2026,09DES0092O,REPÚBLICA DE COSTA RICA,Secundaria,MIGUEL HIDALGO,-99.20874167,19.45467222,357,346,30.4624,0.289,0,38.1503,132,346,67.6301,234,346,46.2428,160,346,19.3205,283,55.2023,191,346,1.5231,99.711,345,346
09DPR2078P,FRANCISCO DEL OLMO,MATUTINO,2024-2025 | 2025-2026,09DPR2078P,FRANCISCO DEL OLMO,Primaria,MILPA ALTA,-98.99759722,19.17547778,438,415,30.4578,26.506,0,39.759,165,415,51.0843,212,415,34.9398,145,415,19.1567,305,45.3012,188,415,1.5229,73.494,305,415
09DPR3135X,JAIME NUNO,VESPERTINO,2024-2025 | 2025-2026,09DJN0698T,JAIME NUNO,Preescolar,CUAUHTÉMOC,-99.13766389,19.44666944,129,111,30.4505,0.9009,0,58.5586,65,111,62.1622,69,111,30.6306,34,111,19.5756,90,62.1622,69,111,1.5225,99.0991,110,111
09DPR1246O,MARIANO HIDALGO,MATUTINO,2024-2025 | 2025-2026,09DBA0223U,MARIANO HIDALGO,Adultos - Primaria,IZTAPALAPA,-99.00424444,19.35640278,656,228,30.4386,0.4386,0,66.6667,152,228,44.2982,101,228,40.7895,93,228,18.7686,226,52.6316,120,228,1.5219,99.5614,227,228
09DPR4509B,JESÚS NARVAEZ GALDEANO,VESPERTINO,2024-2025 | 2025-2026,09DPR0056Q,JESÚS NARVAEZ GALDEANO,Primaria,IZTAPALAPA,-99.05834167,19.32968889,238,161,30.4348,1.8634,0,53.4161,86,161,60.8696,98,161,36.0248,58,161,18.4866,157,50.3106,81,161,1.5217,98.1366,158,161
09DPR1034L,REPÚBLICA DE LIBERIA,MATUTINO,2024-2025 | 2025-2026,09DPR1034L,REPÚBLICA DE LIBERIA,Primaria,VENUSTIANO CARRANZA,-99.10106389,19.41516111,165,138,30.4348,0.7246,0,37.6812,52,138,71.7391,99,138,42.029,58,138,19.3776,107,55.0725,76,138,1.5217,99.2754,137,138
09DPR2965C,PROFR. ENRIQUE VAZQUEZ ISLAS,MATUTINO,2024-2025 | 2025-2026,09DPR2965C,PROFR. ENRIQUE VAZQUEZ ISLAS,Primaria,GUSTAVO A. MADERO,-99.0717,19.47736944,408,439,30.4328,26.8793,0,29.8405,131,439,63.0979,277,439,32.3462,142,439,19.6816,309,46.9248,206,439,1.5216,73.1207,321,439
09DPR2067J,JOSÉ MARIA MORELOS,MATUTINO,2024-2025,09DPR2067J,JOSÉ MARIA MORELOS,Primaria,MILPA ALTA,-99.02661389,19.19506944,667,614,30.4235,19.0554,0,54.886,337,614,40.0651,246,614,38.1107,234,614,18.872,497,47.0684,289,614,1.5212,80.9446,497,614
09DPR1564A,ARBOL DE LA NOCHE TRISTE,MATUTINO,2024-2025 | 2025-2026,09DPR1564A,ARBOL DE LA NOCHE TRISTE,Primaria,MIGUEL HIDALGO,-99.17663611,19.45560556,238,190,30.4211,0.5263,0,53.1579,101,190,64.7368,123,190,33.6842,64,190,18.6208,154,56.8421,108,190,1.5211,99.4737,189,190
09DPR2645S,JOSÉ LÓPEZ PORTILLO Y ROJAS,MATUTINO,2024-2025 | 2025-2026,09DBS0020Y,JOSÉ LÓPEZ PORTILLO Y ROJAS,Adultos - Secundaria,IZTACALCO,-99.060725,19.41424722,540,578,30.4152,2.9412,0,44.8097,259,578,64.8789,375,578,39.4464,228,578,18.2809,524,53.2872,308,578,1.5208,97.0588,561,578
09DPR1883M,CARLOS DE SIGÜENZA Y GONGORA,MATUTINO,2024-2025 | 2025-2026,09DPR1883M,CARLOS DE SIGÜENZA Y GONGORA,Primaria,LA MAGDALENA CONTRERAS,-99.24541111,19.31035278,460,427,30.3981,25.0585,0,59.719,255,427,32.3185,138,427,34.8946,149,427,18.8259,321,43.3255,185,427,1.5199,74.9415,320,427
09DPR2486U,LUIS DE LA ROSA,MATUTINO,2024-2025 | 2025-2026,09DPR2486U,LUIS DE LA ROSA,Primaria,VENUSTIANO CARRANZA,-99.12181944,19.43779167,232,233,30.3863,0.8584,0,55.3648,129,233,54.0773,126,233,41.6309,97,233,19.3692,208,52.7897,123,233,1.5193,99.1416,231,233
09DPR2539I,HORACIO MANN,MATUTINO,2024-2025,09PES0762S,HORACIO MANN,Secundaria,VENUSTIANO CARRANZA,-99.087476,19.412256,127,108,30.3704,3.7037,0,63.8889,69,108,46.2963,50,108,37.963,41,108,18.4817,104,50,54,108,1.5185,96.2963,104,108
09DPR1606J,FRANCISCO JAVIER MINA,MATUTINO,2024-2025 | 2025-2026,09DES0163S,FRANCISCO JAVIER MINA,Secundaria,IZTAPALAPA,-99.07026944,19.37791111,232,249,30.3614,16.4659,0,41.7671,104,249,58.6345,146,249,34.9398,87,249,18.6568,190,50.6024,126,249,1.5181,83.5341,208,249
09DPR1079H,JESUS T. ACEVEDO,MATUTINO,2024-2025 | 2025-2026,09DPR1079H,JESUS T. ACEVEDO,Primaria,IZTACALCO,-99.06041111,19.38781667,278,195,30.359,10.2564,0,57.4359,112,195,56.4103,110,195,27.6923,54,195,18.0778,158,51.7949,101,195,1.5179,89.7436,175,195
09DPR2135Q,REPÚBLICA MEXICANA,MATUTINO,2024-2025 | 2025-2026,09DJN0823A,REPÚBLICA MEXICANA,Preescolar,GUSTAVO A. MADERO,-99.13653056,19.55665,190,315,30.3492,6.3492,0,42.5397,134,315,63.8095,201,315,39.0476,123,315,17.411,255,57.1429,180,315,1.5175,93.6508,295,315
09DPR1020I,AUGUSTO CESAR SANDINO,MATUTINO,2024-2025 | 2025-2026,09DPR2501W,AUGUSTO CESAR SANDINO,Primaria,CUAUHTÉMOC,-99.161075,19.456425,486,407,30.3194,7.8624,0,51.3514,209,407,54.0541,220,407,38.3292,156,407,19.6464,332,52.0885,212,407,1.516,92.1376,375,407
09DPR3239S,CONSTITUYENTE CELESTINO PÉREZ Y PÉREZ,MATUTINO,2025-2026,09DPR3239S,CONSTITUYENTE CELESTINO PÉREZ Y PÉREZ,Primaria,IZTAPALAPA,-99.0016,19.36690833,349,289,30.3114,0,0,59.1696,171,289,59.5156,172,289,32.872,95,289,18.4696,224,58.1315,168,289,1.5156,100,289,289
09DPR1072O,JUAN B MOLINA,VESPERTINO,2024-2025 | 2025-2026,09DPR1071P,JUAN B MOLINA,Primaria,IZTACALCO,-99.06415278,19.39284722,199,132,30.303,53.0303,0,39.3939,52,132,37.1212,49,132,21.9697,29,132,18.6548,62,40.9091,54,132,1.5152,46.9697,62,132
09DPR1914P,PROCERES DE LA REVOLUCIÓN,MATUTINO,2024-2025 | 2025-2026,09DPR1914P,PROCERES DE LA REVOLUCIÓN,Primaria,LA MAGDALENA CONTRERAS,-99.20981667,19.33459167,255,233,30.3004,34.3348,0,40.7725,95,233,48.927,114,233,27.4678,64,233,18.7126,151,41.2017,96,233,1.515,65.6652,153,233
09DPR0988Z,CLUB 20 30,MATUTINO,2025-2026,09DPR0988Z,CLUB 20 30,Primaria,IZTACALCO,-99.08441389,19.39475278,190,134,30.2985,0,0,58.9552,79,134,57.4627,77,134,35.0746,47,134,19.3183,104,53.7313,72,134,1.5149,100,134,134
09DPR0895K,VICENTE LOMBARDO TOLEDANO,MATUTINO,2024-2025 | 2025-2026,09DPR0895K,VICENTE LOMBARDO TOLEDANO,Primaria,GUSTAVO A. MADERO,-99.13898056,19.53305833,357,373,30.2949,17.9625,0,48.7936,182,373,51.2064,191,373,33.5121,125,373,19.9471,242,50.6702,189,373,1.5147,82.0375,306,373
09DPR5074N,PROFR. JOSÉ SANTOS VALDES,VESPERTINO,2024-2025 | 2025-2026,09DPR5057X,PROFR. JOSÉ SANTOS VALDES,Primaria,IZTAPALAPA,-99.04188889,19.31829444,411,342,30.2924,0.2924,0,55.2632,189,342,61.1111,209,342,34.7953,119,342,19.6382,259,55.848,191,342,1.5146,99.7076,341,342
09DPR1397U,DR. CARLOS BAUER,MATUTINO,2024-2025 | 2025-2026,09DPR1396V,DR. CARLOS BAUER,Primaria,GUSTAVO A. MADERO,-99.09823889,19.48599722,300,309,30.2913,18.123,0,49.8382,154,309,55.9871,173,309,27.5081,85,309,20.9846,208,49.1909,152,309,1.5146,81.877,253,309
09DPR1687K,RAFAEL ANGEL DE LA PEÑA,MATUTINO,2024-2025 | 2025-2026,09DPR1687K,RAFAEL ANGEL DE LA PEÑA,Primaria,MIGUEL HIDALGO,-99.17088333,19.44970833,299,247,30.2834,0.8097,0,42.915,106,247,59.919,148,247,47.7733,118,247,19.7844,231,51.417,127,247,1.5142,99.1903,245,247
09DPR2182A,REPÚBLICA DE PAKISTAN,MATUTINO,2024-2025 | 2025-2026,09DPR2182A,REPÚBLICA DE PAKISTAN,Primaria,GUSTAVO A. MADERO,-99.10490278,19.47358889,313,284,30.2817,21.4789,0,41.1972,117,284,53.169,151,284,35.5634,101,284,19.1338,222,46.1268,131,284,1.5141,78.5211,223,284
09DPR1317S,PROFR. DANIEL DELGADILLO,VESPERTINO,2024-2025 | 2025-2026,09DPR1333J,PROFR. DANIEL DELGADILLO,Primaria,GUSTAVO A. MADERO,-99.08124722,19.47840833,91,181,30.2762,8.2873,0,56.3536,102,181,45.3039,82,181,41.4365,75,181,19.0803,147,48.0663,87,181,1.5138,91.7127,166,181
09DPR0044L,CATALINA CARDONA NAVA,MATUTINO,2024-2025,09DPR0044L,CATALINA CARDONA NAVA,Primaria,LA MAGDALENA CONTRERAS,-99.24439722,19.297375,190,187,30.2674,29.9465,0,48.6631,91,187,43.3155,81,187,29.4118,55,187,18.2053,131,46.5241,87,187,1.5134,70.0535,131,187
09DPR2366H,PABLO MORENO,MATUTINO,2024-2025 | 2025-2026,09DBN0094U,PABLO MORENO,Primaria,CUAUHTÉMOC,-99.13279722,19.43946667,135,117,30.2564,0.8547,0,46.1538,54,117,65.812,77,117,38.4615,45,117,18.904,101,55.5556,65,117,1.5128,99.1453,116,117
09DPR0936U,MARGARITA MAZA DE JUÁREZ,MATUTINO,2024-2025 | 2025-2026,09DES4099I,MARGARITA MAZA DE JUÁREZ,Secundaria,GUSTAVO A. MADERO,-99.078625,19.49635278,292,252,30.2381,5.1587,0,37.3016,94,252,68.254,172,252,40.4762,102,252,21.0638,199,53.1746,134,252,1.5119,94.8413,239,252
09DPR5133M,JAIME SABINES,MATUTINO,2024-2025,09DPR5105Q,JAIME SABINES,Primaria,IZTAPALAPA,-99.00394444,19.33298611,347,336,30.2381,2.0833,0,57.7381,194,336,46.131,155,336,45.2381,152,336,18.2568,329,51.4881,173,336,1.5119,97.9167,329,336
09DPR0877V,LUIS PASTEUR,VESPERTINO,2024-2025 | 2025-2026,09DBA0184I,LUIS PASTEUR,Adultos - Primaria,IZTAPALAPA,-98.999325,19.37146944,347,127,30.2362,3.1496,0,62.9921,80,127,31.4961,40,127,53.5433,68,127,19.8108,120,48.8189,62,127,1.5118,96.8504,123,127
09DPR3190Q,PROFR. FAUSTO ARROYO PÉREZ,VESPERTINO,2024-2025,09DPR3189A,PROFR. FAUSTO ARROYO PÉREZ,Primaria,GUSTAVO A. MADERO,-99.12869444,19.55590278,226,182,30.2198,12.6374,0,45.0549,82,182,62.0879,113,182,31.3187,57,182,16.6025,159,50.5495,92,182,1.511,87.3626,159,182
09DPR5114Y,LUCIO CABAÑAS BARRIENTOS,MATUTINO,2024-2025 | 2025-2026,09DPR5114Y,LUCIO CABAÑAS BARRIENTOS,Primaria,IZTAPALAPA,-99.03964167,19.32173056,589,551,30.1996,0.363,0,67.5136,372,551,46.098,254,551,37.0236,204,551,18.8666,476,54.8094,302,551,1.51,99.637,549,551
09DPR1523A,REGENTE URUCHURTU,MATUTINO,2024-2025 | 2025-2026,09DPR1523A,REGENTE URUCHURTU,Primaria,GUSTAVO A. MADERO,-99.16336111,19.52558056,350,357,30.1961,18.2073,0,42.577,152,357,56.8627,203,357,33.3333,119,357,19.4405,247,49.5798,177,357,1.5098,81.7927,292,357
09DPR5143T,RAMON G. BONFIL,VESPERTINO,2024-2025,09DPR5126C,RAMON G. BONFIL,Primaria,MILPA ALTA,-98.99270556,19.21441389,236,218,30.1835,23.3945,0,58.7156,128,218,39.4495,86,218,29.3578,64,218,18.3808,167,45.8716,100,218,1.5092,76.6055,167,218
09DPR2054F,PROGRESO CAMPESINO,MATUTINO,2024-2025,09DPR2054F,PROGRESO CAMPESINO,Primaria,MILPA ALTA,-99.03437222,19.17517222,392,407,30.172,37.3464,0,30.4668,124,407,58.4767,238,407,24.57,100,407,18.1624,255,44.7174,182,407,1.5086,62.6536,255,407
09DPR0928L,RAMON LÓPEZ VELARDE,MATUTINO,2024-2025 | 2025-2026,09DPR2735K,RAMÓN LÓPEZ VELARDE,Primaria,GUSTAVO A. MADERO,-99.08513611,19.49048889,136,118,30.1695,0,0,47.4576,56,118,66.1017,78,118,37.2881,44,118,19.3514,105,58.4746,69,118,1.5085,100,118,118
09DPR1135J,JOSÉ ANTONIO TORRES,MATUTINO,2025-2026,09DPR1135J,JOSÉ ANTONIO TORRES,Primaria,CUAUHTÉMOC,-99.15004167,19.45439444,238,160,30.125,0,0,38.125,61,160,73.75,118,160,38.75,62,160,18.2921,140,54.375,87,160,1.5063,100,160,160
09DPR3052O,CUAHILAMA,VESPERTINO,2024-2025 | 2025-2026,09DPR2044Z,CUAHILAMA,Primaria,XOCHIMILCO,-99.07465833,19.246325,365,334,30.1198,29.6407,0,26.0479,87,334,63.7725,213,334,31.1377,104,334,18.6847,235,45.2096,151,334,1.506,70.3593,235,334
09DPR2033T,GENERAL ANTONIO DE LEÓN Y LOYOLA,MATUTINO,2024-2025,09DPR2033T,GENERAL ANTONIO DE LEÓN Y LOYOLA,Primaria,MILPA ALTA,-98.99590833,19.18730556,202,208,30.0962,16.3462,0,47.5962,99,208,49.5192,103,208,37.0192,77,208,19.0397,174,48.5577,101,208,1.5048,83.6538,174,208
09DPR0039Z,13 DE SEPTIEMBRE DE 1847,MATUTINO,2024-2025 | 2025-2026,09DPR0039Z,13 DE SEPTIEMBRE DE 1847,Primaria,AZCAPOTZALCO,-99.21266944,19.47539444,299,321,30.0935,25.2336,0,36.7601,118,321,56.0748,180,321,32.3988,104,321,19.8597,211,46.4174,149,321,1.5047,74.7664,240,321
09DPR1791W,GRAL. SANTOS DEGOLLADO,MATUTINO,2024-2025 | 2025-2026,09DPR1791W,GRAL. SANTOS DEGOLLADO,Primaria,CUAJIMALPA DE MORELOS,-99.32628889,19.33090278,273,286,30.0699,6.6434,0,66.7832,191,286,44.4056,127,286,32.5175,93,286,20.5509,265,50.3497,144,286,1.5035,93.3566,267,286
09DPR2389S,LEONARDO BRAVO,MATUTINO,2024-2025 | 2025-2026,09DPR2389S,LEONARDO BRAVO,Primaria,CUAUHTÉMOC,-99.12751944,19.46115556,344,338,30.0592,0.2959,0,38.4615,130,338,66.568,225,338,44.9704,152,338,18.9846,318,49.4083,167,338,1.503,99.7041,337,338
09DPR2898V,ARQUELES VELA SALVATIERRA,MATUTINO,2024-2025 | 2025-2026,09DPR2897W,ARQUELES VELA SALVATIERRA,Primaria,IZTACALCO,-99.07007778,19.39435556,265,217,30.0461,5.9908,0,33.6406,73,217,74.6544,162,217,35.9447,78,217,18.8,183,50.2304,109,217,1.5023,94.0092,204,217
09DPR1333J,PROFR. DANIEL DELGADILLO,MATUTINO,2024-2025 | 2025-2026,09DPR1333J,PROFR. DANIEL DELGADILLO,Primaria,GUSTAVO A. MADERO,-99.08124722,19.47840833,253,241,30.0415,14.5228,0,42.7386,103,241,54.7718,132,241,38.1743,92,241,19.6814,183,51.4523,124,241,1.5021,85.4772,206,241
09DPR1041V,PROFR. RAFAEL JIMENEZ,MATUTINO,2024-2025 | 2025-2026,09DPR1041V,PROFR. RAFAEL JIMENEZ,Primaria,VENUSTIANO CARRANZA,-99.08651111,19.41997778,317,271,30.0369,0.369,0,40.9594,111,271,65.6827,178,271,43.1734,117,271,19.9124,233,54.9815,149,271,1.5018,99.631,270,271
09DPR2069H,INDEPENDENCIA ECONÓMICA DE MÉXICO,MATUTINO,2024-2025,09DPR2070X,INDEPENDENCIA ECONÓMICA DE MÉXICO,Primaria,XOCHIMILCO,-99.06485833,19.25643333,673,672,30.0298,24.1071,0,47.4702,319,672,42.5595,286,672,36.0119,242,672,19.1901,513,44.7917,301,672,1.5015,75.8929,510,672
09DPR2842T,RAFAELA SUAREZ SOLORZANO,MATUTINO,2024-2025 | 2025-2026,09DPR3031B,RAFAELA SUAREZ SOLORZANO,Primaria,IZTAPALAPA,-99.00705556,19.33809444,602,455,30.022,0.4396,0,54.7253,249,455,47.9121,218,455,47.033,214,455,18.9508,451,49.6703,226,455,1.5011,99.5604,453,455
09DPR1316T,ENRIQUE LAUBSCHER,MATUTINO,2024-2025 | 2025-2026,09DJN0279I,ENRIQUE LAUBSCHER,Preescolar,AZCAPOTZALCO,-99.17354722,19.46356111,594,539,30.0186,0.1855,0,44.1558,238,539,63.0798,340,539,42.6716,230,539,19.0767,472,52.5046,283,539,1.5009,99.8145,538,539
09DPR1521C,CHICOMOSTOC,MATUTINO,2024-2025 | 2025-2026,09DPR1521C,CHICOMOSTOC,Primaria,GUSTAVO A. MADERO,-99.096525,19.50433333,342,358,30,19.8324,0,47.486,170,358,50.5587,181,358,32.1229,115,358,18.6028,248,48.6034,174,358,1.5,80.1676,287,358
09DPR5058W,ESPERANZA VELASCO ZULETA,MATUTINO,2024-2025 | 2025-2026,09DPR5058W,ESPERANZA VELASCO ZULETA,Primaria,AZCAPOTZALCO,-99.19243889,19.50504167,293,248,30,31.8548,0,41.129,102,248,47.1774,117,248,29.8387,74,248,19.68,160,44.3548,110,248,1.5,68.1452,169,248
09DPR1372L,MANUEL GUTIERREZ NAJERA,VESPERTINO,2024-2025 | 2025-2026,09DPR1360G,MANUEL GUTIERREZ NAJERA,Primaria,GUSTAVO A. MADERO,-99.08584167,19.50059167,97,102,30,40.1961,0,39.2157,40,102,50.9804,52,102,19.6078,20,102,17.6885,61,43.1373,44,102,1.5,59.8039,61,102
09DPR1443P,GERTRUDIS BOCANEGRA DE LAZO DE LA VEGA,MATUTINO,2024-2025 | 2025-2026,09DPR1443P,GERTRUDIS BOCANEGRA DE LAZO DE LA VEGA,Primaria,GUSTAVO A. MADERO,-99.07343889,19.49264167,607,668,30,17.8144,0,48.6527,325,668,51.497,344,668,32.0359,214,668,19.3852,458,48.503,324,668,1.5,82.1856,549,668
09DPR3007B,LEGION AMERICANA,VESPERTINO,2024-2025 | 2025-2026,09DPR2235P,LEGION AMERICANA,Primaria,TLALPAN,-99.18150278,19.23320833,612,197,29.9492,1.0152,0,72.5888,143,197,34.5178,68,197,41.6244,82,197,18.9402,194,51.7766,102,197,1.4975,98.9848,195,197
09DPR1779A,VICENTE GUERRERO,MATUTINO,2024-2025 | 2025-2026,09DPR1779A,VICENTE GUERRERO,Primaria,CUAJIMALPA DE MORELOS,-99.28051944,19.34280833,601,585,29.9487,27.1795,0,39.6581,232,585,52.1368,305,585,30.7692,180,585,18.4523,413,42.3932,248,585,1.4974,72.8205,426,585
09DPR1535F,OBRAS DEL VALLE DE MÉXICO,MATUTINO,2024-2025 | 2025-2026,09DBS0011Q,OBRAS DEL VALLE DE MÉXICO,Adultos - Secundaria,GUSTAVO A. MADERO,-99.08553056,19.47044167,343,380,29.9474,36.0526,0,40.5263,154,380,48.9474,186,380,24.2105,92,380,18.0058,243,41.0526,156,380,1.4974,63.9474,243,380
09DPR1092B,HEROES DE CERRO PRIETO,MATUTINO,2024-2025 | 2025-2026,09DPR1092B,HEROES DE CERRO PRIETO,Primaria,GUSTAVO A. MADERO,-99.09681944,19.45448056,174,153,29.9346,30.0654,0,45.098,69,153,46.4052,71,153,28.1046,43,153,18.6123,106,41.8301,64,153,1.4967,69.9346,107,153
09DPR4507D,ANICETO CASTELLANOS URRUTIA,VESPERTINO,2024-2025 | 2025-2026,09DPR0001N,ANICETO CASTELLANOS URRUTIA,Primaria,TLÁHUAC,-99.04064444,19.28731389,387,149,29.9329,0,0,83.2215,124,149,23.4899,35,149,42.953,64,149,19.7201,149,48.9933,73,149,1.4966,100,149,149
09DPR2424H,MAO TSE TUNG,MATUTINO,2025-2026,09DPR2424H,MAO TSE TUNG,Primaria,IZTACALCO,-99.11364722,19.38351389,122,107,29.9065,1.8692,0,40.1869,43,107,66.3551,71,107,41.1215,44,107,20.7885,78,57.9439,62,107,1.4953,98.1308,105,107
09DPR2169G,REPÚBLICA DE COLOMBIA,MATUTINO,2024-2025 | 2025-2026,09DES0081I,REPÚBLICA DE COLOMBIA,Secundaria,GUSTAVO A. MADERO,-99.11419444,19.46827778,295,328,29.878,13.4146,0,38.7195,127,328,63.4146,208,328,33.8415,111,328,18.712,249,50.3049,165,328,1.4939,86.5854,284,328
09DPR2346U,GUADALUPE CENICEROS DE ZAVALETA,MATUTINO,2024-2025 | 2025-2026,09DES0130A,GUADALUPE CENICEROS DE ZAVALETA,Secundaria,COYOACÁN,-99.15968889,19.32026389,422,361,29.8615,0,0,49.0305,177,361,71.7452,259,361,28.5319,103,361,17.743,309,54.0166,195,361,1.4931,100,361,361
09DPR1235I,PRESIDENTE PLUTARCO ELIAS CALLES,MATUTINO,2024-2025 | 2025-2026,09DPR1235I,PRESIDENTE PLUTARCO ELIAS CALLES,Primaria,IZTACALCO,-99.13222222,19.39034444,344,215,29.8605,5.1163,0,24.6512,53,215,74.8837,161,215,44.6512,96,215,20.1523,176,52.5581,113,215,1.493,94.8837,204,215
09DPR3106B,GREGORIO TORRES QUINTERO,VESPERTINO,2024-2025 | 2025-2026,09DJN0910W,GREGORIO TORRES QUINTERO,Preescolar,COYOACÁN,-99.10751944,19.3193,312,282,29.8582,31.5603,0,53.5461,151,282,34.0426,96,282,30.1418,85,282,19.2295,193,43.2624,122,282,1.4929,68.4397,193,282
09DPR0119L,JOSÉ RUBEN ROMERO,MATUTINO,2024-2025 | 2025-2026,09DPR0119L,JOSÉ RUBEN ROMERO,Primaria,IZTACALCO,-99.058425,19.41465,535,477,29.8532,0,0,42.9769,205,477,68.5535,327,477,37.7358,180,477,18.5668,428,50.7338,242,477,1.4927,100,477,477
09DPR2979F,QUETZALCOATL,VESPERTINO,2024-2025 | 2025-2026,09DPR5119T,QUETZALCOATL,Primaria,CUAJIMALPA DE MORELOS,-99.30938056,19.3535,251,248,29.8387,30.6452,0,39.1129,97,248,48.3871,120,248,31.0484,77,248,18.4006,169,42.7419,106,248,1.4919,69.3548,172,248
09DPR5087R,MARCELIANO TREJO SANTANA,VESPERTINO,2024-2025 | 2025-2026,09DPR5087R,MARCELIANO TREJO SANTANA,Primaria,XOCHIMILCO,-99.11943889,19.28166389,243,179,29.8324,18.4358,0,38.5475,69,179,56.4246,101,179,35.7542,64,179,19.226,146,46.3687,83,179,1.4916,81.5642,146,179
09DPR2495B,PROFRA. ELMIRA ROCHA GARCÍA,MATUTINO,2024-2025 | 2025-2026,09DBN0112T,PROFRA. ELMIRA ROCHA GARCÍA,Primaria,AZCAPOTZALCO,-99.20717778,19.50745,406,409,29.8289,23.4719,0,39.1198,160,409,55.9902,229,409,30.5623,125,409,18.6783,254,49.1443,201,409,1.4914,76.5281,313,409
09DPR2535M,REPÚBLICA POPULAR CHINA,MATUTINO,2025-2026,09DES0118F,REPÚBLICA POPULAR CHINA,Secundaria,IZTAPALAPA,-99.07278333,19.31084167,110,98,29.7959,0,0,44.898,44,98,60.2041,59,98,43.8776,43,98,19.1624,85,57.1429,56,98,1.4898,100,98,98
09DPR2955W,PROFR. GERARDO BRUNO SEVILLA HERNÁNDEZ,MATUTINO,2024-2025 | 2025-2026,09DBS0042J,PROFR. GERARDO BRUNO SEVILLA HERNÁNDEZ,Adultos - Secundaria,IZTAPALAPA,-99.07276667,19.30278333,362,286,29.7902,0.3497,0,55.2448,158,286,54.5455,156,286,38.8112,111,286,18.9493,215,52.7972,151,286,1.4895,99.6503,285,286
09DPR2171V,BOMBERO RAMÓN ARRIAGA ACEVES,MATUTINO,2024-2025 | 2025-2026,09DPR2172U,BOMBERO RAMÓN ARRIAGA ACEVES,Primaria,GUSTAVO A. MADERO,-99.11734167,19.50060278,493,572,29.7552,18.1818,0,49.6503,284,572,51.049,292,572,29.8951,171,572,18.4478,385,48.951,280,572,1.4878,81.8182,468,572
09DPR1146P,ALBINO GARCÍA,MATUTINO,2024-2025 | 2025-2026,09DPR1146P,ALBINO GARCÍA,Primaria,IZTAPALAPA,-99.03808333,19.34508611,563,542,29.7417,0,0,39.2989,213,542,67.1587,364,542,42.2509,229,542,19.2221,447,54.6125,296,542,1.4871,100,542,542
09DPR2264K,REPÚBLICA DE RUANDA,VESPERTINO,2024-2025 | 2025-2026,09DPR2264K,REPÚBLICA DE RUANDA,Primaria,IZTACALCO,-99.09526111,19.39041389,141,115,29.7391,0.8696,0,62.6087,72,115,45.2174,52,115,40,46,115,20.4747,99,50.4348,58,115,1.487,99.1304,114,115
09DPR1496U,DINAMARCA,MATUTINO,2024-2025 | 2025-2026,09DJN0571N,DINAMARCA,Preescolar,ÁLVARO OBREGÓN,-99.19928333,19.36723333,211,255,29.7255,25.098,0,32.549,83,255,60.7843,155,255,30.1961,77,255,19.3017,181,44.7059,114,255,1.4863,74.902,191,255
09DPR2070X,INDEPENDENCIA ECONÓMICA DE MÉXICO,VESPERTINO,2024-2025,09DPR2070X,INDEPENDENCIA ECONÓMICA DE MÉXICO,Primaria,XOCHIMILCO,-99.06485833,19.25643333,484,424,29.717,32.5472,0,57.5472,244,424,28.7736,122,424,29.717,126,424,19.5516,287,41.7453,177,424,1.4858,67.4528,286,424
09DPR1913Q,MAESTRO RAFAEL RAMIREZ,MATUTINO,2024-2025,09DPR1913Q,MAESTRO RAFAEL RAMIREZ,Primaria,LA MAGDALENA CONTRERAS,-99.22926944,19.31789167,176,140,29.7143,14.2857,0,24.2857,34,140,70.7143,99,140,39.2857,55,140,18.5633,120,47.8571,67,140,1.4857,85.7143,120,140
09DPR3015K,CUAUHTEPEC,VESPERTINO,2024-2025,09DPR2954X,CUAUHTEPEC,Primaria,GUSTAVO A. MADERO,-99.13119722,19.55950278,323,301,29.701,27.5748,0,31.5615,95,301,63.1229,190,301,26.2458,79,301,18.0096,218,42.1927,127,301,1.485,72.4252,218,301
09DPR3169N,PROFRA. ROSA NAVARRO,MATUTINO,2024-2025 | 2025-2026,09DPR3169N,PROFRA. ROSA NAVARRO,Primaria,IZTACALCO,-99.11628056,19.39138056,304,299,29.699,2.3411,0,37.1237,111,299,64.214,192,299,44.8161,134,299,19.8996,234,51.8395,155,299,1.4849,97.6589,292,299
09DPR3128N,CULTURA AZTECA,VESPERTINO,2024-2025,09DPR3127O,CULTURA AZTECA,Primaria,MILPA ALTA,-99.02143611,19.18778333,372,326,29.6933,23.0061,0,31.9018,104,326,65.0307,212,326,28.5276,93,326,18.6614,251,44.7853,146,326,1.4847,76.9939,251,326
09DPR5070R,NIÑOS HEROES,MATUTINO,2025-2026,09PJN3382U,NIÑOS HEROES,Preescolar,IZTAPALAPA,-99.008727,19.338357,159,97,29.6907,2.0619,0,67.0103,65,97,32.9897,32,97,46.3918,45,97,18.7179,95,44.3299,43,97,1.4845,97.9381,95,97
09DPR5048P,POPOL VUH,MATUTINO,2024-2025 | 2025-2026,09DJN0068E,POPOL VUH,Preescolar,IZTAPALAPA,-99.11109167,19.37898056,595,450,29.6889,33.1111,0,47.7778,215,450,36,162,450,31.5556,142,450,18.7723,307,40.8889,184,450,1.4844,66.8889,301,450
09DPR1174L,REVOLUCION,MATUTINO,2024-2025 | 2025-2026,09DPR1174L,REVOLUCION,Primaria,CUAUHTÉMOC,-99.14862222,19.42673333,692,694,29.683,0.7205,0,35.7349,248,694,72.1902,501,694,39.7695,276,694,19.4435,558,54.4669,378,694,1.4841,99.2795,689,694
09DPR4159N,PROFR. ENRIQUE GONZÁLEZ APARICIO,VESPERTINO,2024-2025 | 2025-2026,09DPR0053T,PROFR. ENRIQUE GONZÁLEZ APARICIO,Primaria,IZTAPALAPA,-98.995075,19.347425,250,155,29.6774,0,0,63.871,99,155,43.871,68,155,40.6452,63,155,19.8649,154,49.6774,77,155,1.4839,100,155,155
09DPR0015Q,NICOLAS LEON,VESPERTINO,2024-2025 | 2025-2026,09DPR0015Q,NICOLAS LEON,Primaria,TLÁHUAC,-98.99588889,19.28511944,215,215,29.6744,17.6744,0,52.5581,113,215,40,86,215,38.1395,82,215,19.0835,176,40.9302,88,215,1.4837,82.3256,177,215
09DPR3063U,PROFRA. MA. DE JESUS SANTA OLALLA LÓPEZ,MATUTINO,2024-2025 | 2025-2026,09DPR3063U,PROFRA. MA. DE JESUS SANTA OLALLA LÓPEZ,Primaria,GUSTAVO A. MADERO,-99.11505833,19.45780278,131,118,29.661,4.2373,0,45.7627,54,118,66.9492,79,118,31.3559,37,118,18.8817,109,51.6949,61,118,1.4831,95.7627,113,118
09DPR3234X,PROFR. TOMAS FREGOSO,MATUTINO,2024-2025,09DPR3234X,PROFR. TOMAS FREGOSO,Primaria,TLÁHUAC,-98.95191111,19.22569722,484,344,29.6512,6.9767,0,33.1395,114,344,58.1395,200,344,50,172,344,19.5903,320,48.8372,168,344,1.4826,93.0233,320,344
09DPR2224J,XICOTENCATL,VESPERTINO,2024-2025 | 2025-2026,09DPR1904I,XICOTENCATL,Primaria,LA MAGDALENA CONTRERAS,-99.25632222,19.31331944,274,228,29.6491,33.3333,0,33.7719,77,228,58.3333,133,228,22.807,52,228,17.9796,152,43.8596,100,228,1.4825,66.6667,152,228
09DPR1740P,PROFR. ADELAIDO RIOS Y MONTES DE OCA,MATUTINO,2024-2025 | 2025-2026,09DPR1740P,PROFR. ADELAIDO RIOS Y MONTES DE OCA,Primaria,MIGUEL HIDALGO,-99.16988611,19.43825278,244,197,29.6447,0,0,46.7005,92,197,58.3756,115,197,43.1472,85,197,19.2511,174,52.2843,103,197,1.4822,100,197,197
09DPR2653A,JOSÉ ORTEGA Y GASSET,VESPERTINO,2024-2025 | 2025-2026,09DPR2653A,JOSÉ ORTEGA Y GASSET,Primaria,IZTAPALAPA,-99.01266111,19.34535833,164,135,29.6296,2.2222,0,48.1481,65,135,68.1481,92,135,29.6296,40,135,18.0981,104,54.8148,74,135,1.4815,97.7778,132,135
09DPR2132T,ESTADO DE GUANAJUATO,VESPERTINO,2024-2025 | 2025-2026,09DPR2132T,ESTADO DE GUANAJUATO,Primaria,AZCAPOTZALCO,-99.18538611,19.49293611,121,133,29.6241,26.3158,0,44.3609,59,133,42.1053,56,133,35.3383,47,133,20.0536,84,45.1128,60,133,1.4812,73.6842,98,133
09DPR4181P,PROFRA. EMMA GODOY,VESPERTINO,2024-2025 | 2025-2026,09DPR2619U,PROFRA. EMMA GODOY,Primaria,TLALPAN,-99.21901111,19.27626667,134,77,29.6104,2.5974,0,83.1169,64,77,28.5714,22,77,33.7662,26,77,18.2907,75,40.2597,31,77,1.4805,97.4026,75,77
09DPR2059A,ING. MIGUEL BERNARD,MATUTINO,2024-2025,09DPR2059A,ING. MIGUEL BERNARD,Primaria,XOCHIMILCO,-99.05683333,19.25258611,1019,906,29.6026,19.3157,0,49.7792,451,906,38.8521,352,906,40.0662,363,906,19.4752,731,43.4879,394,906,1.4801,80.6843,731,906
09DPR2996W,PROFR. CASTULO RAMÍREZ LUGO,MATUTINO,2024-2025 | 2025-2026,09DPR2968Z,PROFR. CASTULO RAMÍREZ LUGO,Primaria,IZTAPALAPA,-99.01874444,19.37861111,524,440,29.5909,0.4545,0,38.1818,168,440,70.9091,312,440,38.4091,169,440,18.9244,357,53.1818,234,440,1.4795,99.5455,438,440
09DPR1344P,ARTICULO 27,MATUTINO,2024-2025 | 2025-2026,09DPR1344P,ARTICULO 27,Primaria,GUSTAVO A. MADERO,-99.142775,19.49237222,199,215,29.5814,52.093,0,39.0698,84,215,37.6744,81,215,19.0698,41,215,18.9563,103,39.0698,84,215,1.4791,47.907,103,215
09DPR3158H,ING. MIGUEL BERNARD,VESPERTINO,2024-2025 | 2025-2026,09DPR2059A,ING. MIGUEL BERNARD,Primaria,XOCHIMILCO,-99.05683333,19.25258611,765,501,29.5808,9.1816,0,44.3114,222,501,54.0918,271,501,40.3194,202,501,18.4987,454,48.7026,244,501,1.479,90.8184,455,501
09DPR4516L,GUADALUPE FLORES ALONSO,MATUTINO,2024-2025 | 2025-2026,09DPR4516L,GUADALUPE FLORES ALONSO,Primaria,LA MAGDALENA CONTRERAS,-99.23961111,19.31753333,354,332,29.5783,23.7952,0,52.4096,174,332,34.3373,114,332,37.3494,124,332,19.5341,252,44.2771,147,332,1.4789,76.2048,253,332
09DPR1831G,JOSÉ ARTURO PICHARDO,MATUTINO,2024-2025 | 2025-2026,09DPR0847A,JOSÉ ARTURO PICHARDO,Primaria,AZCAPOTZALCO,-99.18842222,19.46781389,582,585,29.5726,3.0769,0,47.6923,279,585,60.6838,355,585,36.4103,213,585,16.9489,567,48.8889,286,585,1.4786,96.9231,567,585
09DPR2795Z,JUAN RAMON JIMÉNEZ,MATUTINO,2024-2025 | 2025-2026,09DPR2795Z,JUAN RAMON JIMÉNEZ,Primaria,IZTAPALAPA,-99.08056111,19.30685278,486,351,29.5726,0.5698,0,52.9915,186,351,48.433,170,351,45.8689,161,351,19.2929,336,47.2934,166,351,1.4786,99.4302,349,351
09DPR2186X,MAHATMA GANDHI,MATUTINO,2024-2025 | 2025-2026,09PJN0882V,MAHATMA GANDHI,Preescolar,COYOACÁN,-99.121871,19.332599,237,280,29.5714,21.4286,0,48.2143,135,280,52.5,147,280,25.7143,72,280,18.3924,170,49.2857,138,280,1.4786,78.5714,220,280
09DPR2822F,BANDERA NACIONAL,MATUTINO,2025-2026,09DPR2822F,BANDERA NACIONAL,Primaria,IZTAPALAPA,-99.118575,19.35931389,159,115,29.5652,4.3478,0,60,69,115,38.2609,44,115,45.2174,52,115,19.1301,103,49.5652,57,115,1.4783,95.6522,110,115
09DPR2850B,PROFR. JOSÉ PALOMAREZ QUIROS,MATUTINO,2024-2025 | 2025-2026,09DPR2850B,PROFR. JOSÉ PALOMAREZ QUIROS,Primaria,IZTAPALAPA,-99.02747222,19.3681,468,463,29.5464,0.216,0,63.067,292,463,44.4924,206,463,39.9568,185,463,19.5356,374,54.2117,251,463,1.4773,99.784,462,463
09DPR3199H,ENRIQUE CORONA MORFIN,MATUTINO,2024-2025 | 2025-2026,09DPR3199H,ENRIQUE CORONA MORFIN,Primaria,AZCAPOTZALCO,-99.20041944,19.49355556,288,329,29.5441,17.9331,0,44.3769,146,329,54.1033,178,329,31.307,103,329,19.2321,212,49.5441,163,329,1.4772,82.0669,270,329
09DPR4013T,JOSÉ INES NOVELO,VESPERTINO,2025-2026,09DPR0033F,JOSÉ INES NOVELO,Primaria,ÁLVARO OBREGÓN,-99.23259444,19.36831667,173,149,29.5302,0,0,62.4161,93,149,39.5973,59,149,45.6376,68,149,20.1023,132,50.3356,75,149,1.4765,100,149,149
09DPR1445N,WINSTON CHURCHILL,MATUTINO,2024-2025 | 2025-2026,09DBN0034F,WINSTON CHURCHILL,Primaria,GUSTAVO A. MADERO,-99.08445556,19.44867222,260,271,29.5203,9.9631,0,28.0443,76,271,73.8007,200,271,35.7934,97,271,18.8535,217,48.7085,132,271,1.476,90.0369,244,271
09DPR1834D,IGNACIO LÓPEZ RAYON,MATUTINO,2024-2025 | 2025-2026,09DPR1834D,IGNACIO LÓPEZ RAYON,Primaria,ÁLVARO OBREGÓN,-99.19388889,19.39781944,280,217,29.4931,6.9124,0,64.977,141,217,34.5622,75,217,41.0138,89,217,19.1418,182,47.0046,102,217,1.4747,93.0876,202,217
09DPR1460F,FILOMENO MATA,MATUTINO,2024-2025 | 2025-2026,09DPR1462D,FILOMENO MATA,Primaria,GUSTAVO A. MADERO,-99.122,19.50553056,391,487,29.4867,25.462,0,47.0226,229,487,51.3347,250,487,23.614,115,487,19.068,269,48.2546,235,487,1.4743,74.538,363,487
09DPR2608O,ROBERTO KOCH,MATUTINO,2024-2025 | 2025-2026,09DJN0525B,ROBERTO KOCH,Preescolar,AZCAPOTZALCO,-99.14963056,19.47589167,183,150,29.4667,2,0,36,54,150,70.6667,106,150,38.6667,58,150,19.1763,114,55.3333,83,150,1.4733,98,147,150
09DPR1353X,JERONIMO FIGUEROA,VESPERTINO,2024-2025 | 2025-2026,09DPR1351Z,JERONIMO FIGUEROA,Primaria,GUSTAVO A. MADERO,-99.15330833,19.52117222,52,55,29.4545,9.0909,0,63.6364,35,55,45.4545,25,55,29.0909,16,55,18.3041,49,40,22,55,1.4727,90.9091,50,55
09DPR0053T,PROFR. ENRIQUE GONZÁLEZ APARICIO,MATUTINO,2024-2025 | 2025-2026,09DPR0053T,PROFR. ENRIQUE GONZÁLEZ APARICIO,Primaria,IZTAPALAPA,-98.995075,19.347425,397,341,29.4428,0.8798,0,37.8299,129,341,68.3284,233,341,40.176,137,341,18.498,304,51.3196,175,341,1.4721,99.1202,338,341
09DPR1653U,MÁRTIRES DE LA LIBERTAD,VESPERTINO,2024-2025,09DPR1652V,MÁRTIRES DE LA LIBERTAD,Primaria,AZCAPOTZALCO,-99.18696389,19.47933611,75,70,29.4286,24.2857,0,44.2857,31,70,50,35,70,28.5714,20,70,18.5472,53,45.7143,32,70,1.4714,75.7143,53,70
09DPR0905A,PROFRA. CARMEN COSGAYA RIVAS,MATUTINO,2024-2025 | 2025-2026,09DPR0905A,PROFRA. CARMEN COSGAYA RIVAS,Primaria,GUSTAVO A. MADERO,-99.13769167,19.54418056,563,613,29.3964,15.3344,0,34.4209,211,613,59.8695,367,613,37.3573,229,613,19.3401,441,49.1028,301,613,1.4698,84.6656,519,613
09DPR2003Z,NIGER,MATUTINO,2024-2025 | 2025-2026,09DPR2003Z,NIGER,Primaria,TLALPAN,-99.12391944,19.29039444,405,313,29.393,0,0,68.0511,213,313,35.4633,111,313,43.4505,136,313,18.5165,309,48.5623,152,313,1.4696,100,313,313
09DPR5158V,CARLOS FUENTES,MATUTINO,2024-2025 | 2025-2026,09DPR5158V,CARLOS FUENTES,Primaria,TLÁHUAC,-98.97504722,19.2093,565,492,29.3902,25,0,42.4797,209,492,43.4959,214,492,35.9756,177,492,18.4459,370,41.4634,204,492,1.4695,75,369,492
09DPR1111Z,DEFENSORES DE LA REPÚBLICA,MATUTINO,2025-2026,09DPR1574H,DEFENSORES DE LA REPÚBLICA,Primaria,GUSTAVO A. MADERO,-99.14263611,19.47421111,241,164,29.3902,0,0,37.8049,62,164,70.7317,116,164,38.4146,63,164,19.6358,137,51.8293,85,164,1.4695,100,164,164
09DPR5113Z,REPÚBLICA DE LA INDIA,VESPERTINO,2024-2025,09DPR5113Z,REPÚBLICA DE LA INDIA,Primaria,XOCHIMILCO,-99.12222222,19.19843889,259,243,29.3827,20.9877,0,51.0288,124,243,38.2716,93,243,36.6255,89,243,19.1394,193,42.7984,104,243,1.4691,79.0123,192,243
09DPR0036C,VINI CUBI,VESPERTINO,2024-2025 | 2025-2026,09DPR3202E,VINI CUBI,Primaria,CUAJIMALPA DE MORELOS,-99.30032222,19.34745556,182,145,29.3793,26.2069,0,38.6207,56,145,55.8621,81,145,26.2069,38,145,17.1935,107,45.5172,66,145,1.469,73.7931,107,145
09DPR1114X,JUAN TELLEZ VARGAS,MATUTINO,2024-2025 | 2025-2026,09DPR1114X,JUAN TELLEZ VARGAS,Primaria,CUAUHTÉMOC,-99.149125,19.44508889,218,214,29.3458,0,0,42.0561,90,214,61.215,131,214,43.4579,93,214,19.9371,175,54.6729,117,214,1.4673,100,214,214
09DPR2140B,EMILIANO ZAPATA,MATUTINO,2024-2025 | 2025-2026,09DPR1320F,EMILIANO ZAPATA,Primaria,IZTAPALAPA,-99.10103333,19.32441667,309,315,29.3333,11.4286,0,37.7778,119,315,61.9048,195,315,35.5556,112,315,19.2186,242,49.2063,155,315,1.4667,88.5714,279,315
09DPR2151H,CONGRESO DE CHILPANCINGO,MATUTINO,2024-2025 | 2025-2026,09DPR0986B,CONGRESO DE CHILPANCINGO,Primaria,VENUSTIANO CARRANZA,-99.06973611,19.42651944,584,435,29.3333,2.7586,0,40,174,435,66.6667,290,435,37.2414,162,435,19.371,331,53.1034,231,435,1.4667,97.2414,423,435
09DPR1094Z,CANADA,MATUTINO,2024-2025 | 2025-2026,09DJN0732J,CANADA,Preescolar,IZTAPALAPA,-99.13153889,19.37596111,805,826,29.322,0.3632,0,49.2736,407,826,61.6223,509,826,35.3511,292,826,17.8184,792,48.9104,404,826,1.4661,99.6368,823,826
09DPR1922Y,PROFR. ONOFRE MELENDEZ B.,MATUTINO,2025-2026,09DPR1563B,PROFR. ONOFRE MELENDEZ B.,Primaria,ÁLVARO OBREGÓN,-99.26976667,19.32872222,193,191,29.3194,0,0,61.7801,118,191,48.6911,93,191,36.1257,69,191,18.2653,176,48.6911,93,191,1.466,100,191,191
09DPR2570S,REPÚBLICA DE YUGOSLAVIA,MATUTINO,2024-2025 | 2025-2026,09DPR2570S,REPÚBLICA DE YUGOSLAVIA,Primaria,VENUSTIANO CARRANZA,-99.11632222,19.41968056,348,335,29.3134,0.8955,0,42.9851,144,335,58.5075,196,335,44.1791,148,335,20.4147,300,50.7463,170,335,1.4657,99.1045,332,335
09DPR3125Q,GRAL. HERIBERTO JARA,MATUTINO,2024-2025 | 2025-2026,09DPR3125Q,GRAL. HERIBERTO JARA,Primaria,GUSTAVO A. MADERO,-99.13939722,19.56461944,572,636,29.3082,15.8805,0,36.1635,230,636,64.3082,409,636,30.1887,192,636,18.0333,510,44.6541,284,636,1.4654,84.1195,535,636
09DPR3155K,PROFR. MANUEL VILLASEÑOR,MATUTINO,2024-2025 | 2025-2026,09DPR3155K,PROFR. MANUEL VILLASEÑOR,Primaria,IZTAPALAPA,-99.05008889,19.33380833,465,245,29.3061,4.0816,0,41.2245,101,245,54.2857,133,245,46.9388,115,245,19.7345,235,50.2041,123,245,1.4653,95.9184,235,245
09DPR1751V,ANGEL ANGUIANO,MATUTINO,2024-2025 | 2025-2026,09DPR1751V,ANGEL ANGUIANO,Primaria,MIGUEL HIDALGO,-99.19555278,19.40471111,148,129,29.3023,0,0,54.2636,70,129,54.2636,70,129,37.9845,49,129,19.0519,104,53.4884,69,129,1.4651,100,129,129
09DPR0142M,PROFRA. MARIA EPIGMENIA ARRIAGA SALGADO,MATUTINO,2024-2025 | 2025-2026,09DPR0142M,PROFRA. MARIA EPIGMENIA ARRIAGA SALGADO,Primaria,COYOACÁN,-99.10415556,19.31105,293,228,29.2982,0.4386,0,43.8596,100,228,67.1053,153,228,35.0877,80,228,18.3439,205,50.4386,115,228,1.4649,99.5614,227,228
09DPR1388M,PROFR. ARQUELES VELA,VESPERTINO,2024-2025 | 2025-2026,09DPR1403O,PROFR. ARQUELES VELA,Primaria,GUSTAVO A. MADERO,-99.06222222,19.47386389,186,168,29.2857,46.4286,0,29.7619,50,168,43.4524,73,168,26.7857,45,168,18.5956,90,35.119,59,168,1.4643,53.5714,90,168
09DPR1165D,CONSTITUCION DE 1857,MATUTINO,2024-2025 | 2025-2026,09DPR1165D,CONSTITUCION DE 1857,Primaria,CUAUHTÉMOC,-99.15637222,19.40941667,234,168,29.2857,1.1905,0,31.5476,53,168,75.5952,127,168,38.0952,64,168,18.8709,141,54.7619,92,168,1.4643,98.8095,166,168
09DPR1635E,GRAL. CESAR LÓPEZ DE LARA,MATUTINO,2024-2025 | 2025-2026,09DPR1635E,GRAL. CESAR LÓPEZ DE LARA,Primaria,AZCAPOTZALCO,-99.21181111,19.48005833,393,423,29.2671,37.1158,0,37.3522,158,423,42.7896,181,423,29.078,123,423,19.6754,224,42.3168,179,423,1.4634,62.8842,266,423
09DPR5126C,RAMON G. BONFIL,MATUTINO,2024-2025,09DPR5126C,RAMON G. BONFIL,Primaria,MILPA ALTA,-98.99270556,19.21441389,503,475,29.2632,13.6842,0,57.2632,272,475,39.5789,188,475,35.7895,170,475,18.0217,410,44.6316,212,475,1.4632,86.3158,410,475
09DPR2040C,TEUHTLI,MATUTINO,2024-2025 | 2025-2026,09DJN1164O,TEUHTLI,Preescolar,XOCHIMILCO,-99.03056111,19.24948333,456,352,29.2614,30.6818,0,28.4091,100,352,54.5455,192,352,32.6705,115,352,19.2848,244,40.9091,144,352,1.4631,69.3182,244,352
09DPR5061J,MACUILXOCHITZIN,VESPERTINO,2024-2025 | 2025-2026,09DPR5042V,MACUILXOCHITZIN,Primaria,IZTAPALAPA,-99.02705278,19.3281,273,173,29.2486,3.4682,0,58.3815,101,173,52.6012,91,173,31.7919,55,173,19.1973,147,50.289,87,173,1.4624,96.5318,167,173
09DPR1701N,LEOPOLDO E. CAMARENA,MATUTINO,2025-2026,09DPR1701N,LEOPOLDO E. CAMARENA,Primaria,MIGUEL HIDALGO,-99.17634444,19.4546,160,145,29.2414,0,0,38.6207,56,145,71.0345,103,145,36.5517,53,145,18.5622,119,55.1724,80,145,1.4621,100,145,145
09DPR3167P,MUJERES INSURGENTES,MATUTINO,2024-2025 | 2025-2026,09DPR5015Y,MUJERES INSURGENTES,Primaria,IZTAPALAPA,-99.08909722,19.31590556,425,171,29.2398,2.3392,0,40.9357,70,171,57.3099,98,171,45.614,78,171,19.2387,163,47.9532,82,171,1.462,97.6608,167,171
09DPR4224X,MARTÍN LUIS GUZMAN,MATUTINO,2024-2025,09DPR3109Z,MARTÍN LUIS GUZMAN,Primaria,COYOACÁN,-99.16310833,19.32626111,251,236,29.2373,27.9661,0,26.2712,62,236,58.8983,139,236,33.0508,78,236,18.8017,172,40.2542,95,236,1.4619,72.0339,170,236
09DPR1284R,JESUS GONZÁLEZ ORTEGA,MATUTINO,2024-2025 | 2025-2026,09DPR1284R,JESUS GONZÁLEZ ORTEGA,Primaria,BENITO JUÁREZ,-99.13809722,19.38216111,205,182,29.2308,0,0,36.2637,66,182,68.6813,125,182,41.2088,75,182,19.3963,164,52.7473,96,182,1.4615,100,182,182
09DPR1273L,JOSÉ MARIANO JIMÉNEZ,VESPERTINO,2024-2025 | 2025-2026,09DPR1273L,JOSÉ MARIANO JIMÉNEZ,Primaria,IZTAPALAPA,-99.04294167,19.34623889,195,156,29.2308,0,0,60.2564,94,156,51.2821,80,156,34.6154,54,156,19.4826,109,55.7692,87,156,1.4615,100,156,156
09DPR2165K,LORENZO PEDRERO PADILLA,MATUTINO,2024-2025 | 2025-2026,09DPR2165K,LORENZO PEDRERO PADILLA,Primaria,GUSTAVO A. MADERO,-99.14999444,19.49894722,245,258,29.2248,30.2326,0,35.6589,92,258,53.876,139,258,26.3566,68,258,17.3256,180,38.3721,99,258,1.4612,69.7674,180,258
09DPR0923Q,REPÚBLICA FEDERAL DE ALEMANIA,MATUTINO,2024-2025 | 2025-2026,09DPR0921S,REPÚBLICA FEDERAL DE ALEMANIA,Primaria,IZTACALCO,-99.09701944,19.3947,466,445,29.2135,1.3483,0,44.2697,197,445,62.4719,278,445,37.9775,169,445,19.4746,350,52.809,235,445,1.4607,98.6517,439,445
09DPR2087X,24 DE FEBRERO,MATUTINO,2024-2025 | 2025-2026,09DPR2087X,24 DE FEBRERO,Primaria,IZTAPALAPA,-99.01290556,19.36859167,545,554,29.2058,0.1805,0,33.0325,183,554,71.1191,394,554,41.6968,231,554,19.213,445,53.4296,296,554,1.4603,99.8195,553,554
09DPR2379L,DR. BELISARIO DOMÍNGUEZ,MATUTINO,2024-2025 | 2025-2026,09DBN0121A,DR. BELISARIO DOMÍNGUEZ,Primaria,CUAUHTÉMOC,-99.14711111,19.43889722,299,261,29.1954,0.3831,0,42.9119,112,261,69.3487,181,261,33.3333,87,261,19.2548,199,55.5556,145,261,1.4598,99.6169,260,261
09DPR1638B,NORMAN E. BORLAUG,VESPERTINO,2024-2025 | 2025-2026,09DPR1633G,NORMAN E. BORLAUG,Primaria,AZCAPOTZALCO,-99.21329167,19.48395,293,259,29.1892,38.9961,0,36.2934,94,259,41.6988,108,259,28.9575,75,259,20.4266,139,39.3822,102,259,1.4595,61.0039,158,259
09DPR2238M,CUAUHTÉMOC,VESPERTINO,2024-2025,09DES0319C,CUAUHTÉMOC,Secundaria,IZTAPALAPA,-99.06195278,19.32543056,275,233,29.1845,9.4421,0,65.2361,152,233,33.9056,79,233,37.3391,87,233,18.8327,211,44.206,103,233,1.4592,90.5579,211,233
09DIX0035E,ESCUELA DE PARTICIPACIÓN SOCIAL NUMERO 5,MATUTINO,2024-2025 | 2025-2026,09DIX0035E,ESCUELA DE PARTICIPACIÓN SOCIAL NUMERO 5,Primaria,TLALPAN,-99.16736389,19.29194722,291,220,29.1818,2.2727,0,69.5455,153,220,33.1818,73,220,40.9091,90,220,18.8716,204,45.9091,101,220,1.4591,97.7273,215,220
09DPR2808M,GRAL. HERMINIO CHAVARRIA,VESPERTINO,2024-2025 | 2025-2026,09DPR2808M,GRAL. HERMINIO CHAVARRIA,Primaria,IZTAPALAPA,-99.03313333,19.35699722,303,207,29.1787,1.4493,0,58.4541,121,207,53.1401,110,207,32.8502,68,207,19.4684,152,53.1401,110,207,1.4589,98.5507,204,207
09DPR3092P,GRAL. HERIBERTO JARA,VESPERTINO,2024-2025 | 2025-2026,09DPR3125Q,GRAL. HERIBERTO JARA,Primaria,GUSTAVO A. MADERO,-99.13939722,19.56461944,379,284,29.1549,22.8873,0,36.9718,105,284,59.1549,168,284,26.7606,76,284,18.5294,204,42.2535,120,284,1.4577,77.1127,219,284
09DPR3196K,PROFR. SIMITRIO RAMIREZ HERNANDEZ,MATUTINO,2024-2025,09DPR3174Z,PROFR. SIMITRIO RAMIREZ HERNANDEZ,Primaria,LA MAGDALENA CONTRERAS,-99.26044167,19.31181111,597,534,29.1386,17.0412,0,58.0524,310,534,32.2097,172,534,38.3895,205,534,19.0867,443,43.4457,232,534,1.4569,82.9588,443,534
09DPR3213K,PROFR. PRISCILIANO MARTÍNEZ LÓPEZ,MATUTINO,2024-2025 | 2025-2026,09DPR3213K,PROFR. PRISCILIANO MARTÍNEZ LÓPEZ,Primaria,IZTAPALAPA,-99.05428333,19.39783889,472,454,29.1189,1.3216,0,35.2423,160,454,71.1454,323,454,37.8855,172,454,18.7483,385,52.2026,237,454,1.4559,98.6784,448,454
09DPR5108N,MARGARITA MAGON DE FLORES,VESPERTINO,2024-2025,09DPR2870P,MARGARITA MAGON DE FLORES,Primaria,XOCHIMILCO,-99.10273889,19.24116944,227,226,29.115,20.354,0,57.0796,129,226,33.6283,76,226,34.5133,78,226,18.6533,180,43.3628,98,226,1.4558,79.646,180,226
09DPR2051I,QUIRINO MENDOZA Y CORTES,MATUTINO,2024-2025,09DPR2051I,QUIRINO MENDOZA Y CORTES,Primaria,XOCHIMILCO,-99.10673333,19.25687778,733,628,29.1083,17.3567,0,47.293,297,628,38.8535,244,628,42.0382,264,628,19.7963,519,43.4713,273,628,1.4554,82.6433,519,628
09DPR2968Z,PROFR. CASTULO RAMÍREZ LUGO,VESPERTINO,2024-2025 | 2025-2026,09DPR2968Z,PROFR. CASTULO RAMÍREZ LUGO,Primaria,IZTAPALAPA,-99.01874444,19.37861111,206,123,29.1057,0,0,43.9024,54,123,62.6016,77,123,39.0244,48,123,19.1878,123,50.4065,62,123,1.4553,100,123,123
09DPR2400Y,LISANDRO CALDERON,MATUTINO,2024-2025 | 2025-2026,09DPR2400Y,LISANDRO CALDERON,Primaria,CUAUHTÉMOC,-99.12685833,19.46082222,339,220,29.0909,1.3636,0,48.1818,106,220,64.5455,142,220,31.3636,69,220,18.1425,186,50.4545,111,220,1.4545,98.6364,217,220
09DPR1930G,JUVENTINO ROSAS,VESPERTINO,2024-2025,09DPR0935V,JUVENTINO ROSAS,Primaria,GUSTAVO A. MADERO,-99.13183611,19.55981667,82,44,29.0909,27.2727,0,50,22,44,40.9091,18,44,27.2727,12,44,19.2719,32,38.6364,17,44,1.4545,72.7273,32,44
09DPR1172N,CARLOS A. CARRILLO,MATUTINO,2024-2025 | 2025-2026,09DJN0847K,CARLOS A. CARRILLO,Preescolar,COYOACÁN,-99.15498889,19.30743056,246,150,29.0667,1.3333,0,60,90,150,36,54,150,48,72,150,20.9564,133,45.3333,68,150,1.4533,98.6667,148,150
09DPR5111A,FRANCISCO HERNANDEZ MERCADO,MATUTINO,2024-2025,09DPR5111A,FRANCISCO HERNANDEZ MERCADO,Primaria,GUSTAVO A. MADERO,-99.13152778,19.54294722,163,117,29.0598,0,0,48.7179,57,117,62.3932,73,117,34.188,40,117,18.6538,117,46.1538,54,117,1.453,100,117,117
09DPR1370N,MERCED HIDALGO MONROY DE LA TORRE,MATUTINO,2024-2025 | 2025-2026,09DPR1370N,MERCED HIDALGO MONROY DE LA TORRE,Primaria,GUSTAVO A. MADERO,-99.10414167,19.49126944,190,212,29.0566,14.6226,0,35.3774,75,212,54.717,116,212,40.566,86,212,19.2724,156,49.0566,104,212,1.4528,85.3774,181,212
09DPR5106P,TETLALMANCHE,MATUTINO,2025-2026,09DPR5106P,TETLALMANCHE,Primaria,IZTAPALAPA,-98.99354167,19.34011667,475,303,29.0429,23.4323,0,42.9043,130,303,41.9142,127,303,36.9637,112,303,19.0311,228,41.2541,125,303,1.4521,76.5677,232,303
09DPR1358S,ANDRES OSUNA,MATUTINO,2024-2025 | 2025-2026,09DPR1358S,ANDRES OSUNA,Primaria,GUSTAVO A. MADERO,-99.10392222,19.47929167,376,412,29.0291,20.1456,0,40.7767,168,412,48.7864,201,412,35.4369,146,412,19.6509,267,46.6019,192,412,1.4515,79.8544,329,412
09DPR5052B,ACAHUALTEPEC,MATUTINO,2025-2026,09DPR5062I,ACAHUALTEPEC,Primaria,IZTAPALAPA,-99.00918333,19.34266667,446,439,29.0205,0.2278,0,52.8474,232,439,52.3918,230,439,39.6355,174,439,18.7261,372,52.164,229,439,1.451,99.7722,438,439
09DPR1978Z,PROFR. CARLOS HERNÁNDEZ SELVAS,MATUTINO,2024-2025 | 2025-2026,09DPR1978Z,PROFR. CARLOS HERNÁNDEZ SELVAS,Primaria,COYOACÁN,-99.15910833,19.32479167,391,306,29.0196,0.9804,0,53.268,163,306,47.3856,145,306,43.4641,133,306,20.0374,273,48.0392,147,306,1.451,99.0196,303,306
09DPR1916N,PROCERES DE LA REFORMA,MATUTINO,2024-2025,09DPR1916N,PROCERES DE LA REFORMA,Primaria,LA MAGDALENA CONTRERAS,-99.21713611,19.332725,329,295,29.0169,37.9661,0,25.0847,74,295,55.9322,165,295,26.1017,77,295,18.5896,183,38.9831,115,295,1.4508,62.0339,183,295
09DPR1375I,MÉXICO,MATUTINO,2024-2025 | 2025-2026,09DES0124Q,MÉXICO,Secundaria,AZCAPOTZALCO,-99.17326667,19.46148889,225,242,29.0083,15.7025,0,41.7355,101,242,54.9587,133,242,32.6446,79,242,18.7821,179,48.3471,117,242,1.4504,84.2975,204,242
09DPR1673H,PROFR. ISIDRO C. TORRES MORENO,MATUTINO,2025-2026,09DPR1673H,PROFR. ISIDRO C. TORRES MORENO,Primaria,IZTACALCO,-99.11395556,19.39012778,286,211,29.0047,0,0,49.763,105,211,57.346,121,211,37.9147,80,211,18.8362,177,53.0806,112,211,1.4502,100,211,211
09DPR3271A,PROFR. ERNESTO MORENO BELLO,VESPERTINO,2024-2025 | 2025-2026,09DPR3271A,PROFR. ERNESTO MORENO BELLO,Primaria,GUSTAVO A. MADERO,-99.14069722,19.56103889,399,396,28.9899,25.7576,0,48.7374,193,396,41.4141,164,396,29.0404,115,396,18.4268,257,44.4444,176,396,1.4495,74.2424,294,396
09DPR1675F,BENITO JUÁREZ,MATUTINO,2024-2025 | 2025-2026,09DPR2241Z,BENITO JUÁREZ,Primaria,CUAJIMALPA DE MORELOS,-99.32901667,19.33125556,929,830,28.988,0.3614,0,29.8795,248,830,75.9036,630,830,38.7952,322,830,19.5634,669,52.6506,437,830,1.4494,99.6386,827,830
09DPR2144Y,MARGARITA MAZA DE JUÁREZ,MATUTINO,2024-2025 | 2025-2026,09DES4099I,MARGARITA MAZA DE JUÁREZ,Secundaria,GUSTAVO A. MADERO,-99.078625,19.49635278,345,312,28.9744,0.9615,0,32.3718,101,312,65.3846,204,312,46.1538,144,312,19.3959,268,51.2821,160,312,1.4487,99.0385,309,312
09DPR1371M,MTRO. MIGUEL A. QUINTANA,VESPERTINO,2024-2025 | 2025-2026,09DPR1371M,MTRO. MIGUEL A. QUINTANA,Primaria,GUSTAVO A. MADERO,-99.13036944,19.5009,278,308,28.961,21.7532,0,43.1818,133,308,54.2208,167,308,25.6494,79,308,17.887,215,44.1558,136,308,1.4481,78.2468,241,308
09DPR3133Z,ESTADO DE MICHOACAN,MATUTINO,2024-2025 | 2025-2026,09DJN0245S,ESTADO DE MICHOACAN,Preescolar,CUAUHTÉMOC,-99.13014444,19.46014167,644,536,28.9552,3.1716,0,45.3358,243,536,54.4776,292,536,41.791,224,536,20.4771,454,50.7463,272,536,1.4478,96.8284,519,536
09DPR0981G,ESTADOS UNIDOS MEXICANOS,MATUTINO,2024-2025 | 2025-2026,09DPR0981G,ESTADOS UNIDOS MEXICANOS,Primaria,VENUSTIANO CARRANZA,-99.10908333,19.417375,279,219,28.9498,0.9132,0,57.5342,126,219,49.7717,109,219,36.5297,80,219,18.3205,195,49.7717,109,219,1.4475,99.0868,217,219
09DPR2624F,PROFR. SOSTENES NICOLAS CHAPA NIETO,MATUTINO,2025-2026,09DPR2624F,PROFR. SOSTENES NICOLAS CHAPA NIETO,Primaria,TLALPAN,-99.19134722,19.27183333,362,266,28.9474,0,0,62.0301,165,266,39.0977,104,266,43.609,116,266,18.9739,257,46.2406,123,266,1.4474,100,266,266
09DPR2133S,OBRERO MEXICANO,MATUTINO,2024-2025 | 2025-2026,09DPR2133S,OBRERO MEXICANO,Primaria,AZCAPOTZALCO,-99.17377778,19.50401111,399,474,28.9451,18.1435,0,35.2321,167,474,58.4388,277,474,32.9114,156,474,19.1197,314,48.1013,228,474,1.4473,81.8565,388,474
09DPR3127O,CULTURA AZTECA,MATUTINO,2024-2025,09DPR3127O,CULTURA AZTECA,Primaria,MILPA ALTA,-99.02143611,19.18778333,599,570,28.9123,13.8596,0,51.2281,292,570,40.5263,231,570,38.9474,222,570,19.166,491,44.0351,251,570,1.4456,86.1404,491,570
09DPR2080D,"FERNANDO CELADA, CLUB DE LEONES DE LA CIUDAD DE MÉXICO NO 5",MATUTINO,2024-2025 | 2025-2026,09DPR2081C,"FERNANDO CELADA, CLUB DE LEONES DE LA CIUDAD DE MÉXICO NO 5",Primaria,XOCHIMILCO,-99.10186944,19.26535,882,812,28.8916,15.6404,0,52.5862,427,812,33.2512,270,812,42.9803,349,812,19.2753,685,43.1034,350,812,1.4446,84.3596,685,812
09DPR1061I,MANUEL M. PONCE,MATUTINO,2024-2025 | 2025-2026,09DPR1062H,MANUEL M. PONCE,Primaria,VENUSTIANO CARRANZA,-99.10766111,19.439,166,162,28.8889,8.0247,0,40.7407,66,162,62.963,102,162,32.716,53,162,17.7713,129,48.1481,78,162,1.4444,91.9753,149,162
09DPR3034Z,TONATIUH,MATUTINO,2024-2025 | 2025-2026,09DJN0303S,TONATIUH,Preescolar,CUAUHTÉMOC,-99.12626111,19.43449444,385,410,28.878,13.1707,0,50.7317,208,410,62.6829,257,410,17.8049,73,410,15.4866,307,47.8049,196,410,1.4439,86.8293,356,410
09DPR2026J,CRISTÓBAL COLÓN,MATUTINO,2024-2025,09DPR2024L,CRISTÓBAL COLÓN,Primaria,TLÁHUAC,-98.96447222,19.22480278,515,498,28.8755,11.6466,0,52.4096,261,498,36.5462,182,498,43.7751,218,498,18.992,440,43.7751,218,498,1.4438,88.3534,440,498
09DPR1280V,JAPON,MATUTINO,2024-2025 | 2025-2026,09DJN0207P,JAPON,Preescolar,GUSTAVO A. MADERO,-99.10925278,19.48650556,221,176,28.8636,0,0,45.4545,80,176,56.8182,100,176,42.0455,74,176,19.8385,143,52.2727,92,176,1.4432,100,176,176
09DPR2497Z,ESTADO DE CHIHUAHUA,MATUTINO,2024-2025 | 2025-2026,09DPR2497Z,ESTADO DE CHIHUAHUA,Primaria,CUAUHTÉMOC,-99.14231667,19.44878889,308,316,28.8608,6.962,0,47.4684,150,316,62.0253,196,316,27.8481,88,316,18.4047,215,53.7975,170,316,1.443,93.038,294,316
09DPR1000V,PROFR. CLAUDIO CORTES CASTRO,MATUTINO,2024-2025 | 2025-2026,09DBS0017K,PROFR. CLAUDIO CORTES CASTRO,Adultos - Secundaria,IZTACALCO,-99.07189444,19.40201111,337,332,28.8554,1.506,0,40.3614,134,332,62.3494,207,332,40.0602,133,332,19.3058,274,50.9036,169,332,1.4428,98.494,327,332
09DPR2191I,LEYES DE REFORMA,MATUTINO,2024-2025 | 2025-2026,09DPR2149T,LEYES DE REFORMA,Primaria,AZCAPOTZALCO,-99.14991667,19.4633,368,427,28.8525,16.1593,0,35.8314,153,427,63.9344,273,427,28.3372,121,427,18.2454,302,46.37,198,427,1.4426,83.8407,358,427
09DPR1406L,LA PRADERA,MATUTINO,2024-2025 | 2025-2026,09DJN0296Z,LA PRADERA,Preescolar,GUSTAVO A. MADERO,-99.06830833,19.474375,347,373,28.8472,20.6434,0,41.555,155,373,55.2279,206,373,26.8097,100,373,18.5402,234,47.185,176,373,1.4424,79.3566,296,373
09DPR2031V,BENITO JUÁREZ,MATUTINO,2024-2025,09DPR2241Z,BENITO JUÁREZ,Primaria,CUAJIMALPA DE MORELOS,-99.32901667,19.33125556,408,346,28.8439,17.341,0,42.4855,147,346,49.1329,170,346,35.2601,122,346,18.3766,286,41.6185,144,346,1.4422,82.659,286,346
09DPR1078I,PRESIDENTE JOHN F KENNEDY,MATUTINO,2024-2025 | 2025-2026,09DPR1078I,PRESIDENTE JOHN F KENNEDY,Primaria,VENUSTIANO CARRANZA,-99.11802222,19.42242778,424,387,28.8372,0.2584,0,54.522,211,387,51.6796,200,387,37.7261,146,387,20.3307,274,53.4884,207,387,1.4419,99.7416,386,387
09DPR1245P,OBRERO MEXICANO,VESPERTINO,2024-2025 | 2025-2026,09DPR2133S,OBRERO MEXICANO,Primaria,AZCAPOTZALCO,-99.17377778,19.50401111,113,120,28.8333,18.3333,0,43.3333,52,120,56.6667,68,120,25.8333,31,120,18.1222,81,50.8333,61,120,1.4417,81.6667,98,120
09DPR2039N,TLAMACHKALI,VESPERTINO,2024-2025 | 2025-2026,09DPR2038O,TLAMACHKALI,Primaria,TLÁHUAC,-99.05461111,19.29997222,201,120,28.8333,20.8333,0,53.3333,64,120,33.3333,40,120,36.6667,44,120,19.1095,95,40,48,120,1.4417,79.1667,95,120
09DPR1649H,MARTÍN OYAMBURU,MATUTINO,2024-2025 | 2025-2026,09DBS0002I,MARTÍN OYAMBURU,Adultos - Secundaria,AZCAPOTZALCO,-99.19761389,19.49719444,310,317,28.8328,19.8738,0,46.3722,147,317,44.4795,141,317,33.4385,106,317,19.1596,228,43.5331,138,317,1.4416,80.1262,254,317
09DPR2635L,PROFRA. MA. ADELINA FLORES MORALES,MATUTINO,2024-2025 | 2025-2026,09DPR2635L,PROFRA. MA. ADELINA FLORES MORALES,Primaria,LA MAGDALENA CONTRERAS,-99.24955,19.32509444,342,315,28.8254,2.5397,0,41.2698,130,315,63.8095,201,315,36.5079,115,315,17.6601,306,48.8889,154,315,1.4413,97.4603,307,315
09DPR1734E,ANTONIO CASO,MATUTINO,2024-2025 | 2025-2026,09DJN0263H,ANTONIO CASO,Preescolar,AZCAPOTZALCO,-99.14985833,19.47931111,151,134,28.806,0,0,35.0746,47,134,71.6418,96,134,37.3134,50,134,18.6929,112,49.2537,66,134,1.4403,100,134,134
09DPR5152A,TLAHCUILO,MATUTINO,2024-2025,09DPR5152A,TLAHCUILO,Primaria,MILPA ALTA,-98.99183889,19.17214444,465,468,28.8034,16.6667,0,53.4188,250,468,35.0427,164,468,38.8889,182,468,18.9208,390,42.094,197,468,1.4402,83.3333,390,468
09DPR0137A,PROFR. RAMIRO SÁNCHEZ LÓPEZ,VESPERTINO,2024-2025 | 2025-2026,09DPR0112S,PROFR. RAMIRO SÁNCHEZ LÓPEZ,Primaria,IZTAPALAPA,-99.02755833,19.33089722,492,359,28.8022,0.2786,0,55.1532,198,359,49.8607,179,359,38.7187,139,359,18.8856,305,54.3175,195,359,1.4401,99.7214,358,359
09DPR1110A,MAESTRO FRANCISCO MONTES DE OCA,MATUTINO,2024-2025 | 2025-2026,09DPR1110A,MAESTRO FRANCISCO MONTES DE OCA,Primaria,CUAUHTÉMOC,-99.17178889,19.40798056,116,91,28.7912,4.3956,0,39.5604,36,91,74.7253,68,91,25.2747,23,91,16.7688,77,47.2527,43,91,1.4396,95.6044,87,91
09DPR1654T,LIBERACION CAMPESINA,MATUTINO,2024-2025 | 2025-2026,09DPR1654T,LIBERACION CAMPESINA,Primaria,AZCAPOTZALCO,-99.20828056,19.49082222,396,405,28.7901,26.6667,0,28.642,116,405,58.0247,235,405,30.6173,124,405,19.0057,262,44.4444,180,405,1.4395,73.3333,297,405
09DPR1647J,MI PATRIA ES PRIMERO,MATUTINO,2024-2025 | 2025-2026,09DPR3045E,MI PATRIA ES PRIMERO,Primaria,IZTAPALAPA,-99.06026111,19.36169167,277,472,28.7712,18.2203,0,26.9068,127,472,68.2203,322,472,30.5085,144,472,18.2294,371,42.5847,201,472,1.4386,81.7797,386,472
09DPR1688J,GRAL. PEDRO A. OGAZON,MATUTINO,2024-2025 | 2025-2026,09DPR1688J,GRAL. PEDRO A. OGAZON,Primaria,MIGUEL HIDALGO,-99.19626944,19.45613056,291,299,28.7625,0,0,55.8528,167,299,53.5117,160,299,34.4482,103,299,18.6362,210,54.5151,163,299,1.4381,100,299,299
09DPR1254X,LUIS G. MONZON,MATUTINO,2024-2025 | 2025-2026,09DPR1253Y,LUIS G. MONZON,Primaria,IZTAPALAPA,-99.06698611,19.34454722,260,226,28.7611,2.2124,0,38.4956,87,226,60.6195,137,226,42.4779,96,226,19.7085,189,48.2301,109,226,1.4381,97.7876,221,226
09DPR1386O,PROFR. CELSO FLORES ZAMORA,VESPERTINO,2024-2025 | 2025-2026,09DPR1382S,PROFR. CELSO FLORES ZAMORA,Primaria,GUSTAVO A. MADERO,-99.08965833,19.50573333,115,137,28.7591,16.7883,0,54.0146,74,137,43.7956,60,137,29.1971,40,137,19.5198,91,47.4453,65,137,1.438,83.2117,114,137
09DPR1181V,BEATRIZ VELASCO DE ALEMÁN,MATUTINO,2025-2026,09DPR1181V,BEATRIZ VELASCO DE ALEMÁN,Primaria,IZTAPALAPA,-99.110825,19.36713889,220,208,28.75,0,0,45.1923,94,208,64.9038,135,208,33.6538,70,208,19.1939,147,54.8077,114,208,1.4375,100,208,208
09DPR1985J,GENERAL FELIPE ANGELES,MATUTINO,2025-2026,09DPR1985J,GENERAL FELIPE ANGELES,Primaria,TLALPAN,-99.17483611,19.29858889,320,190,28.7368,0,0,62.6316,119,190,27.3684,52,190,53.6842,102,190,20.3011,190,45.7895,87,190,1.4368,100,190,190
09DPR2922E,RICARDO GARCÍA ZAMUDIO,VESPERTINO,2024-2025 | 2025-2026,09DPR2922E,RICARDO GARCÍA ZAMUDIO,Primaria,IZTAPALAPA,-99.00776389,19.34801389,266,197,28.731,2.5381,0,47.7157,94,197,50.7614,100,197,42.6396,84,197,19.2299,184,49.2386,97,197,1.4365,97.4619,192,197
09DPR1355V,JAIME TORRES BODET,MATUTINO,2024-2025 | 2025-2026,09DES0058H,JAIME TORRES BODET,Secundaria,GUSTAVO A. MADERO,-99.08787222,19.47740556,355,397,28.7154,21.6625,0,37.2796,148,397,52.1411,207,397,32.4937,129,397,19.9824,245,42.8212,170,397,1.4358,78.3375,311,397
09DPR2934J,DR. NABOR CARRILLO FLORES,MATUTINO,2024-2025,09DPR2934J,DR. NABOR CARRILLO FLORES,Primaria,LA MAGDALENA CONTRERAS,-99.24918056,19.31697222,432,347,28.7032,22.7666,0,46.1095,160,347,41.4986,144,347,33.1412,115,347,18.8108,277,39.7695,138,347,1.4352,77.2334,268,347
09DPR1091C,GUILLERMO BONILLA S.,MATUTINO,2024-2025 | 2025-2026,09DPR1091C,GUILLERMO BONILLA S.,Primaria,IZTACALCO,-99.06549444,19.38488333,600,513,28.694,13.2554,0,32.3587,166,513,60.2339,309,513,37.6218,193,513,19.5648,392,46.9786,241,513,1.4347,86.7446,445,513
09DPR1074M,MTRO. JOSÉ MARIANO PONTON,MATUTINO,2024-2025 | 2025-2026,09DPR1073N,MTRO. JOSÉ MARIANO PONTON,Primaria,VENUSTIANO CARRANZA,-99.08633611,19.41612222,164,152,28.6842,0.6579,0,55.9211,85,152,53.2895,81,152,33.5526,51,152,18.6741,112,51.9737,79,152,1.4342,99.3421,151,152
09DPR2687R,ZAMBIA,VESPERTINO,2024-2025 | 2025-2026,09DPR2687R,ZAMBIA,Primaria,ÁLVARO OBREGÓN,-99.20903611,19.36828889,95,60,28.6667,0,0,53.3333,32,60,53.3333,32,60,36.6667,22,60,18.5673,49,50,30,60,1.4333,100,60,60
09DPR3065S,PROFR. QUINTIL GOMEZ ÁLVAREZ,MATUTINO,2024-2025 | 2025-2026,09DPR3065S,PROFR. QUINTIL GOMEZ ÁLVAREZ,Primaria,GUSTAVO A. MADERO,-99.08194722,19.47845278,291,314,28.6624,17.8344,0,33.4395,105,314,57.0064,179,314,35.0318,110,314,19.0176,205,46.8153,147,314,1.4331,82.1656,258,314
09DPR2571R,CELERINO CANO PALACIO,MATUTINO,2024-2025 | 2025-2026,09DPR2571R,CELERINO CANO PALACIO,Primaria,VENUSTIANO CARRANZA,-99.10575833,19.41415556,306,254,28.6614,0.3937,0,42.9134,109,254,62.5984,159,254,37.4016,95,254,18.6226,234,47.6378,121,254,1.4331,99.6063,253,254
09DPR2020P,FRANCISCO HERNÁNDEZ DE CÓRDOBA,MATUTINO,2024-2025 | 2025-2026,09DPR2721H,FRANCISCO HERNANDEZ DE CORDOBA,Primaria,TLÁHUAC,-98.99442778,19.24350833,645,630,28.6349,25.2381,0,38.254,241,630,43.6508,275,630,36.0317,227,630,19.7244,472,38.8889,245,630,1.4317,74.7619,471,630
09DPR2503U,ESPAÑA,MATUTINO,2024-2025 | 2025-2026,09DPR2503U,ESPAÑA,Primaria,CUAUHTÉMOC,-99.132225,19.42657222,291,262,28.626,0,0,49.2366,129,262,57.2519,150,262,36.6412,96,262,18.9682,198,53.0534,139,262,1.4313,100,262,262
09DPR1854R,DR. SAMUEL RAMOS,MATUTINO,2024-2025 | 2025-2026,09DPR2292G,DR. SAMUEL RAMOS,Primaria,ÁLVARO OBREGÓN,-99.19883056,19.37474722,270,239,28.6192,0.4184,0,59.8326,143,239,35.5649,85,239,47.2803,113,239,19.3836,219,46.8619,112,239,1.431,99.5816,238,239
09DPR1257U,GENERAL LUCIO BLANCO,MATUTINO,2024-2025 | 2025-2026,09DPR1257U,GENERAL LUCIO BLANCO,Primaria,IZTAPALAPA,-99.01864167,19.36348889,498,300,28.6,1.3333,0,36,108,300,61,183,300,44.6667,134,300,19.3633,281,48,144,300,1.43,98.6667,296,300
09DPR4021B,AURELIO HIDALGO,VESPERTINO,2024-2025 | 2025-2026,09DPR0134D,AURELIO HIDALGO,Primaria,ÁLVARO OBREGÓN,-99.24868333,19.33176111,461,328,28.5976,0.3049,0,56.4024,185,328,42.9878,141,328,43.2927,142,328,18.815,300,47.8659,157,328,1.4299,99.6951,327,328
09DPR1909D,RUBEN DARIO,VESPERTINO,2024-2025,09DPR1907F,RUBEN DARIO,Primaria,LA MAGDALENA CONTRERAS,-99.24196667,19.316625,162,114,28.5965,19.2982,0,70.1754,80,114,24.5614,28,114,28.9474,33,114,17.9576,92,42.9825,49,114,1.4298,80.7018,92,114
09DPR1975C,DIEGO RIVERA,MATUTINO,2024-2025 | 2025-2026,09PPR1011F,DIEGO RIVERA,Primaria,ÁLVARO OBREGÓN,-99.249495,19.361969,285,263,28.5932,19.3916,0,49.4297,130,263,36.8821,97,263,37.2624,98,263,20.0206,194,44.1065,116,263,1.4297,80.6084,212,263
09DPR1403O,PROFR. ARQUELES VELA,MATUTINO,2024-2025 | 2025-2026,09DPR1403O,PROFR. ARQUELES VELA,Primaria,GUSTAVO A. MADERO,-99.06222222,19.47386389,336,294,28.5714,33.3333,0,36.3946,107,294,53.0612,156,294,20.068,59,294,14.5735,196,39.1156,115,294,1.4286,66.6667,196,294
09DPR1810U,MANUEL DOBLADO,MATUTINO,2025-2026,09DPR1810U,MANUEL DOBLADO,Primaria,ÁLVARO OBREGÓN,-99.21011667,19.39922222,211,154,28.5714,0,0,59.7403,92,154,48.0519,74,154,35.0649,54,154,18.7423,130,51.9481,80,154,1.4286,100,154,154
09DPR2519V,MAO TSE TUNG,VESPERTINO,2025-2026,09DPR2424H,MAO TSE TUNG,Primaria,IZTACALCO,-99.11364722,19.38351389,130,119,28.5714,0,0,67.2269,80,119,42.8571,51,119,32.7731,39,119,18.942,100,52.1008,62,119,1.4286,100,119,119
09DPR0021A,PROFRA. LEONOR LEAÑOS NAVARRO,MATUTINO,2024-2025 | 2025-2026,09DPR4014S,PROFRA. LEONOR LEAÑOS NAVARRO,Primaria,LA MAGDALENA CONTRERAS,-99.26513333,19.30925833,460,446,28.565,24.8879,0,52.6906,235,446,30.4933,136,446,34.7534,155,446,18.2254,335,39.2377,175,446,1.4283,75.1121,335,446
09DPR3222S,PROFR. ERNESTO MORENO BELLO,MATUTINO,2024-2025 | 2025-2026,09DPR3271A,PROFR. ERNESTO MORENO BELLO,Primaria,GUSTAVO A. MADERO,-99.14069722,19.56103889,583,645,28.5581,25.8915,0,35.1938,227,645,47.907,309,645,33.7984,218,645,19.5096,407,42.3256,273,645,1.4279,74.1085,478,645
09DPR1027B,SIMON BOLIVAR,MATUTINO,2024-2025 | 2025-2026,09DPR1027B,SIMON BOLIVAR,Primaria,VENUSTIANO CARRANZA,-99.09755833,19.44791111,262,241,28.5477,3.3195,0,33.195,80,241,66.805,161,241,39.4191,95,241,18.6576,217,45.6432,110,241,1.4274,96.6805,233,241
09DPR2446T,PROFRA. ROSA TORRE GONZÁLEZ,MATUTINO,2024-2025 | 2025-2026,09DPR2446T,PROFRA. ROSA TORRE GONZÁLEZ,Primaria,AZCAPOTZALCO,-99.20643889,19.50948611,280,309,28.5437,17.1521,0,31.068,96,309,59.8706,185,309,34.6278,107,309,19.4957,209,45.3074,140,309,1.4272,82.8479,256,309
09DPR1080X,GRAL. JUAN DE LA LUZ ENRIQUEZ,MATUTINO,2024-2025 | 2025-2026,09DPR1080X,GRAL. JUAN DE LA LUZ ENRIQUEZ,Primaria,IZTACALCO,-99.06160278,19.40627778,597,572,28.5315,4.7203,0,47.7273,273,572,51.5734,295,572,38.6364,221,572,19.1232,492,49.1259,281,572,1.4266,95.2797,545,572
09DPR2041B,QUILAZTLI,MATUTINO,2024-2025,09DPR2041B,QUILAZTLI,Primaria,XOCHIMILCO,-99.10559444,19.25668333,431,428,28.5047,17.757,0,54.2056,232,428,32.7103,140,428,37.8505,162,428,18.606,352,41.5888,178,428,1.4252,82.243,352,428
09DPR1867V,DOCTOR JESUS DIAZ DE LEON,VESPERTINO,2024-2025 | 2025-2026,09DPR1867V,DOCTOR JESUS DIAZ DE LEON,Primaria,BENITO JUÁREZ,-99.190525,19.38090278,79,40,28.5,15,0,50,20,40,50,20,40,27.5,11,40,17.9147,34,40,16,40,1.425,85,34,40
09DPR1196X,TEOFILO CEDILLO GRANADOS,VESPERTINO,2024-2025 | 2025-2026,09DBA0048E,TEOFILO CEDILLO GRANADOS,Adultos - Primaria,IZTAPALAPA,-99.09682222,19.35934722,238,120,28.5,1.6667,0,53.3333,64,120,55.8333,67,120,31.6667,38,120,17.7282,117,41.6667,50,120,1.425,98.3333,118,120
09DPR2062O,LIC. MIGUEL ALEMAN,MATUTINO,2024-2025,09DPR2062O,LIC. MIGUEL ALEMAN,Primaria,MILPA ALTA,-99.09549167,19.19437222,405,339,28.4956,33.3333,0,40.118,136,339,41.8879,142,339,27.1386,92,339,18.4398,226,37.4631,127,339,1.4248,66.6667,226,339
09DPR2371T,ARQ. MANUEL TOLSA,VESPERTINO,2025-2026,09DPR2373R,ARQ. MANUEL TOLSA,Primaria,VENUSTIANO CARRANZA,-99.11286667,19.4454,67,52,28.4615,0,0,61.5385,32,52,55.7692,29,52,25,13,52,17.4909,33,55.7692,29,52,1.4231,100,52,52
09DPR2194F,EMPERADOR CUAUHTÉMOC,VESPERTINO,2024-2025 | 2025-2026,09DPR2193G,EMPERADOR CUAUHTÉMOC,Primaria,GUSTAVO A. MADERO,-99.05802222,19.44798611,231,272,28.4559,19.1176,0,42.2794,115,272,53.3088,145,272,27.5735,75,272,18.5427,171,47.7941,130,272,1.4228,80.8824,220,272
09DPR2951Z,DR. NABOR CARRILLO FLORES,VESPERTINO,2024-2025,09DPR2934J,DR. NABOR CARRILLO FLORES,Primaria,LA MAGDALENA CONTRERAS,-99.24918056,19.31697222,104,90,28.4444,20,0,38.8889,35,90,50,45,90,33.3333,30,90,19.0792,72,40,36,90,1.4222,80,72,90
09DPR2799V,JOSÉ ORTEGA Y GASSET,MATUTINO,2025-2026,09DPR2653A,JOSÉ ORTEGA Y GASSET,Primaria,IZTAPALAPA,-99.01266111,19.34535833,542,444,28.4234,0.2252,0,43.9189,195,444,60.8108,270,444,37.1622,165,444,18.987,339,52.7027,234,444,1.4212,99.7748,443,444
09DPR3230A,PROFR. HUMBERTO ESPARZA VILLARREAL,VESPERTINO,2024-2025,09DPR3229L,PROFR. HUMBERTO ESPARZA VILLARREAL,Primaria,XOCHIMILCO,-99.11946111,19.26406111,64,57,28.4211,5.2632,0,38.5965,22,57,56.1404,32,57,42.1053,24,57,18.7259,54,45.614,26,57,1.4211,94.7368,54,57
09DPR1504M,REPÚBLICA DEL CONGO,MATUTINO,2025-2026,09DPR1504M,REPÚBLICA DEL CONGO,Primaria,ÁLVARO OBREGÓN,-99.21956667,19.37143611,177,150,28.4,0,0,53.3333,80,150,39.3333,59,150,49.3333,74,150,19.3889,135,50,75,150,1.42,100,150,150
09DPR2391G,LEOPOLDO RIO DE LA LOZA,MATUTINO,2025-2026,09DPR2391G,LEOPOLDO RIO DE LA LOZA,Primaria,CUAUHTÉMOC,-99.13253333,19.45033333,110,81,28.3951,0,0,45.679,37,81,55.5556,45,81,40.7407,33,81,19.2671,70,54.321,44,81,1.4198,100,81,81
09DPR2317Z,EFRAINA ROCHA MARTÍNEZ,MATUTINO,2024-2025 | 2025-2026,09DPR2317Z,EFRAINA ROCHA MARTÍNEZ,Primaria,IZTAPALAPA,-99.06936944,19.37109167,264,186,28.3871,1.0753,0,72.5806,135,186,23.1183,43,186,45.1613,84,186,18.7268,179,47.3118,88,186,1.4194,98.9247,184,186
09DPR2128G,JULIO VERNE,VESPERTINO,2024-2025 | 2025-2026,09DES4287B,JULIO VERNE,Secundaria,IZTAPALAPA,-99.05103056,19.33368889,115,105,28.381,33.3333,0,25.7143,27,105,53.3333,56,105,29.5238,31,105,19.6906,64,40.9524,43,105,1.419,66.6667,70,105
09DPR2460M,SOSTENES NICOLAS CHAPA NIETO,MATUTINO,2024-2025,09DPR2670R,SOSTENES NICOLAS CHAPA NIETO,Primaria,TLÁHUAC,-99.02920556,19.29536944,557,499,28.3768,3.6072,0,54.509,272,499,38.6774,193,499,45.0902,225,499,18.8601,481,44.6894,223,499,1.4188,96.3928,481,499
09DPR2243Y,ANTONIA ARELLANO LUNA,MATUTINO,2024-2025 | 2025-2026,09DPR2243Y,ANTONIA ARELLANO LUNA,Primaria,CUAUHTÉMOC,-99.12778056,19.41809167,134,122,28.3607,0,0,47.541,58,122,63.1148,77,122,31.1475,38,122,20.2965,86,51.6393,63,122,1.418,100,122,122
09DPR2963E,GREGORIO TORRES QUINTERO,VESPERTINO,2024-2025 | 2025-2026,09DJN0910W,GREGORIO TORRES QUINTERO,Preescolar,COYOACÁN,-99.10751944,19.3193,102,122,28.3607,20.4918,0,41.8033,51,122,55.7377,68,122,23.7705,29,122,24.5663,80,44.2623,54,122,1.418,79.5082,97,122
09DPR2676L,PROFR. VICTOR MANUEL MANZANO DELGADO,MATUTINO,2024-2025 | 2025-2026,09DPR2675M,PROFR. VICTOR MANUEL MANZANO DELGADO,Primaria,TLALPAN,-99.23513611,19.27704444,668,544,28.3456,0.7353,0,56.8015,309,544,38.6029,210,544,45.5882,248,544,19.2119,512,46.875,255,544,1.4173,99.2647,540,544
09DPR0102L,EFRAIN HUERTA,MATUTINO,2024-2025 | 2025-2026,09DPR4019N,EFRAIN HUERTA,Primaria,ÁLVARO OBREGÓN,-99.25931111,19.32503333,548,290,28.3448,15.8621,0,39.3103,114,290,45.8621,133,290,40.6897,118,290,23.136,197,46.5517,135,290,1.4172,84.1379,244,290
09DPR5121H,OCTAVIO PAZ,MATUTINO,2024-2025,09DES0317E,OCTAVIO PAZ,Secundaria,IZTAPALAPA,-99.00510278,19.34070556,461,441,28.3447,16.78,0,66.4399,293,441,27.4376,121,441,31.0658,137,441,17.9665,367,41.9501,185,441,1.4172,83.22,367,441
09DPR2023M,ANTONIO CASO,MATUTINO,2024-2025 | 2025-2026,09DJN0263H,ANTONIO CASO,Preescolar,AZCAPOTZALCO,-99.14985833,19.47931111,460,476,28.3193,26.0504,0,18.2773,87,476,59.2437,282,476,38.0252,181,476,19.03,353,41.3866,197,476,1.416,73.9496,352,476
09DPR2321L,IGNACIO M. ALTAMIRANO,MATUTINO,2024-2025 | 2025-2026,09DPR2321L,IGNACIO M. ALTAMIRANO,Primaria,CUAUHTÉMOC,-99.14701667,19.43943889,229,202,28.3168,0,0,45.5446,92,202,61.3861,124,202,34.6535,70,202,21.3193,140,53.9604,109,202,1.4158,100,202,202
09DPR3096L,ING. ESTANISLAO RAMIREZ RUIZ,VESPERTINO,2024-2025,09DPR2022N,ING. ESTANISLAO RAMÍREZ RUIZ,Primaria,TLÁHUAC,-99.00883611,19.27838611,237,142,28.3099,19.0141,0,57.0423,81,142,28.8732,41,142,36.6197,52,142,19.5165,115,39.4366,56,142,1.4155,80.9859,115,142
09DPR1934C,GRAL. JUAN N. ÁLVAREZ,MATUTINO,2024-2025 | 2025-2026,09DPR1931F,GRAL. JUAN N. ÁLVAREZ,Primaria,ÁLVARO OBREGÓN,-99.20147222,19.33354167,209,171,28.3041,4.0936,0,34.5029,59,171,63.1579,108,171,39.7661,68,171,18.698,152,47.9532,82,171,1.4152,95.9064,164,171
09DPR1613T,ESTADO DE GUANAJUATO,MATUTINO,2024-2025 | 2025-2026,09DPR2132T,ESTADO DE GUANAJUATO,Primaria,AZCAPOTZALCO,-99.18538611,19.49293611,141,135,28.2963,12.5926,0,45.9259,62,135,49.6296,67,135,33.3333,45,135,17.2549,113,45.1852,61,135,1.4148,87.4074,118,135
09DPR0120A,PABLO PICASSO,MATUTINO,2025-2026,09DPR0120A,PABLO PICASSO,Primaria,IZTAPALAPA,-99.04627222,19.33695556,371,352,28.2955,0,0,40.3409,142,352,65.625,231,352,35.5114,125,352,19.2713,261,50.5682,178,352,1.4148,100,352,352
09DPR2592D,EDUCACIÓN PARA TODOS,MATUTINO,2024-2025 | 2025-2026,09DPR2781W,EDUCACIÓN PARA TODOS,Primaria,GUSTAVO A. MADERO,-99.14467222,19.5293,328,338,28.284,15.0888,0,46.7456,158,338,43.787,148,338,35.7988,121,338,19.3016,247,45.5621,154,338,1.4142,84.9112,287,338
09DIX0031I,ESCUELA DE PARTICIPACIÓN SOCIAL NUMERO 3,MATUTINO,2025-2026,09DIX0031I,ESCUELA DE PARTICIPACIÓN SOCIAL NUMERO 3,Primaria,IZTACALCO,-99.10908889,19.39395556,184,198,28.2828,0,0,49.4949,98,198,51.0101,101,198,40.9091,81,198,18.5838,185,46.9697,93,198,1.4141,100,198,198
09DPR2663H,DR. SALVADOR ALLENDE,MATUTINO,2024-2025 | 2025-2026,09DPR2663H,DR. SALVADOR ALLENDE,Primaria,GUSTAVO A. MADERO,-99.148325,19.52493889,525,580,28.2759,16.8966,0,27.069,157,580,64.3103,373,580,33.1034,192,580,19.1823,406,43.7931,254,580,1.4138,83.1034,482,580
09DPR1600P,EL PENSADOR MEXICANO,MATUTINO,2024-2025 | 2025-2026,09DPR1600P,EL PENSADOR MEXICANO,Primaria,CUAUHTÉMOC,-99.15815556,19.44767222,456,462,28.2684,0.2165,0,43.0736,199,462,61.2554,283,462,36.7965,170,462,19.171,362,50,231,462,1.4134,99.7835,461,462
09DPR2463J,FRAY PEDRO DE GANTE,MATUTINO,2024-2025 | 2025-2026,09DPR2463J,FRAY PEDRO DE GANTE,Primaria,CUAUHTÉMOC,-99.13351111,19.42756111,581,484,28.2645,0.6198,0,48.9669,237,484,56.405,273,484,35.3306,171,484,18.7876,370,52.2727,253,484,1.4132,99.3802,481,484
09DPR2362L,REPÚBLICA DE LIBANO,MATUTINO,2025-2026,09DPR2362L,REPÚBLICA DE LIBANO,Primaria,CUAUHTÉMOC,-99.12983056,19.42776389,249,235,28.2553,0,0,50.2128,118,235,45.5319,107,235,45.5319,107,235,19.5598,224,45.9574,108,235,1.4128,100,235,235
09DPR3236V,PROFRA. ELISA ACUÑA Y ROSSETTI,VESPERTINO,2025-2026,09DPR3236V,PROFRA. ELISA ACUÑA Y ROSSETTI,Primaria,IZTAPALAPA,-99.00428611,19.35111111,223,126,28.254,0,0,25.3968,32,126,68.254,86,126,47.619,60,126,19.2579,126,48.4127,61,126,1.4127,100,126,126
09DPR3075Z,PROFRA. BEATRIZ DE GORTARI Y PÉREZ,VESPERTINO,2024-2025 | 2025-2026,09DPR3075Z,PROFRA. BEATRIZ DE GORTARI Y PÉREZ,Primaria,GUSTAVO A. MADERO,-99.06077778,19.46778611,106,114,28.2456,35.0877,0,45.614,52,114,35.9649,41,114,24.5614,28,114,18.2216,74,40.3509,46,114,1.4123,64.9123,74,114
09DPR2407R,GABRIEL LEYVA SOLANO,MATUTINO,2024-2025 | 2025-2026,09DPR2407R,GABRIEL LEYVA SOLANO,Primaria,CUAUHTÉMOC,-99.13286944,19.45626944,296,262,28.2443,0.3817,0,27.0992,71,262,71.7557,188,262,41.9847,110,262,18.5278,234,46.9466,123,262,1.4122,99.6183,261,262
09DPR2628B,TLALOC,MATUTINO,2024-2025,09DPR5063H,TLALOC,Primaria,IZTAPALAPA,-99.05151944,19.36743889,247,238,28.2353,16.3866,0,49.5798,118,238,40.7563,97,238,34.4538,82,238,17.4548,199,42.8571,102,238,1.4118,83.6134,199,238
09DPR1629U,TELPUCHCALLI,MATUTINO,2024-2025 | 2025-2026,09DPR1629U,TELPUCHCALLI,Primaria,AZCAPOTZALCO,-99.18806389,19.46779722,364,406,28.2266,16.7488,0,32.0197,130,406,60.5911,246,406,31.7734,129,406,18.9725,269,44.8276,182,406,1.4113,83.2512,338,406
09DPR1391Z,MAESTRO CARLOS GONZÁLEZ PEÑA,MATUTINO,2024-2025 | 2025-2026,09DBN0030J,MAESTRO CARLOS GONZÁLEZ PEÑA,Primaria,GUSTAVO A. MADERO,-99.11182222,19.46091111,191,180,28.2222,17.2222,0,36.1111,65,180,48.8889,88,180,38.8889,70,180,19.3484,126,42.2222,76,180,1.4111,82.7778,149,180
09DPR5012A,ITZCOATL,VESPERTINO,2024-2025,09DPR5012A,ITZCOATL,Primaria,XOCHIMILCO,-99.09598056,19.24245,377,285,28.2105,18.9474,0,58.9474,168,285,28.0702,80,285,35.0877,100,285,18.9372,231,39.2982,112,285,1.4105,81.0526,231,285
09DPR3137V,PROFR. MIGUEL SÁNCHEZ RIVERA,MATUTINO,2025-2026,09DPR2981U,PROFR. MIGUEL SÁNCHEZ RIVERA,Primaria,IZTAPALAPA,-99.06730833,19.30570278,462,266,28.1955,0,0,49.6241,132,266,47.3684,126,266,43.985,117,266,18.8534,266,46.6165,124,266,1.4098,100,266,266
09DPR2011H,LUIS DE LA BRENA,MATUTINO,2024-2025 | 2025-2026,09DPR2011H,LUIS DE LA BRENA,Primaria,TLALPAN,-99.163825,19.23459722,486,486,28.1893,0.4115,0,40.1235,195,486,55.3498,269,486,45.0617,219,486,19.3402,438,49.177,239,486,1.4095,99.5885,484,486
09DPR3076Y,PROFRA. BEATRIZ DE GORTARI Y PÉREZ,MATUTINO,2024-2025 | 2025-2026,09DPR3075Z,PROFRA. BEATRIZ DE GORTARI Y PÉREZ,Primaria,GUSTAVO A. MADERO,-99.06077778,19.46778611,399,416,28.1731,39.4231,0,33.1731,138,416,39.6635,165,416,28.6058,119,416,19.8797,251,35.0962,146,416,1.4087,60.5769,252,416
09DPR2696Z,MELCHOR OCAMPO,MATUTINO,2024-2025 | 2025-2026,09DPR5081X,MELCHOR OCAMPO,Primaria,IZTAPALAPA,-98.99296667,19.34795278,305,240,28.1667,4.5833,0,55.4167,133,240,37.9167,91,240,42.9167,103,240,19.6283,205,46.6667,112,240,1.4083,95.4167,229,240
09DPR2063N,JUÁREZ Y CONSTITUCIÓN,MATUTINO,2024-2025,09DPR2063N,JUÁREZ Y CONSTITUCIÓN,Primaria,XOCHIMILCO,-99.01058889,19.25529167,527,387,28.1654,8.7855,0,49.6124,192,387,43.6693,169,387,38.7597,150,387,18.4476,353,41.3437,160,387,1.4083,91.2145,353,387
09DPR0127U,PROFR. JOSÉ GONZÁLEZ VILLASEÑOR,MATUTINO,2024-2025 | 2025-2026,09DPR0127U,PROFR. JOSÉ GONZÁLEZ VILLASEÑOR,Primaria,IZTAPALAPA,-99.03801944,19.332175,780,754,28.1432,0.2653,0,42.4403,320,754,54.6419,412,754,43.3687,327,754,19.6483,638,50.3979,380,754,1.4072,99.7347,752,754
09DPR3108Z,RICARDO GARCÍA ZAMUDIO,MATUTINO,2024-2025 | 2025-2026,09DPR2922E,RICARDO GARCÍA ZAMUDIO,Primaria,IZTAPALAPA,-99.00776389,19.34801389,607,209,28.134,2.8708,0,42.5837,89,209,55.9809,117,209,39.2344,82,209,20.6534,146,48.3254,101,209,1.4067,97.1292,203,209
09DPR1421D,LIC. JUAN ANTONIO DE LA FUENTE,MATUTINO,2024-2025 | 2025-2026,09DPR1425Z,LIC. JUAN ANTONIO DE LA FUENTE,Primaria,GUSTAVO A. MADERO,-99.13038889,19.47660278,355,431,28.1206,48.4919,0,29.2343,126,431,38.9791,168,431,23.8979,103,431,19.3027,220,33.8747,146,431,1.406,51.5081,222,431
09DPR1062H,MANUEL M. PONCE,MATUTINO,2025-2026,09DPR1062H,MANUEL M. PONCE,Primaria,VENUSTIANO CARRANZA,-99.10766111,19.439,147,133,28.1203,33.8346,0,22.5564,30,133,51.1278,68,133,33.0827,44,133,19.9443,88,36.0902,48,133,1.406,66.1654,88,133
09DPR1710V,FRAY FRANCISCO APARICIO,MATUTINO,2024-2025 | 2025-2026,09DPR1710V,FRAY FRANCISCO APARICIO,Primaria,MIGUEL HIDALGO,-99.17594167,19.447575,301,264,28.1061,0,0,30.6818,81,264,70.8333,187,264,39.0152,103,264,19.5868,228,48.1061,127,264,1.4053,100,264,264
09DPR1306M,ESTHER R. MACEDA,MATUTINO,2024-2025 | 2025-2026,09DPR1306M,ESTHER R. MACEDA,Primaria,IZTAPALAPA,-99.08775278,19.36321667,369,343,28.105,0.5831,0,50.4373,173,343,59.1837,203,343,30.3207,104,343,19.022,223,53.3528,183,343,1.4052,99.4169,341,343
09DPR0974X,ESTADO DE MÉXICO,MATUTINO,2025-2026,09PPR0235G,ESTADO DE MÉXICO,Primaria,AZCAPOTZALCO,-99.186578,19.467968,127,116,28.1034,8.6207,0,61.2069,71,116,45.6897,53,116,25,29,116,17.6918,85,50,58,116,1.4052,91.3793,106,116
09DPR0010V,PROFR. VICENTE MORA,VESPERTINO,2024-2025 | 2025-2026,09DPR0010V,PROFR. VICENTE MORA,Primaria,IZTAPALAPA,-99.08324167,19.30241111,347,139,28.0576,1.4388,0,77.6978,108,139,20.8633,29,139,40.2878,56,139,18.2493,136,41.0072,57,139,1.4029,98.5612,137,139
09DPR1250A,JOSÉ MARIA VELASCO,MATUTINO,2024-2025 | 2025-2026,09DES0275W,JOSÉ MARÍA VELASCO,Secundaria,IZTAPALAPA,-99.06320278,19.32409722,291,348,28.046,19.5402,0,33.6207,117,348,57.1839,199,348,29.8851,104,348,18.3227,225,43.9655,153,348,1.4023,80.4598,280,348
09DPR1087Q,HÉROES DE ZACAPOAXTLA,MATUTINO,2024-2025 | 2025-2026,09DPR1087Q,HÉROES DE ZACAPOAXTLA,Primaria,VENUSTIANO CARRANZA,-99.09779444,19.43176389,504,450,28.0444,2.6667,0,60.4444,272,450,36.4444,164,450,40.6667,183,450,18.8303,416,45.1111,203,450,1.4022,97.3333,438,450
09DPR2339K,GABINO BARREDA,VESPERTINO,2024-2025 | 2025-2026,09PJN5055N,GABINO BARREDA,Preescolar,IZTAPALAPA,-99.001835,19.366569,166,167,28.024,0,0,52.6946,88,167,56.2874,94,167,31.1377,52,167,18.6683,104,56.8862,95,167,1.4012,100,167,167
09DPR2636K,PROFRA. BEATRIZ AVILA GARCÍA,VESPERTINO,2024-2025 | 2025-2026,09DPR2636K,PROFRA. BEATRIZ AVILA GARCÍA,Primaria,ÁLVARO OBREGÓN,-99.24572778,19.36144444,207,167,28.024,1.1976,0,59.2814,99,167,44.9102,75,167,34.7305,58,167,18.7215,130,47.9042,80,167,1.4012,98.8024,165,167
09DPR0848Z,AURELIO MALDONADO CEDILLO,VESPERTINO,2024-2025 | 2025-2026,09DPR0848Z,AURELIO MALDONADO CEDILLO,Primaria,GUSTAVO A. MADERO,-99.15254444,19.54931111,160,177,28.0226,27.6836,0,50.8475,90,177,36.1582,64,177,25.4237,45,177,23.5188,101,40.113,71,177,1.4011,72.3164,128,177
09DPR2684U,CRISTÓBAL COLÓN,VESPERTINO,2024-2025 | 2025-2026,09DPR2024L,CRISTÓBAL COLÓN,Primaria,TLÁHUAC,-98.96447222,19.22480278,437,379,28.0211,24.0106,0,55.6728,211,379,27.9683,106,379,32.4538,123,379,18.7266,286,39.314,149,379,1.4011,75.9894,288,379
09DPR3159G,ACATONALLI,VESPERTINO,2024-2025 | 2025-2026,09DPR2983S,ACATONALLI,Primaria,XOCHIMILCO,-99.01074444,19.24671389,265,197,28.0203,41.6244,0,32.9949,65,197,35.533,70,197,29.9492,59,197,19.6798,114,33.5025,66,197,1.401,58.3756,115,197
09DPR4156Q,ANACLETO BARCENA ROJAS,MATUTINO,2024-2025 | 2025-2026,09DBS0030E,ANACLETO BARCENA ROJAS,Adultos - Secundaria,XOCHIMILCO,-99.10136389,19.26667778,385,372,28.0108,12.6344,0,31.9892,119,372,50.2688,187,372,45.1613,168,372,19.6557,323,41.9355,156,372,1.4005,87.3656,325,372
09DPR1400R,LA PRENSA PEMEX,VESPERTINO,2024-2025 | 2025-2026,09DPR1395W,LA PRENSA PEMEX,Primaria,GUSTAVO A. MADERO,-99.13040278,19.46604444,77,110,28,16.3636,0,51.8182,57,110,53.6364,59,110,18.1818,20,110,18.0276,76,48.1818,53,110,1.4,83.6364,92,110
09DPR0939R,EMILIO BRAVO,VESPERTINO,2024-2025 | 2025-2026,09DPR0904B,EMILIO BRAVO,Primaria,GUSTAVO A. MADERO,-99.14065833,19.540775,475,485,28,20.6186,0,40.6186,197,485,49.6907,241,485,29.0722,141,485,19.8991,318,43.7113,212,485,1.4,79.3814,385,485
09DPR2999T,WILFRIDO MASSIEU,MATUTINO,2024-2025 | 2025-2026,09DPR2999T,WILFRIDO MASSIEU,Primaria,COYOACÁN,-99.16686111,19.33138333,337,345,28,0,0,60,207,345,34.7826,120,345,45.2174,156,345,18.9571,312,48.9855,169,345,1.4,100,345,345
09DPR1236H,OMETECUHTLI,MATUTINO,2024-2025 | 2025-2026,09DPR1236H,OMETECUHTLI,Primaria,IZTAPALAPA,-99.09575556,19.35441389,530,455,28,0.6593,0,53.8462,245,455,47.9121,218,455,37.5824,171,455,19.2711,336,51.6484,235,455,1.4,99.3407,452,455
09DPR1768V,GENERAL FRANCISCO MENENDEZ,VESPERTINO,2025-2026,09DPR1768V,GENERAL FRANCISCO MENENDEZ,Primaria,BENITO JUÁREZ,-99.18438056,19.39218889,22,40,28,0,0,47.5,19,40,47.5,19,40,45,18,40,20.8457,35,50,20,40,1.4,100,40,40
09DPR4214Q,PROFR. RAFAEL HERNANDEZ LÓPEZ,MATUTINO,2024-2025 | 2025-2026,09DPR4213R,PROFR. RAFAEL HERNANDEZ LÓPEZ,Primaria,LA MAGDALENA CONTRERAS,-99.25446944,19.31238333,482,465,28,15.4839,0,50.3226,234,465,39.3548,183,465,34.8387,162,465,18.1166,392,40,186,465,1.4,84.5161,393,465
09DPR2042A,PINTOR DIEGO RIVERA,MATUTINO,2024-2025,09DPR2952Z,PINTOR DIEGO RIVERA,Primaria,MILPA ALTA,-99.08965,19.19246389,519,449,27.9733,12.0267,0,53.0067,238,449,36.5256,164,449,38.3073,172,449,18.5995,395,42.539,191,449,1.3987,87.9733,395,449
09DPR1022G,AUGUSTO CESAR SANDINO,VESPERTINO,2025-2026,09DPR2501W,AUGUSTO CESAR SANDINO,Primaria,CUAUHTÉMOC,-99.161075,19.456425,159,148,27.973,12.1622,0,60.1351,89,148,35.8108,53,148,31.7568,47,148,18.6561,123,43.2432,64,148,1.3986,87.8378,130,148
09DPR2610C,DR. EDUARDO R. CORONEL,MATUTINO,2024-2025 | 2025-2026,09DPR2610C,DR. EDUARDO R. CORONEL,Primaria,IZTACALCO,-99.07711667,19.3979,281,201,27.9602,0.4975,0,50.7463,102,201,59.7015,120,201,28.8557,58,201,18.8321,131,53.7313,108,201,1.398,99.5025,200,201
09DPR2429C,CRISTOBAL COLON,MATUTINO,2024-2025 | 2025-2026,09DPR2024L,CRISTÓBAL COLÓN,Primaria,TLÁHUAC,-98.96447222,19.22480278,95,98,27.9592,0,0,53.0612,52,98,42.8571,42,98,43.8776,43,98,19.7949,78,55.102,54,98,1.398,100,98,98
09DPR2807N,ARTURO ROSENBLUETH,VESPERTINO,2024-2025 | 2025-2026,09DPR2995X,ARTURO ROSENBLUETH,Primaria,IZTAPALAPA,-98.99645833,19.35264722,337,78,27.9487,2.5641,0,62.8205,49,78,17.9487,14,78,56.4103,44,78,20.5132,76,44.8718,35,78,1.3974,97.4359,76,78
09DPR0878U,JOSEFINA RODRIGUEZ SOLIS GUDIÑO,MATUTINO,2024-2025 | 2025-2026,09DPR0878U,JOSEFINA RODRIGUEZ SOLIS GUDIÑO,Primaria,ÁLVARO OBREGÓN,-99.20316389,19.38074722,315,287,27.9443,0,0,59.9303,172,287,34.1463,98,287,45.6446,131,287,19.0988,251,52.2648,150,287,1.3972,100,287,287
09DPR3010P,PROFRA. CARMEN ARROYO DE LA PARRA,VESPERTINO,2024-2025 | 2025-2026,09DPR3010P,PROFRA. CARMEN ARROYO DE LA PARRA,Primaria,TLÁHUAC,-99.05331111,19.29006111,117,136,27.9412,37.5,0,47.0588,64,136,22.0588,30,136,33.0882,45,136,20.6643,84,34.5588,47,136,1.3971,62.5,85,136
09DPR1476G,ERNESTO ALCONEDO,MATUTINO,2024-2025 | 2025-2026,09DPR1476G,ERNESTO ALCONEDO,Primaria,GUSTAVO A. MADERO,-99.08263889,19.45564167,271,300,27.9333,21.3333,0,36.6667,110,300,53.6667,161,300,28,84,300,19.6906,181,45,135,300,1.3967,78.6667,236,300
09DPR0110U,PROFR. EFRAIN BONILLA MANZANO,MATUTINO,2024-2025 | 2025-2026,09DPR4157P,PROFR. EFRAIN BONILLA MANZANO,Primaria,IZTAPALAPA,-99.01038056,19.36241111,208,174,27.931,0,0,42.5287,74,174,62.069,108,174,35.0575,61,174,18.3882,153,48.2759,84,174,1.3966,100,174,174
09DPR1900M,LIC. EDUARDO FACHA GUTIERREZ,MATUTINO,2025-2026,09DPR1900M,LIC. EDUARDO FACHA GUTIERREZ,Primaria,ÁLVARO OBREGÓN,-99.21224444,19.35870278,152,111,27.9279,0,0,66.6667,74,111,20.7207,23,111,52.2523,58,111,20.3054,93,52.2523,58,111,1.3964,100,111,111
09DPR2932L,TLAMACHTILCALLI,MATUTINO,2024-2025 | 2025-2026,09DPR3089B,TLAMACHTILCALLI,Primaria,COYOACÁN,-99.15995,19.31984444,315,207,27.9227,0.4831,0,41.5459,86,207,52.657,109,207,44.9275,93,207,19.3095,189,45.8937,95,207,1.3961,99.5169,206,207
09DPR1965W,FRAY ANTONIO MARGIL DE JESUS,MATUTINO,2025-2026,09DPR1965W,FRAY ANTONIO MARGIL DE JESUS,Primaria,COYOACÁN,-99.16422778,19.340625,119,96,27.9167,8.3333,0,56.25,54,96,40.625,39,96,34.375,33,96,18.1797,79,40.625,39,96,1.3958,91.6667,88,96
09DPR2962F,EFRAINA ROCHA MARTÍNEZ,VESPERTINO,2025-2026,09DPR2317Z,EFRAINA ROCHA MARTÍNEZ,Primaria,IZTAPALAPA,-99.06936944,19.37109167,140,48,27.9167,0,0,75,36,48,14.5833,7,48,50,24,48,20.0938,48,41.6667,20,48,1.3958,100,48,48
09DPR5137I,DR. EPIFANIO JIMENEZ AVILA,VESPERTINO,2024-2025,09DPR5136J,DR. EPIFANIO JIMENEZ AVILA,Primaria,XOCHIMILCO,-99.02068611,19.24541389,332,306,27.9085,22.549,0,53.9216,165,306,33.0065,101,306,30.0654,92,306,18.5397,237,37.5817,115,306,1.3954,77.451,237,306
09DPR2565G,ANDRÉS DELGADO EL GIRO,MATUTINO,2024-2025,09DPR2565G,"ANDRÉS DELGADO ""EL GIRO""",Primaria,XOCHIMILCO,-99.11972222,19.26343333,401,405,27.9012,22.4691,0,41.4815,168,405,36.0494,146,405,39.5062,160,405,19.1643,314,40,162,405,1.3951,77.5309,314,405
09DPR3048B,LEONA VICARIO,VESPERTINO,2024-2025 | 2025-2026,09DPR3048B,LEONA VICARIO,Primaria,GUSTAVO A. MADERO,-99.15285,19.54879444,85,81,27.9012,24.6914,0,43.2099,35,81,48.1481,39,81,23.4568,19,81,18.8224,49,41.9753,34,81,1.3951,75.3086,61,81
09DPR2075S,GREGORIO TORRES QUINTERO,MATUTINO,2024-2025,09DJN0910W,GREGORIO TORRES QUINTERO,Preescolar,COYOACÁN,-99.10751944,19.3193,363,357,27.8992,36.4146,0,37.2549,133,357,35.8543,128,357,29.972,107,357,19.011,227,36.9748,132,357,1.395,63.5854,227,357
09DPR5015Y,MUJERES INSURGENTES,VESPERTINO,2024-2025 | 2025-2026,09DPR5015Y,MUJERES INSURGENTES,Primaria,IZTAPALAPA,-99.08909722,19.31590556,153,38,27.8947,7.8947,0,47.3684,18,38,55.2632,21,38,28.9474,11,38,19.5229,35,36.8421,14,38,1.3947,92.1053,35,38
09DPR1417R,INSURGENTE MORELOS,MATUTINO,2024-2025 | 2025-2026,09DPR1413V,INSURGENTE MORELOS,Primaria,GUSTAVO A. MADERO,-99.11394722,19.48494444,159,213,27.8873,17.8404,0,42.2535,90,213,44.1315,94,213,35.2113,75,213,20.21,120,45.5399,97,213,1.3944,82.1596,175,213
09DIX0033G,ESCUELA DE PARTICIPACIÓN SOCIAL NUMERO 7,MATUTINO,2024-2025 | 2025-2026,09DIX0033G,ESCUELA DE PARTICIPACIÓN SOCIAL NUMERO 7,Primaria,MIGUEL HIDALGO,-99.2041,19.45108056,270,203,27.8818,0,0,42.8571,87,203,61.5764,125,203,34.9754,71,203,18.7722,151,52.7094,107,203,1.3941,100,203,203
09DPR2081C,"FERNANDO CELADA, CLUB DE LEONES DE LA CIUDAD DE MÉXICO NO 5",VESPERTINO,2024-2025 | 2025-2026,09DPR2081C,"FERNANDO CELADA, CLUB DE LEONES DE LA CIUDAD DE MÉXICO NO 5",Primaria,XOCHIMILCO,-99.10186944,19.26535,344,282,27.8723,13.8298,0,58.156,164,282,25.5319,72,282,41.844,118,282,19.2251,243,40.7801,115,282,1.3936,86.1702,243,282
09DPR2364J,REPÚBLICA DE PANAMA,VESPERTINO,2024-2025 | 2025-2026,09DES0077W,REPÚBLICA DE PANAMÁ,Secundaria,ÁLVARO OBREGÓN,-99.242,19.38348611,102,94,27.8723,0,0,52.1277,49,94,53.1915,50,94,34.0426,32,94,19.6283,60,51.0638,48,94,1.3936,100,94,94
09DPR5017W,GENERAL DONATO GUERRA,MATUTINO,2024-2025 | 2025-2026,09DPR5017W,GENERAL DONATO GUERRA,Primaria,TLALPAN,-99.18625278,19.28296944,554,488,27.8689,2.0492,0,64.3443,314,488,31.5574,154,488,41.3934,202,488,18.6306,468,43.4426,212,488,1.3934,97.9508,478,488
09DPR4160C,RAFAEL DELGADO,MATUTINO,2024-2025 | 2025-2026,09DPR4160C,RAFAEL DELGADO,Primaria,IZTAPALAPA,-99.00900556,19.34101667,400,356,27.8652,1.1236,0,39.6067,141,356,55.0562,196,356,43.5393,155,356,18.6156,334,45.2247,161,356,1.3933,98.8764,352,356
09DPR1185R,BASILIO VADILLO,MATUTINO,2024-2025 | 2025-2026,09DPR1185R,BASILIO VADILLO,Primaria,IZTACALCO,-99.12998056,19.400925,206,168,27.8571,0,0,44.6429,75,168,55.9524,94,168,38.6905,65,168,19.4862,138,44.6429,75,168,1.3929,100,168,168
09DPR5136J,DR. EPIFANIO JIMENEZ AVILA,MATUTINO,2024-2025 | 2025-2026,09DPR5136J,DR. EPIFANIO JIMENEZ AVILA,Primaria,XOCHIMILCO,-99.02068611,19.24541389,482,459,27.8431,17.6471,0,41.6122,191,459,44.8802,206,459,35.0763,161,459,19.7215,376,39.6514,182,459,1.3922,82.3529,378,459
09DPR1069A,JUAN CRISOSTOMO BONILLA,MATUTINO,2024-2025 | 2025-2026,09DPR1069A,JUAN CRISOSTOMO BONILLA,Primaria,VENUSTIANO CARRANZA,-99.08409444,19.40922222,227,176,27.8409,0,0,44.3182,78,176,56.25,99,176,38.6364,68,176,19.0897,146,51.1364,90,176,1.392,100,176,176
09DPR2640X,PROFR. PEDRO LOREDO ORTEGA,MATUTINO,2024-2025 | 2025-2026,09DPR2623G,PROFR. PEDRO LOREDO ORTEGA,Primaria,TLALPAN,-99.23708611,19.29158056,671,661,27.8366,3.6309,0,64.7504,428,661,28.2905,187,661,42.5113,281,661,19.2561,563,45.9909,304,661,1.3918,96.3691,637,661
09DPR2671Q,PROFRA. BEATRIZ AVILA GARCÍA,MATUTINO,2024-2025 | 2025-2026,09DPR2636K,PROFRA. BEATRIZ AVILA GARCÍA,Primaria,ÁLVARO OBREGÓN,-99.24572778,19.36144444,549,503,27.833,0,0,61.4314,309,503,31.0139,156,503,46.7197,235,503,19.4485,447,49.503,249,503,1.3917,100,503,503
09DPR1599Q,LIC. AQUILES ELORDUY,MATUTINO,2024-2025 | 2025-2026,09DPR1599Q,LIC. AQUILES ELORDUY,Primaria,AZCAPOTZALCO,-99.18547222,19.475,185,235,27.8298,28.9362,0,38.7234,91,235,45.9574,108,235,25.5319,60,235,19.3739,115,41.7021,98,235,1.3915,71.0638,167,235
09DPR2368F,FRANCISCO GARCÍA SALINAS,VESPERTINO,2025-2026,09DBN0072I,FRANCISCO GARCÍA SALINAS,Primaria,CUAUHTÉMOC,-99.12778056,19.41809167,94,69,27.8261,1.4493,0,43.4783,30,69,66.6667,46,69,27.5362,19,69,18.2,48,53.6232,37,69,1.3913,98.5507,68,69
09DPR2253E,PRINCIPADO DE MONACO,MATUTINO,2024-2025,09DPR2987O,PRINCIPADO DE MONACO,Primaria,TLÁHUAC,-99.01326389,19.29400278,502,525,27.8095,18.8571,0,23.4286,123,525,57.3333,301,525,39.4286,207,525,19.4549,426,40.9524,215,525,1.3905,81.1429,426,525
09DPR2720I,CARLOS GARCÍA,VESPERTINO,2024-2025,09DPR2720I,CARLOS GARCÍA,Primaria,XOCHIMILCO,-99.09308333,19.24390556,244,200,27.8,18.5,0,53,106,200,36.5,73,200,31,62,200,19.3963,163,41.5,83,200,1.39,81.5,163,200
09DPR3103E,BELISARIO DOMÍNGUEZ,MATUTINO,2024-2025 | 2025-2026,09DPR2990B,BELISARIO DOMÍNGUEZ,Primaria,CUAJIMALPA DE MORELOS,-99.29208056,19.36510278,559,622,27.7814,14.1479,0,47.1061,293,622,47.4277,295,622,30.2251,188,622,18.8197,446,44.373,276,622,1.3891,85.8521,534,622
09DPR2537K,MAESTRO CELERINO CANO PALACIOS,MATUTINO,2024-2025 | 2025-2026,09DPR2537K,MAESTRO CELERINO CANO PALACIOS,Primaria,CUAUHTÉMOC,-99.149675,19.40436389,113,90,27.7778,0,0,35.5556,32,90,65.5556,59,90,37.7778,34,90,18.3788,80,47.7778,43,90,1.3889,100,90,90
09DPR2216A,MADRE MEXICANA,VESPERTINO,2024-2025 | 2025-2026,09DPR0864R,MADRE MEXICANA,Primaria,ÁLVARO OBREGÓN,-99.28443333,19.32732222,203,175,27.7714,0,0,74.8571,131,175,30.2857,53,175,33.7143,59,175,17.9833,156,46.8571,82,175,1.3886,100,175,175
09DPR0930Z,QUETZALCOATL,MATUTINO,2024-2025 | 2025-2026,09DPR5119T,QUETZALCOATL,Primaria,CUAJIMALPA DE MORELOS,-99.30938056,19.3535,139,139,27.7698,0.7194,0,18.705,26,139,73.3813,102,139,46.0432,64,139,21.0615,117,48.2014,67,139,1.3885,99.2806,138,139
09DPR2682W,PROFR. ANTONIO I. DELGADO CASARRUBIAS,MATUTINO,2024-2025 | 2025-2026,09DPR2682W,PROFR. ANTONIO I. DELGADO CASARRUBIAS,Primaria,GUSTAVO A. MADERO,-99.08966389,19.47010278,317,363,27.7686,49.8623,0,26.9972,98,363,37.741,137,363,24.2424,88,363,19.2484,182,31.9559,116,363,1.3884,50.1377,182,363
09DPR4508C,ALVARO OBREGON,VESPERTINO,2024-2025 | 2025-2026,09DJN0223G,ALVARO OBREGON,Preescolar,GUSTAVO A. MADERO,-99.07028889,19.4783,389,340,27.7647,23.5294,0,59.1176,201,340,28.5294,97,340,27.6471,94,340,18.2812,260,36.7647,125,340,1.3882,76.4706,260,340
09DPR1213X,SANTIAGO R. DE LA VEGA,MATUTINO,2025-2026,09DPR1213X,SANTIAGO R. DE LA VEGA,Primaria,BENITO JUÁREZ,-99.14632778,19.38235833,180,152,27.7632,0,0,48.0263,73,152,55.2632,84,152,35.5263,54,152,18.7115,131,49.3421,75,152,1.3882,100,152,152
09DPR2606Q,IGNACIO GONZÁLEZ GUZMÁN,MATUTINO,2024-2025 | 2025-2026,09DPR2606Q,IGNACIO GONZÁLEZ GUZMÁN,Primaria,IZTAPALAPA,-99.05182778,19.35426111,326,268,27.7612,0.7463,0,42.5373,114,268,61.194,164,268,34.3284,92,268,19.8476,185,50,134,268,1.3881,99.2537,266,268
09DPR2893Z,MAESTRO MANUEL M CERNA CASTELAZO,MATUTINO,2024-2025 | 2025-2026,09DPR2893Z,MAESTRO MANUEL M CERNA CASTELAZO,Primaria,IZTACALCO,-99.12411944,19.38396111,478,341,27.7419,1.173,0,61.2903,209,341,19.9413,68,341,56.305,192,341,19.6399,326,46.0411,157,341,1.3871,98.827,337,341
09DPR1963Y,FRAY EUSEBIO FRANCISCO KINO,MATUTINO,2024-2025 | 2025-2026,09DPR1963Y,FRAY EUSEBIO FRANCISCO KINO,Primaria,COYOACÁN,-99.13971667,19.33672778,248,186,27.7419,0,0,54.3011,101,186,43.5484,81,186,40.8602,76,186,19.8237,173,48.3871,90,186,1.3871,100,186,186
09DIX0034F,ESCUELA DE PARTICIPACIÓN SOCIAL NUMERO 2,MATUTINO,2024-2025 | 2025-2026,09DIX0034F,ESCUELA DE PARTICIPACIÓN SOCIAL NUMERO 2,Primaria,VENUSTIANO CARRANZA,-99.08665,19.41537222,183,168,27.7381,0.5952,0,30.9524,52,168,71.4286,120,168,35.7143,60,168,19.5546,141,44.6429,75,168,1.3869,99.4048,167,168
09DPR1585N,TEMACHTIANI,MATUTINO,2024-2025 | 2025-2026,09DPR1585N,TEMACHTIANI,Primaria,AZCAPOTZALCO,-99.16074167,19.47269167,141,184,27.7174,22.2826,0,31.5217,58,184,55.9783,103,184,28.8043,53,184,20.1333,105,42.9348,79,184,1.3859,77.7174,143,184
09DPR2771P,DR. SALVADOR ALLENDE G.,MATUTINO,2024-2025,09DPR2771P,DR. SALVADOR ALLENDE G.,Primaria,LA MAGDALENA CONTRERAS,-99.22665278,19.31535,485,405,27.7037,10.6173,0,53.5802,217,405,34.8148,141,405,39.5062,160,405,18.5718,362,40.2469,163,405,1.3852,89.3827,362,405
09DPR2662I,VICENTE LOMBARDO TOLEDANO,VESPERTINO,2024-2025 | 2025-2026,09DPR0895K,VICENTE LOMBARDO TOLEDANO,Primaria,GUSTAVO A. MADERO,-99.13898056,19.53305833,118,143,27.6923,19.5804,0,45.4545,65,143,44.7552,64,143,28.6713,41,143,19.8608,79,45.4545,65,143,1.3846,80.4196,115,143
09DPR3229L,PROFR. HUMBERTO ESPARZA VILLARREAL,MATUTINO,2024-2025,09DPR3229L,PROFR. HUMBERTO ESPARZA VILLARREAL,Primaria,XOCHIMILCO,-99.11946111,19.26406111,274,260,27.6923,19.2308,0,50,130,260,32.6923,85,260,36.5385,95,260,18.7276,210,36.9231,96,260,1.3846,80.7692,210,260
09DPR1259S,LIBERTADORES DE AMERICA,MATUTINO,2024-2025 | 2025-2026,09DPR1259S,LIBERTADORES DE AMERICA,Primaria,BENITO JUÁREZ,-99.15078056,19.37995,153,117,27.6923,1.7094,0,48.7179,57,117,54.7009,64,117,33.3333,39,117,18.9164,110,44.4444,52,117,1.3846,98.2906,115,117
09DPR1320F,EMILIANO ZAPATA,MATUTINO,2024-2025 | 2025-2026,09DPR1320F,EMILIANO ZAPATA,Primaria,IZTAPALAPA,-99.10103333,19.32441667,459,372,27.6882,0,0,64.7849,241,372,29.5699,110,372,44.086,164,372,18.5995,371,43.8172,163,372,1.3844,100,372,372
09DPR1997O,TIBURCIO MONTIEL,VESPERTINO,2024-2025 | 2025-2026,09DPR1997O,TIBURCIO MONTIEL,Primaria,TLALPAN,-99.17291667,19.25343333,451,346,27.6879,29.4798,0,52.0231,180,346,24.2775,84,346,32.659,113,346,18.6679,243,36.1272,125,346,1.3844,70.5202,244,346
09DPR2988N,VICENTE GUERRERO,VESPERTINO,2024-2025 | 2025-2026,09DPR1779A,VICENTE GUERRERO,Primaria,CUAJIMALPA DE MORELOS,-99.28051944,19.34280833,565,637,27.6609,13.9717,0,55.573,354,637,43.3281,276,637,25.4317,162,637,17.9217,447,45.8399,292,637,1.383,86.0283,548,637
09DPR5131O,JULIA NAVA RUIZ SANCHEZ,VESPERTINO,2024-2025 | 2025-2026,09DPR5024F,JULIA NAVA RUIZ SANCHEZ,Primaria,TLÁHUAC,-99.00416111,19.25897222,271,243,27.6543,41.5638,0,39.5062,96,243,23.8683,58,243,33.3333,81,243,19.6944,142,34.9794,85,243,1.3827,58.4362,142,243
09DPR2136P,REPÚBLICA MEXICANA,VESPERTINO,2024-2025 | 2025-2026,09DJN0823A,REPÚBLICA MEXICANA,Preescolar,GUSTAVO A. MADERO,-99.13653056,19.55665,134,191,27.644,41.8848,0,29.3194,56,191,48.6911,93,191,18.3246,35,191,18.6922,102,37.1728,71,191,1.3822,58.1152,111,191
09DPR1470M,SIXTO NIETO ROJAS,MATUTINO,2024-2025 | 2025-2026,09DBN0111U,SIXTO NIETO ROJAS,Primaria,GUSTAVO A. MADERO,-99.10419722,19.45711667,169,191,27.644,21.9895,0,30.8901,59,191,56.5445,108,191,28.7958,55,191,19.5425,120,41.8848,80,191,1.3822,78.0105,149,191
09DPR1395W,LA PRENSA PEMEX,MATUTINO,2024-2025 | 2025-2026,09DPR1395W,LA PRENSA PEMEX,Primaria,GUSTAVO A. MADERO,-99.13040278,19.46604444,168,152,27.6316,24.3421,0,42.1053,64,152,42.7632,65,152,28.9474,44,152,35.2839,87,44.0789,67,152,1.3816,75.6579,115,152
09DPR2455A,HIMNO NACIONAL MEXICANO,MATUTINO,2024-2025 | 2025-2026,09DPR2455A,HIMNO NACIONAL MEXICANO,Primaria,IZTAPALAPA,-99.11376944,19.37087778,344,304,27.6316,0,0,48.3553,147,304,43.0921,131,304,46.7105,142,304,19.4519,258,46.7105,142,304,1.3816,100,304,304
09DPR1474I,ENRIQUE GONZÁLEZ MARTINEZ,MATUTINO,2024-2025 | 2025-2026,09DPR1474I,ENRIQUE GONZÁLEZ MARTINEZ,Primaria,GUSTAVO A. MADERO,-99.09775278,19.47218333,437,459,27.6253,15.0327,0,29.1939,134,459,58.3878,268,459,35.512,163,459,19.4528,324,44.8802,206,459,1.3813,84.9673,390,459
09DPR1607I,EMPERADOR CUAUHTEMOC,MATUTINO,2024-2025 | 2025-2026,09DPR2193G,EMPERADOR CUAUHTÉMOC,Primaria,GUSTAVO A. MADERO,-99.05802222,19.44798611,294,328,27.622,18.5976,0,32.9268,108,328,57.622,189,328,28.9634,95,328,18.8047,215,43.5976,143,328,1.3811,81.4024,267,328
09DPR2475O,ROBERTO MEDELLIN,VESPERTINO,2024-2025 | 2025-2026,09DPR2475O,ROBERTO MEDELLIN,Primaria,TLÁHUAC,-98.97298056,19.21702222,379,328,27.622,38.4146,0,35.9756,118,328,36.5854,120,328,27.1341,89,328,20.1698,202,35.3659,116,328,1.3811,61.5854,202,328
09DPR4522W,MARGARITA DE GORTARI DE SALINAS LOZANO,MATUTINO,2024-2025 | 2025-2026,09DPR4522W,MARGARITA DE GORTARI DE SALINAS LOZANO,Primaria,VENUSTIANO CARRANZA,-99.05945556,19.42689722,189,176,27.6136,0,0,52.2727,92,176,50,88,176,35.7955,63,176,18.7063,142,51.7045,91,176,1.3807,100,176,176
09DPR1482R,HEROES DE PADIERNA,MATUTINO,2024-2025 | 2025-2026,09DPR1482R,HEROES DE PADIERNA,Primaria,LA MAGDALENA CONTRERAS,-99.22634722,19.31540556,434,405,27.6049,16.2963,0,27.1605,110,405,63.2099,256,405,31.358,127,405,17.4714,339,40.4938,164,405,1.3802,83.7037,339,405
09DPR2732N,EXPROPIACIÓN PETROLERA,MATUTINO,2024-2025 | 2025-2026,09DPR2732N,EXPROPIACIÓN PETROLERA,Primaria,VENUSTIANO CARRANZA,-99.11485833,19.44742778,510,484,27.6033,11.7769,0,52.686,255,484,34.0909,165,484,39.4628,191,484,18.7214,426,39.876,193,484,1.3802,88.2231,427,484
09DPR0944C,ACAYUCAN,MATUTINO,2024-2025 | 2025-2026,09DPR0944C,ACAYUCAN,Primaria,VENUSTIANO CARRANZA,-99.09337778,19.41280278,309,271,27.6015,0.738,0,42.4354,115,271,54.2435,147,271,40.5904,110,271,19.0768,233,43.1734,117,271,1.3801,99.262,269,271
09DPR1101T,CHAPULTEPEC,VESPERTINO,2025-2026,09DPR1101T,CHAPULTEPEC,Primaria,MIGUEL HIDALGO,-99.21806667,19.41948889,78,50,27.6,0,0,40,20,50,52,26,50,46,23,50,20.0775,40,46,23,50,1.38,100,50,50
09DPR1988G,CAJEME,MATUTINO,2024-2025 | 2025-2026,09DPR0032G,CAJEME,Primaria,TLALPAN,-99.17125,19.25080556,297,308,27.5974,0.3247,0,56.1688,173,308,38.961,120,308,42.5325,131,308,19.4381,260,49.6753,153,308,1.3799,99.6753,307,308
09DPR1704K,LIC. JOAQUIN BARANDA,MATUTINO,2024-2025 | 2025-2026,09DPR1704K,LIC. JOAQUIN BARANDA,Primaria,MIGUEL HIDALGO,-99.18857778,19.45837778,125,129,27.5969,0.7752,0,37.2093,48,129,58.9147,76,129,41.0853,53,129,19.4228,101,51.938,67,129,1.3798,99.2248,128,129
09DPR1354W,HEROE ANTONIO REYES,MATUTINO,2024-2025 | 2025-2026,09DPR1354W,HEROE ANTONIO REYES,Primaria,GUSTAVO A. MADERO,-99.08041111,19.477775,293,356,27.5843,20.2247,0,27.2472,97,356,58.7079,209,356,31.7416,113,356,18.5795,219,43.5393,155,356,1.3792,79.7753,284,356
09DPR0048H,MAESTRO RICARDO SALGADO CORRAL,MATUTINO,2025-2026,09DPR0048H,MAESTRO RICARDO SALGADO CORRAL,Primaria,COYOACÁN,-99.10115556,19.31336389,465,430,27.5814,0,0,57.4419,247,430,33.7209,145,430,46.7442,201,430,19.0294,402,46.2791,199,430,1.3791,100,430,430
09DPR2313C,ARTEMIO DE VALLE ARIZPE,MATUTINO,2024-2025 | 2025-2026,09DJN0363G,ARTEMIO DE VALLE ARIZPE,Preescolar,IZTAPALAPA,-99.01178056,19.36178056,261,219,27.5799,0,0,44.7489,98,219,50.6849,111,219,42.4658,93,219,19.4886,175,48.4018,106,219,1.379,100,219,219
09DPR2755Y,EJERCITO CONSTITUCIONALISTA,MATUTINO,2024-2025 | 2025-2026,09DPR2755Y,EJERCITO CONSTITUCIONALISTA,Primaria,IZTAPALAPA,-99.05250556,19.38260556,496,396,27.5758,0.5051,0,42.4242,168,396,49.4949,196,396,45.4545,180,396,19.0675,388,45.202,179,396,1.3788,99.4949,394,396
09DPR2052H,RICARDO FLORES MAGÓN,VESPERTINO,2024-2025 | 2025-2026,09DPR0865Q,RICARDO FLORES MAGON,Primaria,TLÁHUAC,-99.03564444,19.29611111,489,332,27.5301,3.3133,0,65.6627,218,332,24.6988,82,332,43.9759,146,332,18.9922,321,43.3735,144,332,1.3765,96.6867,321,332
09DPR1708G,ICHCATEOPAN,MATUTINO,2025-2026,09DPR1708G,ICHCATEOPAN,Primaria,MIGUEL HIDALGO,-99.18514167,19.45935833,206,170,27.5294,0,0,47.6471,81,170,57.6471,98,170,32.3529,55,170,18.7734,128,52.9412,90,170,1.3765,100,170,170
09DPR1726W,DAVID G. BERLANGA,MATUTINO,2024-2025 | 2025-2026,09DPR1726W,DAVID G. BERLANGA,Primaria,MIGUEL HIDALGO,-99.16960278,19.43859722,376,288,27.5,0.6944,0,36.4583,105,288,57.9861,167,288,42.3611,122,288,19.6037,246,50,144,288,1.375,99.3056,286,288
09DPR2936H,FABIAN GARCÍA RAMÍREZ,VESPERTINO,2024-2025 | 2025-2026,09DPR2936H,FABIAN GARCÍA RAMÍREZ,Primaria,IZTAPALAPA,-98.98687778,19.34020833,146,96,27.5,0,0,51.0417,49,96,51.0417,49,96,35.4167,34,96,18.6165,79,44.7917,43,96,1.375,100,96,96
09DPR0001N,ANICETO CASTELLANOS URRUTIA,MATUTINO,2024-2025 | 2025-2026,09DPR0001N,ANICETO CASTELLANOS URRUTIA,Primaria,TLÁHUAC,-99.04064444,19.28731389,566,393,27.4809,17.0483,0,52.1628,205,393,27.2265,107,393,40.9669,161,393,18.9414,326,39.9491,157,393,1.374,82.9517,326,393
09DPR5030Q,JUAN RULFO,VESPERTINO,2024-2025 | 2025-2026,09DPR5073O,JUAN RULFO,Primaria,IZTAPALAPA,-99.03578333,19.36853333,189,206,27.4757,18.932,0,42.233,87,206,51.4563,106,206,24.7573,51,206,18.1955,132,47.0874,97,206,1.3738,81.068,167,206
09DPR3047C,INGENIERO JUAN DE DIOS BATIZ,VESPERTINO,2024-2025 | 2025-2026,09DPR3051P,INGENIERO JUAN DE DIOS BATIZ,Primaria,GUSTAVO A. MADERO,-99.14551389,19.52480556,82,75,27.4667,24,0,28,21,75,57.3333,43,75,28,21,75,18.6216,51,40,30,75,1.3733,76,57,75
09DPR0052U,ROSA VILLANUEVA RAMOS,MATUTINO,2024-2025,09DPR0052U,ROSA VILLANUEVA RAMOS,Primaria,MILPA ALTA,-98.99201111,19.21435,601,588,27.449,31.1224,0,44.0476,259,588,31.1224,183,588,30.9524,182,588,18.8277,405,36.5646,215,588,1.3724,68.8776,405,588
09DPR2268G,MANUEL C. TELLO,VESPERTINO,2024-2025 | 2025-2026,09DPR2267H,MANUEL C. TELLO,Primaria,IZTAPALAPA,-99.02779444,19.38387778,217,175,27.4286,0,0,47.4286,83,175,53.1429,93,175,36.5714,64,175,19.2993,139,50.8571,89,175,1.3714,100,175,175
09DPR1276I,JORGE ALACIO PÉREZ,MATUTINO,2025-2026,09DPR1276I,JORGE ALACIO PÉREZ,Primaria,IZTAPALAPA,-99.13278611,19.37157778,201,89,27.4157,0,0,53.9326,48,89,35.9551,32,89,47.191,42,89,19.0727,88,38.2022,34,89,1.3708,100,89,89
09DPR3149Z,MEXICANAS ILUSTRES,MATUTINO,2024-2025 | 2025-2026,09DPR3149Z,MEXICANAS ILUSTRES,Primaria,IZTACALCO,-99.12501389,19.39504722,137,189,27.4074,59.2593,0,32.2751,61,189,26.9841,51,189,18.5185,35,189,19.2776,76,29.6296,56,189,1.3704,40.7407,77,189
09DPR4504G,NORMALISMO MEXICANO,MATUTINO,2024-2025 | 2025-2026,09DPR4504G,NORMALISMO MEXICANO,Primaria,IZTAPALAPA,-98.966461,19.330908,196,181,27.4033,0.5525,0,60.7735,110,181,53.0387,96,181,22.6519,41,181,17.6493,136,52.4862,95,181,1.3702,99.4475,180,181
09DPR2115C,CLUB DE LEONES DE LA VILLA NUM. 4,MATUTINO,2024-2025 | 2025-2026,09DPR2115C,CLUB DE LEONES DE LA VILLA NUM. 4,Primaria,GUSTAVO A. MADERO,-99.09977778,19.50142222,146,165,27.3939,29.697,0,44.2424,73,165,43.6364,72,165,19.3939,32,165,18.5857,84,43.0303,71,165,1.3697,70.303,116,165
09DPR2340Z,BATALLON DE SAN BLAS,MATUTINO,2024-2025 | 2025-2026,09DJN0377J,BATALLON DE SAN BLAS,Preescolar,CUAUHTÉMOC,-99.13881667,19.45269444,210,211,27.3934,18.0095,0,52.1327,110,211,25.1185,53,211,41.7062,88,211,19.8965,170,39.3365,83,211,1.3697,81.9905,173,211
09DPR1955P,PEDAGOGÍA,MATUTINO,2024-2025 | 2025-2026,09DPR1955P,PEDAGOGÍA,Primaria,COYOACÁN,-99.13337222,19.3362,265,203,27.3892,0,0,54.1872,110,203,31.0345,63,203,51.7241,105,203,19.5742,190,45.3202,92,203,1.3695,100,203,203
09DPR2733M,CORONEL SILVESTRE LÓPEZ,MATUTINO,2024-2025 | 2025-2026,09DPR2733M,CORONEL SILVESTRE LÓPEZ,Primaria,GUSTAVO A. MADERO,-99.06315556,19.45090556,414,407,27.371,21.8673,0,35.3808,144,407,51.3514,209,407,28.2555,115,407,19.4255,239,44.226,180,407,1.3686,78.1327,318,407
09DPR3217G,HEROES DE LA INDEPENDENCIA,VESPERTINO,2024-2025 | 2025-2026,09DPR2072V,HÉROES DE LA INDEPENDENCIA,Primaria,XOCHIMILCO,-99.13815278,19.27629722,96,95,27.3684,10.5263,0,48.4211,46,95,37.8947,36,95,40,38,95,18.9424,85,41.0526,39,95,1.3684,89.4737,85,95
09DPR0918E,REPÚBLICA DE RUANDA,MATUTINO,2025-2026,09DPR2264K,REPÚBLICA DE RUANDA,Primaria,IZTACALCO,-99.09526111,19.39041389,138,106,27.3585,0,0,65.0943,69,106,35.8491,38,106,35.8491,38,106,19.4167,78,55.6604,59,106,1.3679,100,106,106
09DPR4505F,REPÚBLICA DEMOCRATICA ALEMANA,MATUTINO,2024-2025,09DES0183F,REPÚBLICA DEMOCRÁTICA ALEMANA,Secundaria,AZCAPOTZALCO,-99.15037778,19.47941389,215,212,27.3585,29.717,0,40.0943,85,212,37.2642,79,212,29.717,63,212,19.3081,149,35.8491,76,212,1.3679,70.283,149,212
09DPR2305U,REPÚBLICA DE JAMAICA,VESPERTINO,2025-2026,09DPR2293F,REPÚBLICA DE JAMAICA,Primaria,ÁLVARO OBREGÓN,-99.24018611,19.37920833,112,87,27.3563,2.2989,0,56.3218,49,87,41.3793,36,87,36.7816,32,87,18.9388,67,45.977,40,87,1.3678,97.7011,85,87
09DPR2417Y,DR. HECTOR PÉREZ MARTÍNEZ,MATUTINO,2024-2025 | 2025-2026,09DPR2417Y,DR. HECTOR PÉREZ MARTÍNEZ,Primaria,CUAUHTÉMOC,-99.15147778,19.45914722,134,134,27.3134,8.9552,0,39.5522,53,134,49.2537,66,134,38.806,52,134,19.4949,99,46.2687,62,134,1.3657,91.0448,122,134
09DPR2541X,CAPITAN EMILIO CARRANZA,MATUTINO,2024-2025 | 2025-2026,09DPR2541X,CAPITAN EMILIO CARRANZA,Primaria,CUAUHTÉMOC,-99.159825,19.41955556,184,145,27.3103,0.6897,0,29.6552,43,145,77.931,113,145,28.2759,41,145,18.065,123,45.5172,66,145,1.3655,99.3103,144,145
09DPR1510X,RICARDO REYES,MATUTINO,2024-2025 | 2025-2026,09DPR1510X,RICARDO REYES,Primaria,GUSTAVO A. MADERO,-99.10496111,19.46658333,227,285,27.2982,18.9474,0,36.8421,105,285,50.1754,143,285,30.5263,87,285,18.7465,187,43.1579,123,285,1.3649,81.0526,231,285
09DPR1053Z,NORUEGA,MATUTINO,2025-2026,09DPR1053Z,NORUEGA,Primaria,VENUSTIANO CARRANZA,-99.10717778,19.42396389,139,107,27.2897,0,0,37.3832,40,107,56.0748,60,107,42.9907,46,107,19.4489,92,43.9252,47,107,1.3645,100,107,107
09DPR1475H,SIXTO NIETO ROJAS,VESPERTINO,2024-2025 | 2025-2026,09DBN0111U,SIXTO NIETO ROJAS,Primaria,GUSTAVO A. MADERO,-99.10419722,19.45711667,134,129,27.2868,18.6047,0,37.9845,49,129,53.4884,69,129,26.3566,34,129,19.0318,85,43.4109,56,129,1.3643,81.3953,105,129
09DPR2046X,ROBERTO MEDELLIN,MATUTINO,2024-2025,09DPR2475O,ROBERTO MEDELLIN,Primaria,TLÁHUAC,-98.97298056,19.21702222,484,467,27.2805,49.2505,0,31.4775,147,467,31.0493,145,467,24.6253,115,467,19.0828,238,31.2634,146,467,1.364,50.7495,237,467
09DPR2953Y,PROFR. NARCISO RAMOS GALICIA,MATUTINO,2024-2025,09DPR2953Y,PROFR. NARCISO RAMOS GALICIA,Primaria,TLÁHUAC,-99.004025,19.27011667,595,517,27.2727,10.058,0,52.2244,270,517,28.0464,145,517,46.0348,238,517,19.6146,465,40.8124,211,517,1.3636,89.942,465,517
09DPR1538C,PROFR. RAFAEL MOLINA BETANCOURT,MATUTINO,2024-2025 | 2025-2026,09DPR1538C,PROFR. RAFAEL MOLINA BETANCOURT,Primaria,GUSTAVO A. MADERO,-99.13642222,19.51534444,394,506,27.2727,24.1107,0,35.3755,179,506,50.9881,258,506,25.8893,131,506,18.6529,289,41.8972,212,506,1.3636,75.8893,384,506
09DIX0030J,ESCUELA DE PARTICIPACIÓN SOCIAL NUMERO 1,MATUTINO,2024-2025 | 2025-2026,09DIX0030J,ESCUELA DE PARTICIPACIÓN SOCIAL NUMERO 1,Primaria,CUAUHTÉMOC,-99.148875,19.42040833,177,182,27.2527,1.0989,0,45.0549,82,182,58.2418,106,182,31.8681,58,182,18.6571,140,47.2527,86,182,1.3626,98.9011,180,182
09DPR0966O,GRAL. FELIPE BERRIOZABAL,VESPERTINO,2024-2025 | 2025-2026,09DPR0914I,GRAL. FELIPE BERRIOZABAL,Primaria,GUSTAVO A. MADERO,-99.12901667,19.55631944,300,298,27.2483,20.1342,0,38.9262,116,298,52.6846,157,298,24.4966,73,298,18.8372,183,42.2819,126,298,1.3624,79.8658,238,298
09DPR1950U,REPÚBLICA DE FINLANDIA,MATUTINO,2024-2025 | 2025-2026,09DPR1950U,REPÚBLICA DE FINLANDIA,Primaria,COYOACÁN,-99.13308333,19.34961667,363,356,27.2472,8.9888,0,42.1348,150,356,38.764,138,356,46.3483,165,356,19.4724,322,42.9775,153,356,1.3624,91.0112,324,356
09DPR1781P,XOCHIQUETZAL,MATUTINO,2024-2025 | 2025-2026,09DPR1781P,XOCHIQUETZAL,Primaria,CUAJIMALPA DE MORELOS,-99.29086111,19.36985,380,748,27.246,12.2995,0,43.984,329,748,50.8021,380,748,29.1444,218,748,18.6011,571,44.385,332,748,1.3623,87.7005,656,748
09DPR1947G,PROFR. CANDIDO JARAMILLO GONZÁLEZ,MATUTINO,2024-2025 | 2025-2026,09DPR1947G,PROFR. CANDIDO JARAMILLO GONZÁLEZ,Primaria,COYOACÁN,-99.12357778,19.33751944,351,348,27.2414,20.4023,0,50,174,348,22.9885,80,348,42.8161,149,348,19.2884,276,36.2069,126,348,1.3621,79.5977,277,348
09DPR3211M,MAESTRO FELIX JIMENEZ NAJERA,VESPERTINO,2024-2025 | 2025-2026,09DPR2021O,MAESTRO FELIX JIMÉNEZ NÁJERA,Primaria,TLÁHUAC,-98.99476667,19.24811111,261,61,27.2131,21.3115,0,40.9836,25,61,34.4262,21,61,39.3443,24,61,19.334,50,37.7049,23,61,1.3607,78.6885,48,61
09DPR1888H,ALFREDO E. URUCHURTU,MATUTINO,2024-2025 | 2025-2026,09DPR2479K,ALFREDO E. URUCHURTU,Primaria,CUAUHTÉMOC,-99.12513333,19.43825556,663,641,27.2075,7.3323,0,66.6147,427,641,22.3089,143,641,39.7816,255,641,18.4591,594,41.8097,268,641,1.3604,92.6677,594,641
09DPR2277O,COCONENCALLI,VESPERTINO,2024-2025 | 2025-2026,09DPR2276P,COCONENCALLI,Primaria,VENUSTIANO CARRANZA,-99.05716111,19.42895556,142,100,27.2,0,0,57,57,100,51,51,100,28,28,100,18.1459,74,49,49,100,1.36,100,100,100
09DPR0045K,PROFR. JOSÉ S. BENITEZ,MATUTINO,2024-2025 | 2025-2026,09DPR0045K,PROFR. JOSÉ S. BENITEZ,Primaria,TLALPAN,-99.20230556,19.28225,594,345,27.1884,0.5797,0,62.029,214,345,30.1449,104,345,43.1884,149,345,18.4848,342,42.6087,147,345,1.3594,99.4203,343,345
09DPR2049U,AURELIO MANRIQUE,MATUTINO,2024-2025 | 2025-2026,09DPR2049U,AURELIO MANRIQUE,Primaria,IZTACALCO,-99.12333889,19.40386667,298,295,27.1864,0,0,46.7797,138,295,53.2203,157,295,35.9322,106,295,18.9393,244,47.7966,141,295,1.3593,100,295,295
09DPR3046D,FRANCISCO GOITIA,MATUTINO,2024-2025 | 2025-2026,09DPR3044F,FRANCISCO GOITIA,Primaria,GUSTAVO A. MADERO,-99.15157778,19.52920556,279,343,27.172,22.1574,0,31.7784,109,343,57.4344,197,343,24.4898,84,343,18.8981,213,43.1487,148,343,1.3586,77.8426,267,343
09DPR0125W,PROFR. VICENTE V. YBARRA,MATUTINO,2024-2025 | 2025-2026,09DBA0216K,PROFR. VICENTE V YBARRA,Adultos - Primaria,XOCHIMILCO,-99.10176111,19.25481667,444,438,27.1689,29.9087,0,48.8584,214,438,23.516,103,438,33.5616,147,438,19.3518,307,34.0183,149,438,1.3584,70.0913,307,438
09DPR1891V,ALFREDO E. URUCHURTU,VESPERTINO,2024-2025 | 2025-2026,09DPR2479K,ALFREDO E. URUCHURTU,Primaria,CUAUHTÉMOC,-99.12513333,19.43825556,376,355,27.1549,22.2535,0,35.493,126,355,50.7042,180,355,27.3239,97,355,17.2902,275,39.7183,141,355,1.3577,77.7465,276,355
09DPR4515M,NIÑOS HEROES,MATUTINO,2024-2025 | 2025-2026,09PJN3382U,NIÑOS HEROES,Preescolar,IZTAPALAPA,-99.008727,19.338357,204,221,27.1493,9.0498,0,42.9864,95,221,50.2262,111,221,33.4842,74,221,18.5643,185,41.1765,91,221,1.3575,90.9502,201,221
09DPR1818M,JUSTO SIERRA,MATUTINO,2025-2026,09DES0296I,JUSTO SIERRA,Secundaria,IZTAPALAPA,-99.01963056,19.37964722,230,213,27.1362,0,0,42.2535,90,213,60.5634,129,213,32.8638,70,213,19.497,169,49.2958,105,213,1.3568,100,213,213
09DPR2703S,DIEGO RIVERA BARRIENTOS,MATUTINO,2024-2025 | 2025-2026,09DPR2703S,DIEGO RIVERA BARRIENTOS,Primaria,GUSTAVO A. MADERO,-99.06521667,19.45416389,471,873,27.1249,15.4639,0,31.2715,273,873,58.5338,511,873,30.3551,265,873,18.4402,599,41.6953,364,873,1.3562,84.5361,738,873
09DPR1366A,MAESTRO MANUEL BORJA SORIANO,MATUTINO,2024-2025 | 2025-2026,09DPR1366A,MAESTRO MANUEL BORJA SORIANO,Primaria,GUSTAVO A. MADERO,-99.13853333,19.49289167,450,438,27.1233,27.3973,0,31.2785,137,438,45.2055,198,438,31.7352,139,438,18.3246,317,36.9863,162,438,1.3562,72.6027,318,438
09DPR1667X,MAESTRO JOSÉ VASCONCELOS,MATUTINO,2024-2025 | 2025-2026,09DPR1667X,MAESTRO JOSÉ VASCONCELOS,Primaria,AZCAPOTZALCO,-99.163475,19.46186389,217,219,27.1233,12.3288,0,47.4886,104,219,41.0959,90,219,34.7032,76,219,18.7682,173,42.0091,92,219,1.3562,87.6712,192,219
09DPR2453C,GUELATAO DE JUÁREZ,MATUTINO,2024-2025 | 2025-2026,09DPR2453C,GUELATAO DE JUÁREZ,Primaria,CUAUHTÉMOC,-99.13561111,19.41990833,315,250,27.12,0.4,0,35.6,89,250,63.6,159,250,36,90,250,18.7542,216,48.8,122,250,1.356,99.6,249,250
09DPR2299Z,PROFR ADOLFO VELASQUEZ VILCHES,MATUTINO,2024-2025 | 2025-2026,09DPR2299Z,PROFR ADOLFO VELASQUEZ VILCHES,Primaria,ÁLVARO OBREGÓN,-99.20849722,19.3914,120,104,27.1154,0,0,57.6923,60,104,35.5769,37,104,42.3077,44,104,19.2528,89,49.0385,51,104,1.3558,100,104,104
09DPR1393Y,MAESTRO CARLOS GONZÁLEZ PEÑA,VESPERTINO,2024-2025 | 2025-2026,09DBN0030J,MAESTRO CARLOS GONZÁLEZ PEÑA,Primaria,GUSTAVO A. MADERO,-99.11182222,19.46091111,81,90,27.1111,14.4444,0,50,45,90,43.3333,39,90,27.7778,25,90,17.6045,66,43.3333,39,90,1.3556,85.5556,77,90
09DPR5125D,DR. EDUARDO LICEAGA,MATUTINO,2024-2025,09DPR5125D,DR. EDUARDO LICEAGA,Primaria,LA MAGDALENA CONTRERAS,-99.27000556,19.3029,308,290,27.1034,7.931,0,65.8621,191,290,23.7931,69,290,37.931,110,290,18.5052,267,39.3103,114,290,1.3552,92.069,267,290
09DPR2830O,PROFR. ELISEO BANDALA FERNANDEZ,VESPERTINO,2024-2025 | 2025-2026,09DPR3091Q,PROFR. ELISEO BANDALA FERNANDEZ,Primaria,TLALPAN,-99.23694167,19.29198889,130,107,27.1028,0,0,49.5327,53,107,48.5981,52,107,37.3832,40,107,18.7356,90,47.6636,51,107,1.3551,100,107,107
09DPR3035Y,ALFONSO CASO ANDRADE,MATUTINO,2024-2025 | 2025-2026,09DES0324O,ALFONSO CASO ANDRADE,Secundaria,TLÁHUAC,-99.039875,19.28228611,148,127,27.0866,2.3622,0,32.2835,41,127,48.0315,61,127,52.7559,67,127,19.8243,107,43.3071,55,127,1.3543,97.6378,124,127
09DPR2734L,DAVID ALFARO SIQUEIROS,MATUTINO,2024-2025 | 2025-2026,09DPR2734L,DAVID ALFARO SIQUEIROS,Primaria,IZTACALCO,-99.10483889,19.38313333,370,271,27.0849,0.738,0,46.4945,126,271,56.0886,152,271,32.1033,87,271,19.4674,187,49.8155,135,271,1.3542,99.262,269,271
09DPR5054Z,LINAJE AZTECA,MATUTINO,2024-2025,09DPR5054Z,LINAJE AZTECA,Primaria,TLÁHUAC,-99.05528333,19.28293056,467,435,27.0805,19.5402,0,42.069,183,435,39.0805,170,435,34.7126,151,435,18.9143,350,37.0115,161,435,1.354,80.4598,350,435
09DPR2163M,PROFR. FRANCISCO NAVA BAÑUELOS,MATUTINO,2024-2025 | 2025-2026,09DPR2163M,PROFR. FRANCISCO NAVA BAÑUELOS,Primaria,GUSTAVO A. MADERO,-99.15078333,19.49596944,266,274,27.0803,24.0876,0,27.3723,75,274,48.1752,132,274,35.7664,98,274,18.8006,178,41.2409,113,274,1.354,75.9124,208,274
09DPR5080Y,PROFR. VICENTE V. YBARRA,VESPERTINO,2024-2025,09DBA0216K,PROFR. VICENTE V YBARRA,Adultos - Primaria,XOCHIMILCO,-99.10176111,19.25481667,230,195,27.0769,25.1282,0,52.8205,103,195,23.0769,45,195,34.359,67,195,18.8205,146,35.3846,69,195,1.3538,74.8718,146,195
09DPR1886J,BATALLON DE SAN PATRICIO,VESPERTINO,2024-2025 | 2025-2026,09DPR1886J,BATALLON DE SAN PATRICIO,Primaria,ÁLVARO OBREGÓN,-99.21332222,19.34417778,138,116,27.069,0,0,61.2069,71,116,35.3448,41,116,38.7931,45,116,18.6606,94,45.6897,53,116,1.3534,100,116,116
09DPR1550Y,PROFR. MELITON GUZMÁN ROMERO,VESPERTINO,2024-2025 | 2025-2026,09DPR1553V,PROFR. MELITON GUZMÁN ROMERO,Primaria,GUSTAVO A. MADERO,-99.11616111,19.47216111,101,85,27.0588,25.8824,0,40,34,85,45.8824,39,85,23.5294,20,85,18.9581,43,47.0588,40,85,1.3529,74.1176,63,85
09DPR2924C,PROFR. OTILIO MONTAÑO,VESPERTINO,2024-2025,09DPR2924C,PROFR. OTILIO MONTAÑO,Primaria,TLÁHUAC,-99.00004444,19.27851389,338,281,27.0463,23.8434,0,35.5872,100,281,43.7722,123,281,32.0285,90,281,19.3467,214,37.7224,106,281,1.3523,76.1566,214,281
09DPR5155Y,PROFR TOMAS FREGOSO,VESPERTINO,2024-2025,09DPR3234X,PROFR. TOMAS FREGOSO,Primaria,TLÁHUAC,-98.95191111,19.22569722,241,162,27.037,15.4321,0,62.963,102,162,17.284,28,162,39.5062,64,162,19.0365,137,35.1852,57,162,1.3519,84.5679,137,162
09DPR2461L,RUMANIA,MATUTINO,2024-2025 | 2025-2026,09DPR2461L,RUMANIA,Primaria,COYOACÁN,-99.177975,19.30626111,422,382,27.0157,2.0942,0,36.911,141,382,56.0209,214,382,40.0524,153,382,18.644,341,45.5497,174,382,1.3508,97.9058,374,382
09DPR0910M,REPÚBLICA DE DAHOMEY,MATUTINO,2025-2026,09DPR0910M,REPÚBLICA DE DAHOMEY,Primaria,IZTACALCO,-99.10626667,19.39262778,342,343,26.9971,1.1662,0,37.3178,128,343,64.723,222,343,31.7784,109,343,19.068,244,50.7289,174,343,1.3499,98.8338,339,343
09DPR2883T,ERMILO ABREU GOMEZ,VESPERTINO,2024-2025 | 2025-2026,09DES0143E,ERMILO ABREU GÓMEZ,Secundaria,AZCAPOTZALCO,-99.20785833,19.48997778,91,123,26.9919,18.6992,0,37.3984,46,123,52.8455,65,123,26.0163,32,123,17.8769,78,41.4634,51,123,1.3496,81.3008,100,123
09DPR2846P,TLAHUAC,MATUTINO,2024-2025,09DPR2745R,TLAHUAC,Primaria,TLÁHUAC,-99.06228333,19.29597778,546,524,26.9847,11.4504,0,54.0076,283,524,33.7786,177,524,35.687,187,524,17.5668,464,41.2214,216,524,1.3492,88.5496,464,524
09DPR2983S,ACATONALLI,MATUTINO,2024-2025,09DPR2983S,ACATONALLI,Primaria,XOCHIMILCO,-99.01074444,19.24671389,545,399,26.9674,29.0727,0,49.3734,197,399,26.0652,104,399,30.3258,121,399,18.4042,284,36.0902,144,399,1.3484,70.9273,283,399
09DPR2037P,VICENTE RIVA PALACIO,VESPERTINO,2024-2025 | 2025-2026,09DJN0267D,VICENTE RIVA PALACIO,Preescolar,GUSTAVO A. MADERO,-99.077325,19.49261111,283,244,26.9672,11.8852,0,58.6066,143,244,31.1475,76,244,33.1967,81,244,18.4335,215,39.3443,96,244,1.3484,88.1148,215,244
09DPR2246V,REPÚBLICA DE TANZANIA,VESPERTINO,2025-2026,09DPR2246V,REPÚBLICA DE TANZANIA,Primaria,IZTACALCO,-99.12553056,19.37892222,94,92,26.9565,1.087,0,44.5652,41,92,65.2174,60,92,23.913,22,92,17.738,71,47.8261,44,92,1.3478,98.913,91,92
09DPR2048V,REY TIZOC,VESPERTINO,2024-2025,09DPR2048V,REY TIZOC,Primaria,XOCHIMILCO,-99.11665278,19.26426667,160,121,26.9421,12.3967,0,49.5868,60,121,34.7107,42,121,38.0165,46,121,24.0745,106,42.1488,51,121,1.3471,87.6033,106,121
09DPR3089B,TLAMACHTILCALLI,VESPERTINO,2024-2025 | 2025-2026,09DPR3089B,TLAMACHTILCALLI,Primaria,COYOACÁN,-99.15995,19.31984444,118,75,26.9333,24,0,52,39,75,20,15,75,38.6667,29,75,19.8228,57,33.3333,25,75,1.3467,76,57,75
09DPR5146Q,SOR JUANA INES DE LA CRUZ,MATUTINO,2024-2025 | 2025-2026,09PES0606A,SOR JUANA INES DE LA CRUZ,Secundaria,IZTAPALAPA,-99.003016,19.359857,544,563,26.9272,24.1563,0,28.0639,158,563,43.8721,247,563,38.5435,217,563,19.1972,422,36.9449,208,563,1.3464,75.8437,427,563
09DPR2177P,MAESTRO MANUEL BONETA MÉNDEZ,MATUTINO,2024-2025 | 2025-2026,09DPR2177P,MAESTRO MANUEL BONETA MÉNDEZ,Primaria,GUSTAVO A. MADERO,-99.07103889,19.48449444,319,367,26.921,22.3433,0,33.7875,124,367,51.4986,189,367,26.9755,99,367,19.4428,222,41.6894,153,367,1.346,77.6567,285,367
09DPR0904B,EMILIO BRAVO,MATUTINO,2024-2025 | 2025-2026,09DPR0904B,EMILIO BRAVO,Primaria,GUSTAVO A. MADERO,-99.14065833,19.540775,568,656,26.9207,16.9207,0,31.7073,208,656,54.5732,358,656,31.4024,206,656,19.1244,439,43.5976,286,656,1.346,83.0793,545,656
09DPR1431K,JOSÉ VICENTE VILLADA,MATUTINO,2024-2025 | 2025-2026,09DPR1431K,JOSÉ VICENTE VILLADA,Primaria,GUSTAVO A. MADERO,-99.06984167,19.45299444,251,276,26.8841,22.8261,0,36.9565,102,276,50,138,276,24.6377,68,276,18.4466,163,43.1159,119,276,1.3442,77.1739,213,276
09DPR2047W,REPÚBLICA DE LA INDIA,MATUTINO,2024-2025,09DPR5113Z,REPÚBLICA DE LA INDIA,Primaria,XOCHIMILCO,-99.12222222,19.19843889,392,369,26.8835,37.9404,0,28.7263,106,369,40.6504,150,369,27.1003,100,369,18.4217,230,33.6043,124,369,1.3442,62.0596,229,369
09DPR2745R,TLAHUAC,VESPERTINO,2024-2025,09DPR2745R,TLAHUAC,Primaria,TLÁHUAC,-99.06228333,19.29597778,214,157,26.879,24.2038,0,57.3248,90,157,27.3885,43,157,25.4777,40,157,18.1958,119,36.9427,58,157,1.3439,75.7962,119,157
09DPR2529B,ALBERTO CORREA,MATUTINO,2024-2025 | 2025-2026,09DPR2529B,ALBERTO CORREA,Primaria,CUAUHTÉMOC,-99.165275,19.41888333,350,341,26.8622,0.8798,0,36.9501,126,341,66.8622,228,341,29.6188,101,341,18.4215,261,47.2141,161,341,1.3431,99.1202,338,341
09DPR1115W,PEDRO MARIA ANAYA,MATUTINO,2025-2026,09DPR1115W,PEDRO MARIA ANAYA,Primaria,BENITO JUÁREZ,-99.14209167,19.37470556,132,105,26.8571,3.8095,0,44.7619,47,105,46.6667,49,105,39.0476,41,105,20.0888,89,43.8095,46,105,1.3429,96.1905,101,105
09DPR5068C,XIUHZITZQUILI,VESPERTINO,2024-2025 | 2025-2026,09DPR5068C,XIUHZITZQUILI,Primaria,IZTAPALAPA,-98.970025,19.32857778,437,152,26.8421,0,0,72.3684,110,152,20.3947,31,152,41.4474,63,152,19.1158,152,40.7895,62,152,1.3421,100,152,152
09DPR0018N,JULIO DE LA FUENTE,MATUTINO,2024-2025 | 2025-2026,09DPR4519I,JULIO DE LA FUENTE,Primaria,TLÁHUAC,-99.06098889,19.28720833,432,422,26.8246,29.3839,0,37.2038,157,422,32.2275,136,422,35.3081,149,422,19.8161,298,34.5972,146,422,1.3412,70.6161,298,422
09DPR2545T,JUAN BADIANO,MATUTINO,2024-2025,09DPR2545T,JUAN BADIANO,Primaria,XOCHIMILCO,-99.13045,19.26141667,309,273,26.8132,15.3846,0,5.1282,14,273,69.9634,191,273,43.5897,119,273,18.9688,231,38.8278,106,273,1.3407,84.6154,231,273
09DPR1063G,PRESIDENTE MIGUEL ALEMAN,MATUTINO,2024-2025 | 2025-2026,09DPR1063G,PRESIDENTE MIGUEL ALEMAN,Primaria,VENUSTIANO CARRANZA,-99.07162778,19.42785,374,367,26.812,0.2725,0,32.4251,119,367,64.0327,235,367,37.3297,137,367,18.8941,303,43.0518,158,367,1.3406,99.7275,366,367
09DPR1998N,QUILAZTLI,VESPERTINO,2024-2025,09DPR2041B,QUILAZTLI,Primaria,XOCHIMILCO,-99.10559444,19.25668333,236,209,26.7943,27.2727,0,29.6651,62,209,40.6699,85,209,36.3636,76,209,18.4125,152,38.2775,80,209,1.3397,72.7273,152,209
09DPR1855Q,ROMÁN SALDAÑA OROPESA,MATUTINO,2024-2025 | 2025-2026,09DPR1855Q,ROMÁN SALDAÑA OROPESA,Primaria,ÁLVARO OBREGÓN,-99.20117778,19.37064722,293,204,26.7647,0,0,37.7451,77,204,50.9804,104,204,45.098,92,204,18.7455,189,43.6275,89,204,1.3382,100,204,204
09DPR5138H,LIC. MIGUEL ALEMAN,VESPERTINO,2024-2025,09DPR2062O,LIC. MIGUEL ALEMAN,Primaria,MILPA ALTA,-99.09549167,19.19437222,287,281,26.7616,54.4484,0,23.8434,67,281,36.6548,103,281,18.8612,53,281,18.2844,128,28.8256,81,281,1.3381,45.5516,128,281
09DPR1255W,LIC. LUIS CABRERA,MATUTINO,2024-2025 | 2025-2026,09DPR1255W,LIC. LUIS CABRERA,Primaria,BENITO JUÁREZ,-99.15873333,19.36956944,398,370,26.7568,0.5405,0,35.1351,130,370,53.2432,197,370,44.8649,166,370,19.2604,323,44.5946,165,370,1.3378,99.4595,368,370
09DPR2300Z,PROFR. MANUEL QUIROZ MARTÍNEZ,MATUTINO,2024-2025 | 2025-2026,09DPR2300Z,PROFR. MANUEL QUIROZ MARTÍNEZ,Primaria,ÁLVARO OBREGÓN,-99.2017,19.38585278,458,376,26.7553,1.0638,0,49.2021,185,376,39.0957,147,376,44.4149,167,376,19.5955,336,43.3511,163,376,1.3378,98.9362,372,376
09DPR2966B,QUETZALCOATL,MATUTINO,2024-2025,09DPR5119T,QUETZALCOATL,Primaria,CUAJIMALPA DE MORELOS,-99.30938056,19.3535,541,542,26.7528,30.8118,0,36.9004,200,542,29.8893,162,542,36.1624,196,542,19.9264,382,35.4244,192,542,1.3376,69.1882,375,542
09DPR1899N,MAESTRO ENRIQUE COCA PÉREZ,MATUTINO,2024-2025 | 2025-2026,09DPR1899N,MAESTRO ENRIQUE COCA PÉREZ,Primaria,ÁLVARO OBREGÓN,-99.20752222,19.34169722,226,199,26.7337,0.5025,0,60.804,121,199,29.6482,59,199,42.7136,85,199,18.5348,181,42.7136,85,199,1.3367,99.4975,198,199
09DPR2862G,ENRIQUE LAUBSCHER,VESPERTINO,2024-2025 | 2025-2026,09DJN0279I,ENRIQUE LAUBSCHER,Preescolar,AZCAPOTZALCO,-99.17354722,19.46356111,315,211,26.7299,2.3697,0,54.9763,116,211,40.2844,85,211,36.019,76,211,19.0526,171,45.9716,97,211,1.3365,97.6303,206,211
09DPR1823Y,JOSÉ OJEDA GARDUÑO,MATUTINO,2024-2025 | 2025-2026,09DPR1824X,JOSÉ OJEDA GARDUÑO,Primaria,ÁLVARO OBREGÓN,-99.21433889,19.38768056,339,313,26.7093,7.9872,0,52.0767,163,313,35.4633,111,313,38.0192,119,313,18.8132,265,42.492,133,313,1.3355,92.0128,288,313
09DPR1980O,PROFR. CANDELARIO MEJIA Y CERVANTES,MATUTINO,2025-2026,09DPR1980O,PROFR. CANDELARIO MEJIA Y CERVANTES,Primaria,COYOACÁN,-99.15324167,19.33717222,468,361,26.7036,6.6482,0,59.5568,215,361,23.8227,86,361,43.4903,157,361,18.969,335,39.6122,143,361,1.3352,93.3518,337,361
09DPR1903J,CENOBIA GARCÍA NAVA,MATUTINO,2024-2025 | 2025-2026,09DPR5135K,CENOBIA GARCÍA NAVA,Primaria,ÁLVARO OBREGÓN,-99.28146667,19.32846111,613,609,26.6995,0,0,57.4713,350,609,41.7077,254,609,34.3186,209,609,18.3317,543,44.6634,272,609,1.335,100,609,609
09DPR4009G,CARLOS ALVARADO LANG,MATUTINO,2024-2025 | 2025-2026,09DPR4009G,CARLOS ALVARADO LANG,Primaria,ÁLVARO OBREGÓN,-99.20768333,19.38203611,526,511,26.6928,0,0,61.0568,312,511,28.9628,148,511,43.4442,222,511,19.0467,471,41.0959,210,511,1.3346,100,511,511
09DPR2946O,PROFRA. CARMEN ARROYO DE LA PARRA,MATUTINO,2024-2025 | 2025-2026,09DPR3010P,PROFRA. CARMEN ARROYO DE LA PARRA,Primaria,TLÁHUAC,-99.05331111,19.29006111,258,273,26.6667,11.3553,0,58.2418,159,273,16.1172,44,273,47.619,130,273,19.8306,242,39.9267,109,273,1.3333,88.6447,242,273
09DPR1595U,FRANCISCO DE PAULA HERRASTI,MATUTINO,2024-2025 | 2025-2026,09DPR1595U,FRANCISCO DE PAULA HERRASTI,Primaria,AZCAPOTZALCO,-99.14904444,19.47052778,223,234,26.6667,20.0855,0,43.1624,101,234,33.3333,78,234,36.7521,86,234,20.0108,157,38.8889,91,234,1.3333,79.9145,187,234
09DPR2871O,ING. JOSÉ LÓPEZ PORTILLO Y WEBER,MATUTINO,2025-2026,09DPR2871O,ING. JOSÉ LÓPEZ PORTILLO Y WEBER,Primaria,COYOACÁN,-99.12571111,19.33080833,478,454,26.652,0.2203,0,38.7665,176,454,60.3524,274,454,33.9207,154,454,17.9397,413,43.1718,196,454,1.3326,99.7797,453,454
09DPR4203K,MÉXICO-JAPÓN,MATUTINO,2024-2025 | 2025-2026,09DBS0041K,MÉXICO-JAPÓN,Adultos - Secundaria,IZTAPALAPA,-99.04960833,19.32438889,695,663,26.6365,1.0558,0,44.7964,297,663,49.4721,328,663,37.8582,251,663,19.5605,486,48.2655,320,663,1.3318,98.9442,656,663
09DPR2655Z,TLAMACHIHUAPAN,VESPERTINO,2024-2025,09DPR2655Z,TLAMACHIHUAPAN,Primaria,XOCHIMILCO,-99.07363056,19.24300278,357,365,26.6301,29.863,0,38.3562,140,365,38.0822,139,365,26.8493,98,365,18.8637,256,33.4247,122,365,1.3315,70.137,256,365
09DPR1177I,JUANA DE ASBAJE,MATUTINO,2024-2025 | 2025-2026,09DPR1412W,JUANA DE ASBAJE,Primaria,GUSTAVO A. MADERO,-99.10957222,19.49110833,325,281,26.6192,2.4911,0,43.4164,122,281,50.8897,143,281,36.2989,102,281,19.012,225,46.2633,130,281,1.331,97.5089,274,281
09DPR1795S,RAFAEL AREVALO MARTÍNEZ,MATUTINO,2024-2025 | 2025-2026,09DPR1795S,RAFAEL AREVALO MARTÍNEZ,Primaria,ÁLVARO OBREGÓN,-99.2128,19.38902222,432,420,26.619,0.2381,0,62.8571,264,420,26.9048,113,420,43.0952,181,420,18.6181,403,40.7143,171,420,1.331,99.7619,419,420
09DPR1540R,PROFR. MOISES SAENZ,MATUTINO,2024-2025 | 2025-2026,09DPR1540R,PROFR. MOISES SAENZ,Primaria,GUSTAVO A. MADERO,-99.09953333,19.48360278,266,264,26.5909,1.1364,0,38.2576,101,264,60.2273,159,264,33.3333,88,264,14.26,255,47.7273,126,264,1.3295,98.8636,261,264
09DPR0143L,ESPERANZA VILLASANA HEREDIA,MATUTINO,2024-2025 | 2025-2026,09DPR0143L,ESPERANZA VILLASANA HEREDIA,Primaria,ÁLVARO OBREGÓN,-99.201575,19.39121667,320,328,26.5854,0.3049,0,61.5854,202,328,27.439,90,328,43.5976,143,328,18.767,282,45.7317,150,328,1.3293,99.6951,327,328
09DPR1703L,GRAL. J. FERNANDO RAMIREZ,MATUTINO,2024-2025 | 2025-2026,09DPR1703L,GRAL. J. FERNANDO RAMIREZ,Primaria,MIGUEL HIDALGO,-99.209425,19.45241944,97,82,26.5854,0,0,32.9268,27,82,62.1951,51,82,37.8049,31,82,19.5944,71,46.3415,38,82,1.3293,100,82,82
09DPR2482Y,ALFREDO E. URUCHURTU,MATUTINO,2024-2025 | 2025-2026,09DPR2479K,ALFREDO E. URUCHURTU,Primaria,CUAUHTÉMOC,-99.12513333,19.43825556,211,161,26.5839,1.2422,0,47.8261,77,161,52.795,85,161,31.0559,50,161,18.8745,106,52.1739,84,161,1.3292,98.7578,159,161
09DPR3240H,CONSTITUYENTE CELESTINO PÉREZ Y PÉREZ,VESPERTINO,2024-2025 | 2025-2026,09DPR3239S,CONSTITUYENTE CELESTINO PÉREZ Y PÉREZ,Primaria,IZTAPALAPA,-99.0016,19.36690833,106,79,26.5823,0,0,62.0253,49,79,46.8354,37,79,24.0506,19,79,20.8946,56,49.3671,39,79,1.3291,100,79,79
09DPR1929R,LIDICE,MATUTINO,2024-2025,09DPR1929R,LIDICE,Primaria,LA MAGDALENA CONTRERAS,-99.22481111,19.32593333,452,420,26.5714,24.2857,0,45.2381,190,420,26.4286,111,420,36.9048,155,420,19.6642,318,35.4762,149,420,1.3286,75.7143,318,420
09DPR0059N,DOMINGO MARTÍNEZ  PAREDEZ,MATUTINO,2024-2025 | 2025-2026,09DPR0059N,DOMINGO MARTÍNEZ  PAREDEZ,Primaria,TLALPAN,-99.22241389,19.27457778,429,420,26.5714,0.7143,0,53.0952,223,420,36.1905,152,420,42.8571,180,420,18.693,385,41.1905,173,420,1.3286,99.2857,417,420
09DPR3242F,PROFR. MANUEL VILLASEÑOR,VESPERTINO,2024-2025 | 2025-2026,09DPR3155K,PROFR. MANUEL VILLASEÑOR,Primaria,IZTAPALAPA,-99.05008889,19.33380833,315,207,26.57,0.9662,0,50.2415,104,207,48.7923,101,207,32.8502,68,207,18.5227,172,47.343,98,207,1.3285,99.0338,205,207
09DPR2772O,CORONEL NICOLAS ROMERO,MATUTINO,2024-2025,09DPR2762H,CORONEL NICOLAS ROMERO,Primaria,LA MAGDALENA CONTRERAS,-99.25272778,19.30666389,347,329,26.5653,21.2766,0,47.4164,156,329,29.7872,98,329,34.3465,113,329,19.0112,259,34.6505,114,329,1.3283,78.7234,259,329
09DPR4005K,JUAN RULFO,MATUTINO,2024-2025 | 2025-2026,09DPR5073O,JUAN RULFO,Primaria,IZTAPALAPA,-99.03578333,19.36853333,467,489,26.544,17.3824,0,34.3558,168,489,53.7832,263,489,27.1984,133,489,18.2417,324,43.3538,212,489,1.3272,82.6176,404,489
09DPR1887I,ALVARO OBREGON,MATUTINO,2024-2025,09DJN0223G,ALVARO OBREGON,Preescolar,GUSTAVO A. MADERO,-99.07028889,19.4783,390,370,26.5405,6.4865,0,64.3243,238,370,28.9189,107,370,32.973,122,370,16.7879,346,38.9189,144,370,1.327,93.5135,346,370
09DPR2501W,AUGUSTO CESAR SANDINO,MATUTINO,2024-2025 | 2025-2026,09DPR2501W,AUGUSTO CESAR SANDINO,Primaria,CUAUHTÉMOC,-99.161075,19.456425,131,104,26.5385,0.9615,0,49.0385,51,104,50,52,104,32.6923,34,104,19.69,80,47.1154,49,104,1.3269,99.0385,103,104
09DPR2505S,DR. AGUSTIN RIVERA,MATUTINO,2024-2025 | 2025-2026,09DPR2505S,DR. AGUSTIN RIVERA,Primaria,CUAUHTÉMOC,-99.14514444,19.42730556,365,361,26.5374,0,0,39.6122,143,361,48.7535,176,361,44.3213,160,361,19.5345,304,46.2604,167,361,1.3269,100,361,361
09DPR3073A,TORIBIO VELASCO FRIAS,MATUTINO,2024-2025 | 2025-2026,09DPR3073A,TORIBIO VELASCO FRIAS,Primaria,ÁLVARO OBREGÓN,-99.22943333,19.357275,536,469,26.5245,0.2132,0,59.7015,280,469,24.5203,115,469,48.1876,226,469,19.753,400,44.7761,210,469,1.3262,99.7868,468,469
09DPR2072V,HÉROES DE LA INDEPENDENCIA,MATUTINO,2024-2025,09DPR2072V,HÉROES DE LA INDEPENDENCIA,Primaria,XOCHIMILCO,-99.13815278,19.27629722,308,276,26.5217,5.4348,0,36.9565,102,276,46.3768,128,276,43.8406,121,276,18.1969,261,42.029,116,276,1.3261,94.5652,261,276
09DPR1876C,VALENTÍN GOMEZ FARIAS,MATUTINO,2024-2025 | 2025-2026,09DPR1876C,VALENTÍN GOMEZ FARIAS,Primaria,BENITO JUÁREZ,-99.18441389,19.37442222,257,181,26.5193,11.6022,0,30.3867,55,181,45.8564,83,181,44.7514,81,181,19.5725,160,38.1215,69,181,1.326,88.3978,160,181
09DPR2024L,CRISTÓBAL COLÓN,VESPERTINO,2024-2025 | 2025-2026,09DPR2024L,CRISTÓBAL COLÓN,Primaria,TLÁHUAC,-98.96447222,19.22480278,400,393,26.514,40.458,0,31.5522,124,393,30.5344,120,393,30.0254,118,393,19.2459,233,32.3155,127,393,1.3257,59.542,234,393
09DPR1620C,CANDIDO NAVARRO,MATUTINO,2024-2025 | 2025-2026,09DPR1620C,CANDIDO NAVARRO,Primaria,AZCAPOTZALCO,-99.17706389,19.49026389,309,341,26.5103,7.3314,0,44.5748,152,341,47.5073,162,341,33.1378,113,341,18.2208,298,41.349,141,341,1.3255,92.6686,316,341
09DPR5118U,CALPULLI CALTONGO,VESPERTINO,2024-2025,09DPR5008O,CALPULLI CALTONGO,Primaria,XOCHIMILCO,-99.0794,19.26101111,188,169,26.5089,11.2426,0,54.4379,92,169,27.2189,46,169,39.645,67,169,18.7653,150,42.0118,71,169,1.3254,88.7574,150,169
09DPR1904I,XICOTENCATL,MATUTINO,2024-2025 | 2025-2026,09DPR1904I,XICOTENCATL,Primaria,LA MAGDALENA CONTRERAS,-99.25632222,19.31331944,476,477,26.499,31.0273,0,44.4444,212,477,27.8826,133,477,29.1405,139,477,18.9262,328,32.4948,155,477,1.3249,68.9727,329,477
09DPR5105Q,JAIME SABINES,MATUTINO,2024-2025 | 2025-2026,09DPR5105Q,JAIME SABINES,Primaria,IZTAPALAPA,-99.00394444,19.33298611,440,428,26.4953,0,0,23.5981,101,428,68.4579,293,428,40.4206,173,428,18.6079,428,39.486,169,428,1.3248,100,428,428
09DPR2292G,DR. SAMUEL RAMOS,VESPERTINO,2024-2025 | 2025-2026,09DPR2292G,DR. SAMUEL RAMOS,Primaria,ÁLVARO OBREGÓN,-99.19883056,19.37474722,140,108,26.4815,3.7037,0,38.8889,42,108,41.6667,45,108,48.1481,52,108,19.3433,97,43.5185,47,108,1.3241,96.2963,104,108
09DPR0038A,PROFRA. EMMA GODOY,MATUTINO,2024-2025 | 2025-2026,09DPR2619U,PROFRA. EMMA GODOY,Primaria,TLALPAN,-99.21901111,19.27626667,148,176,26.4773,25,0,28.9773,51,176,50,88,176,28.4091,50,176,19.2317,104,39.2045,69,176,1.3239,75,132,176
09DPR3132Z,IGNACIO L. VALLARTA,MATUTINO,2025-2026,09DPR3132Z,IGNACIO L. VALLARTA,Primaria,CUAUHTÉMOC,-99.16099167,19.42073889,144,105,26.4762,0,0,20.9524,22,105,75.2381,79,105,36.1905,38,105,18.1221,95,40,42,105,1.3238,100,105,105
09DPR2954X,CUAUHTEPEC,MATUTINO,2024-2025 | 2025-2026,09DPR2954X,CUAUHTEPEC,Primaria,GUSTAVO A. MADERO,-99.13119722,19.55950278,361,414,26.4734,27.5362,0,31.401,130,414,49.7585,206,414,23.6715,98,414,18.6543,230,38.6473,160,414,1.3237,72.4638,300,414
09DPR4179A,ANDRES IDUARTE,MATUTINO,2024-2025 | 2025-2026,09DPR4179A,ANDRES IDUARTE,Primaria,GUSTAVO A. MADERO,-99.12496111,19.51381667,472,538,26.4684,19.5167,0,27.6952,149,538,52.6022,283,538,32.5279,175,538,18.9504,361,39.4052,212,538,1.3234,80.4833,433,538
09DPR1846I,ENRIQUE DE OLAVARRIA Y FERRARI,MATUTINO,2024-2025 | 2025-2026,09DPR1846I,ENRIQUE DE OLAVARRIA Y FERRARI,Primaria,BENITO JUÁREZ,-99.18760278,19.37403889,292,269,26.4684,3.7175,0,41.2639,111,269,44.6097,120,269,42.7509,115,269,18.9066,244,39.777,107,269,1.3234,96.2825,259,269
09DPR2749N,PROFR. CECILIO MIJARES POBLANO,VESPERTINO,2024-2025 | 2025-2026,09DPR2749N,PROFR. CECILIO MIJARES POBLANO,Primaria,TLALPAN,-99.23698611,19.27231389,301,266,26.4662,0.3759,0,66.5414,177,266,31.9549,85,266,33.4586,89,266,18.5177,209,46.2406,123,266,1.3233,99.6241,265,266
09DPR2027I,CRISTÓBAL COLÓN,MATUTINO,2024-2025,09DPR2024L,CRISTÓBAL COLÓN,Primaria,TLÁHUAC,-98.96447222,19.22480278,825,764,26.466,24.7382,0,51.9634,397,764,19.1099,146,764,36.5183,279,764,19.2242,575,34.4241,263,764,1.3233,75.2618,575,764
09DPR1870I,HERMANOS GALEANA,MATUTINO,2024-2025 | 2025-2026,09DPR1677D,HERMANOS GALEANA,Primaria,ÁLVARO OBREGÓN,-99.25387778,19.359,545,468,26.453,0.4274,0,62.1795,291,468,29.9145,140,468,39.7436,186,468,19.2037,405,45.2991,212,468,1.3226,99.5726,466,468
09DPR4209E,LUCAS ORTIZ BENITEZ,MATUTINO,2024-2025 | 2025-2026,09DPR4209E,LUCAS ORTIZ BENITEZ,Primaria,GUSTAVO A. MADERO,-99.14713889,19.53187222,562,648,26.4506,16.9753,0,40.4321,262,648,49.0741,318,648,25.7716,167,648,18.2323,455,41.0494,266,648,1.3225,83.0247,538,648
09DPR3168O,PROFR. RUBEN MOREIRA COBOS,MATUTINO,2024-2025 | 2025-2026,09DPR3168O,PROFR. RUBEN MOREIRA COBOS,Primaria,IZTACALCO,-99.06668611,19.410775,337,307,26.4495,4.5603,0,42.671,131,307,46.2541,142,307,38.7622,119,307,19.1833,240,44.9511,138,307,1.3225,95.4397,293,307
09DPR2309Q,MANUEL BUENDIA,MATUTINO,2024-2025 | 2025-2026,09DPR2309Q,MANUEL BUENDIA,Primaria,IZTACALCO,-99.122925,19.390075,294,270,26.4444,0.7407,0,41.8519,113,270,54.4444,147,270,35.1852,95,270,18.6578,223,42.2222,114,270,1.3222,99.2593,268,270
09DPR1729T,CENTRO ESCOLAR MÉXICO,VESPERTINO,2024-2025 | 2025-2026,09PPR1710Z,CENTRO ESCOLAR MÉXICO,Primaria,IZTAPALAPA,-98.99792,19.348589,102,87,26.4368,0,0,29.8851,26,87,65.5172,57,87,36.7816,32,87,19.5701,67,44.8276,39,87,1.3218,100,87,87
09DPR1811T,MARIA G. DE GARCÍA RUIZ,MATUTINO,2025-2026,09DPR1811T,MARIA G. DE GARCÍA RUIZ,Primaria,ÁLVARO OBREGÓN,-99.21105278,19.38724167,288,224,26.4286,0.4464,0,45.5357,102,224,43.3036,97,224,42.8571,96,224,19.3015,200,45.5357,102,224,1.3214,99.5536,223,224
09DPR1569W,REPÚBLICA DE CUBA,MATUTINO,2024-2025 | 2025-2026,09DPR1569W,REPÚBLICA DE CUBA,Primaria,CUAUHTÉMOC,-99.16182778,19.452325,238,224,26.4286,0.4464,0,41.5179,93,224,50.8929,114,224,39.2857,88,224,19.2353,190,46.4286,104,224,1.3214,99.5536,223,224
09DPR2899U,CARTA DE LOS DERECHOS Y DEBERES ECONOMICOS DE LOS ESTADOS,MATUTINO,2024-2025 | 2025-2026,09DPR2899U,CARTA DE LOS DERECHOS Y DEBERES ECONOMICOS DE LOS ESTADOS,Primaria,IZTACALCO,-99.10849167,19.38378889,295,231,26.4069,0.4329,0,40.2597,93,231,49.7835,115,231,41.5584,96,231,19.3376,194,43.7229,101,231,1.3203,99.5671,230,231
09DPR5141V,TLALOC,VESPERTINO,2024-2025,09DPR5063H,TLALOC,Primaria,IZTAPALAPA,-99.05151944,19.36743889,188,150,26.4,33.3333,0,57.3333,86,150,15.3333,23,150,26,39,150,19.165,100,32.6667,49,150,1.32,66.6667,100,150
09DPR0122Z,PRESIDENTE VICENTE ROCAFUERTE,MATUTINO,2024-2025 | 2025-2026,09DPR0122Z,PRESIDENTE VICENTE ROCAFUERTE,Primaria,VENUSTIANO CARRANZA,-99.0565,19.42323333,511,469,26.3966,0,0,34.7548,163,469,60.3412,283,469,36.887,173,469,19.2375,357,47.9744,225,469,1.3198,100,469,469
09DPR5100V,JOSÉ MARIA CHAVEZ ANDRADE,MATUTINO,2024-2025 | 2025-2026,09DPR5100V,JOSÉ MARIA CHAVEZ ANDRADE,Primaria,TLALPAN,-99.21221111,19.26843889,426,432,26.3889,0.463,0,62.963,272,432,26.1574,113,432,42.3611,183,432,18.5396,391,41.2037,178,432,1.3194,99.537,430,432
09DPR1544N,GRAL. MIGUEL NEGRETE,MATUTINO,2024-2025 | 2025-2026,09DPR1544N,GRAL. MIGUEL NEGRETE,Primaria,GUSTAVO A. MADERO,-99.08605278,19.50009167,386,405,26.3704,18.2716,0,46.4198,188,405,36.0494,146,405,31.1111,126,405,18.1525,305,37.5309,152,405,1.3185,81.7284,331,405
09DPR2127H,JULIO VERNE,MATUTINO,2024-2025 | 2025-2026,09DES4287B,JULIO VERNE,Secundaria,IZTAPALAPA,-99.05103056,19.33368889,247,220,26.3636,27.2727,0,15.9091,35,220,56.3636,124,220,32.2727,71,220,18.956,141,36.8182,81,220,1.3182,72.7273,160,220
09DPR1308K,ESTEBAN GARCÍA DE ALBA,MATUTINO,2024-2025 | 2025-2026,09DPR1308K,ESTEBAN GARCÍA DE ALBA,Primaria,IZTAPALAPA,-99.12056389,19.3596,310,170,26.3529,4.7059,0,54.7059,93,170,25.2941,43,170,47.0588,80,170,19.7602,161,38.8235,66,170,1.3176,95.2941,162,170
09DPR3197J,PROFRA. VIRGINIA RIVERA LOZANO,MATUTINO,2025-2026,09DPR0130H,PROFRA. VIRGINIA RIVERA LOZANO,Primaria,ÁLVARO OBREGÓN,-99.21444444,19.35409722,298,255,26.3529,0,0,72.1569,184,255,25.4902,65,255,34.1176,87,255,18.7376,210,45.8824,117,255,1.3176,100,255,255
09DPR4187J,PROFR. SAUL VENANCIO ANCHONDO LOZOYA,MATUTINO,2024-2025 | 2025-2026,09DPR4187J,PROFR. SAUL VENANCIO ANCHONDO LOZOYA,Primaria,TLALPAN,-99.22583889,19.26697222,634,614,26.3518,0,0,47.0684,289,614,44.7883,275,614,39.9023,245,614,18.8719,505,44.7883,275,614,1.3176,100,614,614
09DPR2472R,PLAN SEXENAL,VESPERTINO,2024-2025,09DPR2053G,PLAN SEXENAL,Primaria,MILPA ALTA,-99.07345,19.18691667,535,480,26.3333,35.625,0,50.2083,241,480,25.4167,122,480,20.4167,98,480,17.7841,309,29.5833,142,480,1.3167,64.375,309,480
09DPR1987H,FRANCISCO I. MADERO,MATUTINO,2024-2025 | 2025-2026,09DPR1986I,FRANCISCO I. MADERO,Primaria,TLALPAN,-99.20555278,19.21824722,729,714,26.3305,1.6807,0,65.8263,470,714,22.2689,159,714,41.8768,299,714,19.0029,613,42.437,303,714,1.3165,98.3193,702,714
09DPR1315U,ERNESTO P. URUCHURTU,MATUTINO,2024-2025 | 2025-2026,09DPR1315U,ERNESTO P. URUCHURTU,Primaria,IZTAPALAPA,-99.09640833,19.36548056,330,297,26.33,0,0,51.1785,152,297,50.5051,150,297,29.9663,89,297,18.6176,204,51.5152,153,297,1.3165,100,297,297
09DPR2839F,MTRA. GUILLERMINA GONZÁLEZ GALICIA,MATUTINO,2024-2025 | 2025-2026,09DPR2839F,MTRA. GUILLERMINA GONZÁLEZ GALICIA,Primaria,IZTAPALAPA,-99.07958056,19.34792222,527,430,26.3256,0.4651,0,43.0233,185,430,45.3488,195,430,42.7907,184,430,19.0653,389,42.7907,184,430,1.3163,99.5349,428,430
09DPR1650X,MÁRTIRES DEL AGRARISMO,MATUTINO,2024-2025 | 2025-2026,09DPR1650X,MÁRTIRES DEL AGRARISMO,Primaria,AZCAPOTZALCO,-99.20050556,19.48334167,341,529,26.3138,27.7883,0,26.8431,142,529,44.8015,237,529,32.1361,170,529,18.7952,373,34.7826,184,529,1.3157,72.2117,382,529
09DPR2061P,MARTÍN TORRES PADILLA,MATUTINO,2024-2025 | 2025-2026,09DPR2061P,MARTÍN TORRES PADILLA,Primaria,TLALPAN,-99.13998889,19.285475,378,320,26.3125,0.3125,0,45.9375,147,320,42.1875,135,320,43.125,138,320,19.1232,315,40.625,130,320,1.3156,99.6875,319,320
09DPR2836I,GREGORIO TORRES QUINTERO,MATUTINO,2024-2025 | 2025-2026,09DJN0910W,GREGORIO TORRES QUINTERO,Preescolar,COYOACÁN,-99.10751944,19.3193,409,479,26.3048,25.261,0,35.2818,169,479,44.8852,215,479,26.096,125,479,18.6124,259,40.0835,192,479,1.3152,74.739,358,479
09DPR1937Z,JOHN F. KENNEDY,MATUTINO,2025-2026,09DES4067Q,JOHN F. KENNEDY,Secundaria,AZCAPOTZALCO,-99.20011389,19.48436667,257,213,26.2911,0,0,54.4601,116,213,30.0469,64,213,46.9484,100,213,19.1538,197,42.2535,90,213,1.3146,100,213,213
09DPR0145J,PROFRA. JOSEFINA TOLSA MARAÑON,MATUTINO,2024-2025 | 2025-2026,09DPR4208F,PROFRA. JOSEFINA TOLSA MARAÑON,Primaria,GUSTAVO A. MADERO,-99.13484167,19.55234167,515,655,26.2901,28.0916,0,37.0992,243,655,39.2366,257,655,27.0229,177,655,20.3256,317,38.626,253,655,1.3145,71.9084,471,655
09DPR2900T,TLACAELEL,MATUTINO,2024-2025,09DPR2782V,TLACAELEL,Primaria,TLÁHUAC,-99.05723333,19.29519722,560,407,26.2899,38.5749,0,27.7641,113,407,32.1867,131,407,32.9238,134,407,19.5756,250,30.4668,124,407,1.3145,61.4251,250,407
09DPR1621B,CARLOS MARX,MATUTINO,2024-2025 | 2025-2026,09DES0214I,CARLOS MARX,Secundaria,IZTAPALAPA,-99.000825,19.36634444,554,601,26.2895,23.4609,0,36.772,221,601,43.594,262,601,27.6206,166,601,19.4073,369,39.4343,237,601,1.3145,76.5391,460,601
09DPR2674N,RABINDRANATH TAGORE,VESPERTINO,2024-2025 | 2025-2026,09DPR2674N,RABINDRANATH TAGORE,Primaria,GUSTAVO A. MADERO,-99.13798611,19.52011389,124,156,26.2821,22.4359,0,49.359,77,156,39.1026,61,156,20.5128,32,156,17.5337,95,38.4615,60,156,1.3141,77.5641,121,156
09DPR1960A,LIBERAL,VESPERTINO,2025-2026,09DPR1960A,LIBERAL,Primaria,COYOACÁN,-99.14677778,19.32136667,107,86,26.2791,50,0,38.3721,33,86,19.7674,17,86,23.2558,20,86,18.9279,43,30.2326,26,86,1.314,50,43,86
09DPR5110B,JOSÉ MARIA CHAVEZ ANDRADE,VESPERTINO,2024-2025 | 2025-2026,09DPR5100V,JOSÉ MARIA CHAVEZ ANDRADE,Primaria,TLALPAN,-99.21221111,19.26843889,316,284,26.2676,0.7042,0,73.2394,208,284,21.1268,60,284,36.2676,103,284,18.7221,235,45.0704,128,284,1.3134,99.2958,282,284
09DPR2280B,REPÚBLICA ITALIANA,MATUTINO,2025-2026,09DPR2280B,REPÚBLICA ITALIANA,Primaria,COYOACÁN,-99.13140278,19.34407222,377,393,26.2595,20.1018,0,42.4936,167,393,35.1145,138,393,33.5878,132,393,18.735,311,35.1145,138,393,1.313,79.8982,314,393
09DPR1863Z,JACINTO CANEK,MATUTINO,2024-2025 | 2025-2026,09DPR1961Z,JACINTO CANEK,Primaria,TLALPAN,-99.21888333,19.28870833,595,497,26.2374,1.6097,0,51.1066,254,497,35.6137,177,497,42.8571,213,497,18.706,484,37.6258,187,497,1.3119,98.3903,489,497
09DPR1884L,BATALLON DE SAN PATRICIO,MATUTINO,2024-2025 | 2025-2026,09DPR1886J,BATALLON DE SAN PATRICIO,Primaria,ÁLVARO OBREGÓN,-99.21332222,19.34417778,179,167,26.2275,1.1976,0,51.497,86,167,38.9222,65,167,39.521,66,167,19.1529,140,44.9102,75,167,1.3114,98.8024,165,167
09DPR1953R,PLAN DE AYUTLA,MATUTINO,2024-2025 | 2025-2026,09DPR1044S,PLAN DE AYUTLA,Primaria,VENUSTIANO CARRANZA,-99.09669444,19.445675,567,559,26.2254,2.5045,0,50.4472,282,559,37.746,211,559,40.4293,226,559,18.4028,504,40.2504,225,559,1.3113,97.4955,545,559
09DPR2532P,JAIME NUNO,MATUTINO,2024-2025 | 2025-2026,09DJN0698T,JAIME NUNO,Preescolar,CUAUHTÉMOC,-99.13766389,19.44666944,234,200,26.2,0.5,0,50,100,200,49.5,99,200,31,62,200,18.617,153,45.5,91,200,1.31,99.5,199,200
09DPR2393E,JOSÉ MARÍA PINO SUÁREZ,MATUTINO,2024-2025 | 2025-2026,09DPR2393E,JOSÉ MARÍA PINO SUÁREZ,Primaria,CUAUHTÉMOC,-99.12995,19.44877778,141,113,26.1947,0,0,45.1327,51,113,40.708,46,113,45.1327,51,113,19.8187,91,43.3628,49,113,1.3097,100,113,113
09DPR1119S,MANUEL ACUÑA,MATUTINO,2024-2025 | 2025-2026,09DES0306Z,MANUEL ACUÑA,Secundaria,IZTAPALAPA,-99.02557778,19.33202778,652,811,26.1899,18.0025,0,34.5253,280,811,50.9248,413,811,27.4969,223,811,18.5362,522,42.1702,342,811,1.3095,81.9975,665,811
09DPR1758O,ISAAC OCHOTERENA,MATUTINO,2024-2025 | 2025-2026,09DPR1760C,ISAAC OCHOTERENA,Primaria,TLALPAN,-99.16700833,19.27355278,352,262,26.1832,0,0,51.145,134,262,33.9695,89,262,45.8015,120,262,18.9227,256,41.9847,110,262,1.3092,100,262,262
09DPR1716P,FRANCISCO FIGUEROA,MATUTINO,2025-2026,09DPR1716P,FRANCISCO FIGUEROA,Primaria,MIGUEL HIDALGO,-99.19326944,19.45848611,128,94,26.1702,0,0,44.6809,42,94,47.8723,45,94,38.2979,36,94,19.6324,71,48.9362,46,94,1.3085,100,94,94
09DPR2748O,PROFRA. CONSUELO MARTÍNEZ DE CUERVO,MATUTINO,2024-2025 | 2025-2026,09DPR2748O,PROFRA. CONSUELO MARTÍNEZ DE CUERVO,Primaria,GUSTAVO A. MADERO,-99.09342778,19.50753056,517,639,26.1659,23.4742,0,36.6197,234,639,48.8263,312,639,21.9092,140,639,17.8779,348,41.471,265,639,1.3083,76.5258,489,639
09DPR0017O,NICOLAS LEON,MATUTINO,2024-2025,09DPR0015Q,NICOLAS LEON,Primaria,TLÁHUAC,-98.99588889,19.28511944,410,390,26.1538,22.3077,0,41.2821,161,390,27.6923,108,390,39.4872,154,390,18.4152,303,35.1282,137,390,1.3077,77.6923,303,390
09DPR2022N,ING. ESTANISLAO RAMÍREZ RUIZ,MATUTINO,2024-2025,09DPR2022N,ING. ESTANISLAO RAMÍREZ RUIZ,Primaria,TLÁHUAC,-99.00883611,19.27838611,416,374,26.1497,25.9358,0,33.9572,127,374,36.8984,138,374,33.9572,127,374,18.4007,277,36.0963,135,374,1.3075,74.0642,277,374
09DPR4165Y,DANIEL COSIO VILLEGAS,VESPERTINO,2024-2025 | 2025-2026,09DPR4165Y,DANIEL COSIO VILLEGAS,Primaria,TLÁHUAC,-99.03792778,19.31230556,388,371,26.1456,53.6388,0,28.0323,104,371,27.2237,101,371,21.8329,81,371,18.7012,170,29.1105,108,371,1.3073,46.3612,172,371
09DPR2065L,JUAN DE LA BARRERA,MATUTINO,2024-2025,09DPR2065L,JUAN DE LA BARRERA,Primaria,XOCHIMILCO,-99.13141389,19.25603333,406,355,26.1408,19.4366,0,46.1972,164,355,29.8592,106,355,35.2113,125,355,18.7892,286,35.493,126,355,1.307,80.5634,286,355
09DPR2773N,MAESTRO ARQUELES VELA S.,MATUTINO,2025-2026,09DPR2773N,MAESTRO ARQUELES VELA S.,Primaria,ÁLVARO OBREGÓN,-99.20045,19.38991944,341,352,26.1364,3.9773,0,61.6477,217,352,18.4659,65,352,46.5909,164,352,19.3577,317,39.7727,140,352,1.3068,96.0227,338,352
09DPR2916U,CERRO DE LA ESTRELLA,VESPERTINO,2024-2025 | 2025-2026,09DPR2908L,CERRO DE LA ESTRELLA,Primaria,IZTAPALAPA,-99.10246111,19.34549444,159,62,26.129,4.8387,0,74.1935,46,62,12.9032,8,62,38.7097,24,62,19.5517,58,38.7097,24,62,1.3065,95.1613,59,62
09DPR1951T,REPÚBLICA DE GUATEMALA,MATUTINO,2024-2025 | 2025-2026,09DES0057I,REPÚBLICA DE GUATEMALA,Secundaria,GUSTAVO A. MADERO,-99.11147778,19.46148889,231,193,26.114,0,0,45.0777,87,193,44.0415,85,193,41.4508,80,193,18.9739,180,43.0052,83,193,1.3057,100,193,193
09DPR1489K,REPÚBLICA DE SUDAN,MATUTINO,2024-2025 | 2025-2026,09DPR1489K,REPÚBLICA DE SUDAN,Primaria,GUSTAVO A. MADERO,-99.06900556,19.48577222,277,337,26.1128,24.3323,0,31.454,106,337,46.5875,157,337,28.1899,95,337,19.0832,190,39.7626,134,337,1.3056,75.6677,255,337
09DPR1447L,VICTORIO ROJAS OLIVAR,VESPERTINO,2024-2025 | 2025-2026,09DPR1449J,VICTORIO ROJAS OLIVAR,Primaria,GUSTAVO A. MADERO,-99.13395833,19.51943889,153,177,26.1017,27.6836,0,34.4633,61,177,42.9379,76,177,25.4237,45,177,19.3374,91,37.8531,67,177,1.3051,72.3164,128,177
09DPR2172U,BOMBERO RAMÓN ARRIAGA ACEVES,VESPERTINO,2024-2025 | 2025-2026,09DPR2172U,BOMBERO RAMÓN ARRIAGA ACEVES,Primaria,GUSTAVO A. MADERO,-99.11734167,19.50060278,111,128,26.0938,26.5625,0,34.375,44,128,45.3125,58,128,24.2188,31,128,18.9667,69,38.2812,49,128,1.3047,73.4375,94,128
09DPR1902K,HÉROES DE CHURUBUSCO,MATUTINO,2024-2025 | 2025-2026,09DPR1902K,HÉROES DE CHURUBUSCO,Primaria,COYOACÁN,-99.15631389,19.35010278,38,125,26.08,0,0,49.6,62,125,39.2,49,125,41.6,52,125,19.0112,107,40.8,51,125,1.304,100,125,125
09DPR5154Z,BENITO JUÁREZ,VESPERTINO,2024-2025,09DPR2241Z,BENITO JUÁREZ,Primaria,CUAJIMALPA DE MORELOS,-99.32901667,19.33125556,210,142,26.0563,12.6761,0,40.8451,58,142,54.2254,77,142,22.5352,32,142,17.3976,124,39.4366,56,142,1.3028,87.3239,124,142
09DPR3154L,REPÚBLICA DE GUATEMALA,VESPERTINO,2025-2026,09DES0057I,REPÚBLICA DE GUATEMALA,Secundaria,GUSTAVO A. MADERO,-99.11147778,19.46148889,142,109,26.055,0,0,50.4587,55,109,54.1284,59,109,25.6881,28,109,18.439,77,47.7064,52,109,1.3028,100,109,109
09DPR1501P,VIDAL ALCOCER,MATUTINO,2024-2025 | 2025-2026,09DPR1501P,VIDAL ALCOCER,Primaria,TLALPAN,-99.16491944,19.28780556,439,367,26.049,0,0,46.8665,172,367,39.782,146,367,43.5967,160,367,19.616,318,43.0518,158,367,1.3025,100,367,367
09DPR0109E,PROFR. MANUEL RAFAEL GUTIERREZ,MATUTINO,2024-2025,09DPR0009F,PROFR. MANUEL RAFAEL GUTIERREZ,Primaria,TLÁHUAC,-99.00582778,19.28943611,506,483,26.0455,27.3292,0,28.5714,138,483,35.4037,171,483,38.9234,188,483,28.255,351,33.9545,164,483,1.3023,72.6708,351,483
09DPR2737I,XOCHIMILCO,MATUTINO,2024-2025,09DJN0073Q,XOCHIMILCO,Preescolar,XOCHIMILCO,-99.10267222,19.27168889,589,550,26.0364,26.7273,0,35.6364,196,550,36.3636,200,550,31.4545,173,550,18.9695,403,32,176,550,1.3018,73.2727,403,550
09DPR1283S,JOSÉ JOAQUIN TERRAZAS,MATUTINO,2025-2026,09DPR1283S,JOSÉ JOAQUIN TERRAZAS,Primaria,BENITO JUÁREZ,-99.14075833,19.39041111,165,116,26.0345,3.4483,0,50.8621,59,116,43.1034,50,116,32.7586,38,116,18.1115,104,38.7931,45,116,1.3017,96.5517,112,116
09DPR2639H,PROFR. SOSTENES NICOLAS CHAPA NIETO,VESPERTINO,2024-2025 | 2025-2026,09DPR2624F,PROFR. SOSTENES NICOLAS CHAPA NIETO,Primaria,TLALPAN,-99.19134722,19.27183333,200,136,26.0294,6.6176,0,61.7647,84,136,20.5882,28,136,41.1765,56,136,19.3459,111,44.1176,60,136,1.3015,93.3824,127,136
09DPR1299T,FRAY MARTÍN DE VALENCIA,VESPERTINO,2025-2026,09DPR1299T,FRAY MARTÍN DE VALENCIA,Primaria,IZTAPALAPA,-99.07073056,19.36405556,136,93,26.0215,1.0753,0,49.4624,46,93,48.3871,45,93,31.1828,29,93,18.8833,66,48.3871,45,93,1.3011,98.9247,92,93
09DPR4199O,XAVIER VILLAURRUTIA,MATUTINO,2024-2025 | 2025-2026,09DPR4199O,XAVIER VILLAURRUTIA,Primaria,COYOACÁN,-99.1036,19.31409722,395,379,26.0158,0.2639,0,63.0607,239,379,28.7599,109,379,37.9947,144,379,18.9196,321,43.5356,165,379,1.3008,99.7361,378,379
09DPR5119T,QUETZALCOATL,VESPERTINO,2024-2025 | 2025-2026,09DPR5119T,QUETZALCOATL,Primaria,CUAJIMALPA DE MORELOS,-99.30938056,19.3535,186,223,26.009,15.2466,0,52.0179,116,223,34.0807,76,223,28.6996,64,223,18.2699,146,42.1525,94,223,1.3004,84.7534,189,223
09DPR2200Z,SIRIA,MATUTINO,2024-2025 | 2025-2026,09DPR2200Z,SIRIA,Primaria,VENUSTIANO CARRANZA,-99.09983611,19.44246389,397,313,26.0064,9.5847,0,31.9489,100,313,45.3674,142,313,43.131,135,313,19.283,282,35.7827,112,313,1.3003,90.4153,283,313
09DPR2029G,CHICHÉN ITZÁ,MATUTINO,2024-2025 | 2025-2026,09DPR2029G,CHICHÉN ITZÁ,Primaria,XOCHIMILCO,-99.12616667,19.24756111,780,766,26.0052,37.3368,0,39.4256,302,766,21.9321,168,766,31.3316,240,766,19.1194,479,29.765,228,766,1.3003,62.6632,480,766
09DPR5050D,PROFR. MANUEL S. HIDALGO CASTRO,MATUTINO,2024-2025 | 2025-2026,09DPR5051C,PROFR. MANUEL S. HIDALGO CASTRO,Primaria,TLÁHUAC,-99.04088611,19.30443333,673,623,25.9711,38.0417,0,34.8315,217,623,28.2504,176,623,28.7319,179,623,18.7904,386,30.3371,189,623,1.2986,61.9583,386,623
09DPR1865X,JUAN A. MATEOS,MATUTINO,2024-2025 | 2025-2026,09DPR1865X,JUAN A. MATEOS,Primaria,ÁLVARO OBREGÓN,-99.218825,19.37125833,272,238,25.9664,0.4202,0,61.3445,146,238,31.9328,76,238,36.1345,86,238,18.9157,191,42.8571,102,238,1.2983,99.5798,237,238
09DPR1528W,PROFR. RAFAEL RAMIREZ,MATUTINO,2024-2025 | 2025-2026,09DPR1529V,PROFR. RAFAEL RAMIREZ,Primaria,GUSTAVO A. MADERO,-99.09654722,19.49922222,447,477,25.9539,26.4151,0,36.8973,176,477,42.348,202,477,24.109,115,477,18.6171,251,38.3648,183,477,1.2977,73.5849,351,477
09DPR1014Y,TELPOCHCALLI,MATUTINO,2024-2025 | 2025-2026,09DJN0030S,TELPOCHCALLI,Preescolar,GUSTAVO A. MADERO,-99.07869722,19.48646111,291,215,25.9535,0.4651,0,32.093,69,215,53.9535,116,215,43.2558,93,215,19.7403,181,45.5814,98,215,1.2977,99.5349,214,215
09DPR1627W,VEINTE DE NOVIEMBRE,MATUTINO,2024-2025 | 2025-2026,09DBN0027W,VEINTE DE NOVIEMBRE,Primaria,CUAUHTÉMOC,-99.1592,19.43830556,242,252,25.9524,21.8254,0,26.9841,68,252,48.0159,121,252,32.9365,83,252,20.1774,155,38.8889,98,252,1.2976,78.1746,197,252
09DPR0040P,FLAVIO GUTIERREZ ZACARIAS,VESPERTINO,2025-2026,09DPR0040P,FLAVIO GUTIERREZ ZACARIAS,Primaria,ÁLVARO OBREGÓN,-99.22496111,19.38311389,107,84,25.9524,0,0,53.5714,45,84,35.7143,30,84,40.4762,34,84,18.7418,67,42.8571,36,84,1.2976,100,84,84
09DIX0028V,GRAL. LÁZARO CARDENAS,MATUTINO,2025-2026,09DIX0028V,GRAL. LÁZARO CARDENAS,Primaria,IZTAPALAPA,-99.09388056,19.36661111,384,373,25.9517,0,0,49.0617,183,373,34.3164,128,373,46.3807,173,373,18.6121,373,40.2145,150,373,1.2976,100,373,373
09DPR4208F,PROFRA. JOSEFINA TOLSA MARAÑON,VESPERTINO,2024-2025 | 2025-2026,09DPR4208F,PROFRA. JOSEFINA TOLSA MARAÑON,Primaria,GUSTAVO A. MADERO,-99.13484167,19.55234167,348,410,25.9512,23.1707,0,36.3415,149,410,44.878,184,410,25.3659,104,410,18.9556,225,39.5122,162,410,1.2976,76.8293,315,410
09DPR2821G,JUAN RAMON JIMÉNEZ,VESPERTINO,2024-2025 | 2025-2026,09DPR2795Z,JUAN RAMON JIMÉNEZ,Primaria,IZTAPALAPA,-99.08056111,19.30685278,295,185,25.9459,1.0811,0,63.7838,118,185,22.1622,41,185,42.7027,79,185,19.4302,182,38.3784,71,185,1.2973,98.9189,183,185
09DPR2236O,REPÚBLICA DE CAMERUN,MATUTINO,2024-2025 | 2025-2026,09DPR2719T,REPÚBLICA DE CAMERUN,Primaria,ÁLVARO OBREGÓN,-99.22205833,19.37792222,535,509,25.9332,0.1965,0,32.8094,167,509,48.5265,247,509,48.1336,245,509,20.0255,443,42.4361,216,509,1.2967,99.8035,508,509
09DPR5029A,FUERZAS ARMADAS DE MÉXICO,VESPERTINO,2025-2026,09DPR2301Y,FUERZAS ARMADAS DE MÉXICO,Primaria,TLALPAN,-99.16236667,19.27827222,187,118,25.9322,0,0,49.1525,58,118,49.1525,58,118,31.3559,37,118,18.4274,106,44.9153,53,118,1.2966,100,118,118
09DPR3270B,PROFR. RAMON ANDRADE CARMONA,VESPERTINO,2024-2025 | 2025-2026,09DPR3270B,PROFR. RAMON ANDRADE CARMONA,Primaria,GUSTAVO A. MADERO,-99.13305833,19.56748611,535,597,25.9296,19.933,0,41.206,246,597,42.5461,254,597,25.9631,155,597,18.7577,388,39.196,234,597,1.2965,80.067,478,597
09DPR5009N,PROFR. AGUSTIN BANDA SEVILLA,MATUTINO,2024-2025,09DPR5009N,PROFR. AGUSTIN BANDA SEVILLA,Primaria,XOCHIMILCO,-99.097725,19.20853056,375,358,25.9218,10.3352,0,53.352,191,358,34.3575,123,358,31.5642,113,358,18.9097,321,36.0335,129,358,1.2961,89.6648,321,358
09DPR4511Q,REPÚBLICA ARABE DE EGIPTO,MATUTINO,2024-2025 | 2025-2026,09DPR4510R,REPÚBLICA ARABE DE EGIPTO,Primaria,IZTAPALAPA,-99.03789444,19.32099722,619,544,25.9191,0.5515,0,41.1765,224,544,53.4926,291,544,34.375,187,544,19.1554,413,44.1176,240,544,1.296,99.4485,541,544
09DPR5128A,DANIEL RAMIREZ PÉREZ,VESPERTINO,2024-2025,09DPR4193U,DANIEL RAMIREZ PÉREZ,Primaria,XOCHIMILCO,-99.12149722,19.21893333,261,217,25.8986,36.4055,0,45.6221,99,217,20.2765,44,217,27.1889,59,217,19.0633,139,30.8756,67,217,1.2949,63.5945,138,217
09DPR1851U,MAESTRO CANDOR GUAJARDO,MATUTINO,2024-2025 | 2025-2026,09DPR1851U,MAESTRO CANDOR GUAJARDO,Primaria,ÁLVARO OBREGÓN,-99.22328056,19.37000833,495,451,25.898,0,0,49.2239,222,451,33.2594,150,451,47.0067,212,451,19.2789,403,41.6851,188,451,1.2949,100,451,451
09DPR2515Z,MIGUEL DE UNAMUNO,MATUTINO,2024-2025 | 2025-2026,09DPR2515Z,MIGUEL DE UNAMUNO,Primaria,CUAUHTÉMOC,-99.15962778,19.42572222,185,173,25.896,0.578,0,43.3526,75,173,47.9769,83,173,37.5723,65,173,19.8117,137,45.0867,78,173,1.2948,99.422,172,173
09DPR1209K,CHIPRE,MATUTINO,2024-2025 | 2025-2026,09DPR1209K,CHIPRE,Primaria,BENITO JUÁREZ,-99.14580556,19.37651944,301,268,25.8955,0,0,33.209,89,268,49.2537,132,268,47.0149,126,268,19.6819,243,41.791,112,268,1.2948,100,268,268
09DPR2030W,AURELIANO CASTILLO,MATUTINO,2024-2025,09DPR2030W,AURELIANO CASTILLO,Primaria,XOCHIMILCO,-99.03712222,19.25748056,746,682,25.8944,24.1935,0,34.6041,236,682,33.5777,229,682,37.0968,253,682,18.8371,517,32.6979,223,682,1.2947,75.8065,517,682
09DPR1849F,CLUB DE LEONES NUMERO 4,MATUTINO,2025-2026,09DPR1850V,CLUB DE LEONES NUMERO 4,Primaria,ÁLVARO OBREGÓN,-99.20187222,19.370925,402,353,25.8924,0,0,45.8924,162,353,42.7762,151,353,40.7932,144,353,18.6773,321,43.9093,155,353,1.2946,100,353,353
09DPR1335H,BENITO JUÁREZ,MATUTINO,2024-2025 | 2025-2026,09DPR2241Z,BENITO JUÁREZ,Primaria,CUAJIMALPA DE MORELOS,-99.32901667,19.33125556,831,829,25.8866,0.1206,0,29.9156,248,829,62.0024,514,829,37.3945,310,829,18.9928,656,44.1496,366,829,1.2943,99.8794,828,829
09DPR2695Z,NETZAHUALCOYOTL,MATUTINO,2024-2025 | 2025-2026,09DJN0211B,NETZAHUALCOYOTL,Preescolar,GUSTAVO A. MADERO,-99.15440833,19.52056667,246,208,25.8654,10.5769,0,60.0962,125,208,19.2308,40,208,39.4231,82,208,19.0479,169,38.4615,80,208,1.2933,89.4231,186,208
09DPR5079I,MARCELIANO TREJO SANTANA,MATUTINO,2024-2025 | 2025-2026,09DPR5087R,MARCELIANO TREJO SANTANA,Primaria,XOCHIMILCO,-99.11943889,19.28166389,289,287,25.8537,10.1045,0,53.6585,154,287,28.9199,83,287,36.5854,105,287,14.9622,262,40.7666,117,287,1.2927,89.8955,258,287
09DPR2252F,MA. MAGDALENA PACHECO BLANCO,VESPERTINO,2024-2025,09DPR2252F,MA. MAGDALENA PACHECO BLANCO,Primaria,TLÁHUAC,-99.06246111,19.29656667,198,164,25.8537,9.7561,0,42.6829,70,164,35.3659,58,164,41.4634,68,164,17.8041,148,41.4634,68,164,1.2927,90.2439,148,164
09DPR0921S,REPÚBLICA FEDERAL DE ALEMANIA,VESPERTINO,2024-2025 | 2025-2026,09DPR0921S,REPÚBLICA FEDERAL DE ALEMANIA,Primaria,IZTACALCO,-99.09701944,19.3947,107,106,25.8491,2.8302,0,39.6226,42,106,50.9434,54,106,35.8491,38,106,19.2041,73,49.0566,52,106,1.2925,97.1698,103,106
09DPR1991U,ESTADO DE NAYARIT,MATUTINO,2024-2025 | 2025-2026,09DPR1991U,ESTADO DE NAYARIT,Primaria,TLALPAN,-99.17156389,19.13495833,498,431,25.8469,0,0,54.5244,235,431,31.5545,136,431,43.1555,186,431,20.1159,384,42.6914,184,431,1.2923,100,431,431
09DPR1866W,DOCTOR JESUS DIAZ DE LEON,MATUTINO,2024-2025 | 2025-2026,09DPR1867V,DOCTOR JESUS DIAZ DE LEON,Primaria,BENITO JUÁREZ,-99.190525,19.38090278,264,195,25.8462,3.5897,0,55.3846,108,195,21.5385,42,195,48.7179,95,195,19.7674,172,41.5385,81,195,1.2923,96.4103,188,195
09DPR2032U,ÁLVARO OBREGÓN,MATUTINO,2024-2025,09DJN0223G,ALVARO OBREGON,Preescolar,GUSTAVO A. MADERO,-99.07028889,19.4783,717,479,25.8455,31.7328,0,49.8956,239,479,21.2944,102,479,26.3048,126,479,17.7787,328,31.7328,152,479,1.2923,68.2672,327,479
09DPR2769A,XITLE,MATUTINO,2024-2025 | 2025-2026,09DPR2768B,XITLE,Primaria,COYOACÁN,-99.16848056,19.32446389,405,332,25.8434,51.506,0,26.8072,89,332,28.9157,96,332,21.988,73,332,18.0516,161,26.506,88,332,1.2922,48.494,161,332
09DPR2513A,SECRETARIA DEL TRABAJO Y PREVISION SOCIAL,MATUTINO,2024-2025 | 2025-2026,09DPR2513A,SECRETARIA DEL TRABAJO Y PREVISION SOCIAL,Primaria,CUAUHTÉMOC,-99.14621667,19.42386667,331,202,25.8416,0,0,37.6238,76,202,60.8911,123,202,30.6931,62,202,17.9903,155,44.0594,89,202,1.2921,100,202,202
09DPR2927Z,JUAN BADIANO,VESPERTINO,2024-2025 | 2025-2026,09DPR2545T,JUAN BADIANO,Primaria,XOCHIMILCO,-99.13045,19.26141667,178,137,25.8394,40.8759,0,31.3869,43,137,29.927,41,137,27.0073,37,137,19.1259,81,32.8467,45,137,1.292,59.1241,81,137
09DPR4108G,JOSÉ MA. RODRÍGUEZ COS,VESPERTINO,2024-2025 | 2025-2026,09DPR4108G,JOSÉ MA. RODRÍGUEZ COS,Primaria,IZTAPALAPA,-99.04478333,19.32818056,517,480,25.8333,0.625,0,46.0417,221,480,52.5,252,480,30,144,480,19.5732,325,48.5417,233,480,1.2917,99.375,477,480
09DPR1624Z,VICENTE ALCARAZ,MATUTINO,2024-2025 | 2025-2026,09DPR1624Z,VICENTE ALCARAZ,Primaria,AZCAPOTZALCO,-99.18425,19.48115833,262,264,25.8333,24.2424,0,27.6515,73,264,48.4848,128,264,28.7879,76,264,19.326,146,39.7727,105,264,1.2917,75.7576,200,264
09DPR2395C,PROFR. SABINO RODRÍGUEZ,MATUTINO,2024-2025 | 2025-2026,09DPR2395C,PROFR. SABINO RODRÍGUEZ,Primaria,MIGUEL HIDALGO,-99.17640278,19.43715833,516,464,25.819,7.3276,0,28.2328,131,464,56.4655,262,464,37.069,172,464,19.0616,359,40.3017,187,464,1.2909,92.6724,430,464
09DPR3064T,PROFR. LIBRADO RIVERA,VESPERTINO,2024-2025 | 2025-2026,09DPR2970O,PROFR. LIBRADO RIVERA,Primaria,COYOACÁN,-99.15597222,19.30675556,154,117,25.812,3.4188,0,54.7009,64,117,35.0427,41,117,35.8974,42,117,18.154,100,38.4615,45,117,1.2906,96.5812,113,117
09DPR2473Q,GRAL. LAZARO CARDENAS DEL RIO,VESPERTINO,2024-2025 | 2025-2026,09DPR2234Q,GRAL. LAZARO CARDENAS DEL RIO,Primaria,TLALPAN,-99.14005278,19.29741389,44,38,25.7895,0,0,65.7895,25,38,26.3158,10,38,36.8421,14,38,,,44.7368,17,38,1.2895,100,38,38
09DPR0901E,ESTADO DE YUCATAN,MATUTINO,2024-2025 | 2025-2026,09DPR0901E,ESTADO DE YUCATAN,Primaria,CUAUHTÉMOC,-99.13808333,19.44669444,304,281,25.7651,0,0,46.2633,130,281,49.1103,138,281,33.452,94,281,18.2967,241,44.484,125,281,1.2883,100,281,281
09DPR3091Q,PROFR. ELISEO BANDALA FERNANDEZ,MATUTINO,2024-2025 | 2025-2026,09DPR3091Q,PROFR. ELISEO BANDALA FERNANDEZ,Primaria,TLALPAN,-99.23694167,19.29198889,475,354,25.7627,13.8418,0,52.5424,186,354,20.339,72,354,42.0904,149,354,19.3911,305,34.1808,121,354,1.2881,86.1582,305,354
09DPR3198I,FLAVIO GUTIERREZ ZACARIAS,MATUTINO,2024-2025 | 2025-2026,09DPR0040P,FLAVIO GUTIERREZ ZACARIAS,Primaria,ÁLVARO OBREGÓN,-99.22496111,19.38311389,393,316,25.7595,0.3165,0,58.2278,184,316,31.962,101,316,38.2911,121,316,19.1285,267,41.4557,131,316,1.288,99.6835,315,316
09DPR4213R,PROFR. RAFAEL HERNANDEZ LÓPEZ,VESPERTINO,2024-2025,09DPR4213R,PROFR. RAFAEL HERNANDEZ LÓPEZ,Primaria,LA MAGDALENA CONTRERAS,-99.25446944,19.31238333,169,139,25.7554,30.9353,0,53.9568,75,139,19.4245,27,139,24.4604,34,139,18.2562,96,31.6547,44,139,1.2878,69.0647,96,139
09DPR0014R,JUAN PABLO GALEANA,MATUTINO,2024-2025 | 2025-2026,09DPR0014R,JUAN PABLO GALEANA,Primaria,GUSTAVO A. MADERO,-99.13296111,19.57691389,457,487,25.7495,11.7043,0,32.4435,158,487,58.9322,287,487,25.6674,125,487,14.5968,377,43.5318,212,487,1.2875,88.2957,430,487
09DPR2414A,EZEQUIEL A. CHAVEZ,VESPERTINO,2025-2026,09DPR2414A,EZEQUIEL A. CHAVEZ,Primaria,CUAUHTÉMOC,-99.16153056,19.44859722,136,87,25.7471,0,0,45.977,40,87,54.023,47,87,28.7356,25,87,19.9914,58,44.8276,39,87,1.2874,100,87,87
09DPR5034M,KUKULKAN,MATUTINO,2024-2025 | 2025-2026,09DJN0604O,KUKULKAN,Preescolar,IZTAPALAPA,-99.03290556,19.3875,456,484,25.7438,8.0579,0,47.9339,232,484,28.5124,138,484,44.2149,214,484,19.3358,413,38.4298,186,484,1.2872,91.9421,445,484
09DPR1225B,REFORMA AGRARIA,VESPERTINO,2024-2025 | 2025-2026,09DPR1225B,REFORMA AGRARIA,Primaria,IZTAPALAPA,-99.102875,19.32857778,169,101,25.7426,1.9802,0,66.3366,67,101,15.8416,16,101,44.5545,45,101,19.4041,97,35.6436,36,101,1.2871,98.0198,99,101
09DPR3195L,VALENTÍN VAZQUEZ NAVA,MATUTINO,2024-2025 | 2025-2026,09DPR3195L,VALENTÍN VAZQUEZ NAVA,Primaria,ÁLVARO OBREGÓN,-99.21365,19.37811389,292,244,25.7377,0,0,55.3279,135,244,33.1967,81,244,40.1639,98,244,20.1392,204,42.623,104,244,1.2869,100,244,244
09DPR3193N,PROFR. CARITINO MALDONADO PÉREZ,MATUTINO,2024-2025,09DPR0011U,PROFR. CARITINO MALDONADO PÉREZ,Primaria,XOCHIMILCO,-99.106175,19.24628611,571,545,25.7248,16.8807,0,30.8257,168,545,42.5688,232,545,38.3486,209,545,19.0252,453,34.6789,189,545,1.2862,83.1193,453,545
09DPR0871A,JOSÉ VASCONCELOS,MATUTINO,2025-2026,09DES0315G,JOSÉ VASCONCELOS,Secundaria,IZTAPALAPA,-99.08845833,19.33361111,436,423,25.721,0.9456,0,29.078,123,423,59.1017,250,423,39.4799,167,423,18.936,336,46.0993,195,423,1.2861,99.0544,419,423
09DPR1382S,PROFR. CELSO FLORES ZAMORA,MATUTINO,2024-2025 | 2025-2026,09DPR1382S,PROFR. CELSO FLORES ZAMORA,Primaria,GUSTAVO A. MADERO,-99.08965833,19.50573333,479,494,25.7085,18.2186,0,37.4494,185,494,38.8664,192,494,34.0081,168,494,19.2934,335,39.6761,196,494,1.2854,81.7814,404,494
09DPR1346N,BERNAL DIAZ DEL CASTILLO,MATUTINO,2024-2025 | 2025-2026,09DPR1346N,BERNAL DIAZ DEL CASTILLO,Primaria,GUSTAVO A. MADERO,-99.1579,19.50581111,286,319,25.7053,18.4953,0,39.8119,127,319,43.5737,139,319,26.6458,85,319,18.3961,206,38.8715,124,319,1.2853,81.5047,260,319
09DPR1493X,GRAL. VICENTE GUERRERO,MATUTINO,2024-2025 | 2025-2026,09DPR2174S,GRAL. VICENTE GUERRERO,Primaria,GUSTAVO A. MADERO,-99.10500833,19.49071944,229,277,25.704,13.3574,0,48.7365,135,277,29.6029,82,277,36.8231,102,277,20.5764,208,39.7112,110,277,1.2852,86.6426,240,277
09DPR1263E,LÁZARO CARDENAS,MATUTINO,2024-2025 | 2025-2026,09DPR3090R,LAZARO CARDENAS,Primaria,GUSTAVO A. MADERO,-99.15,19.54074722,359,242,25.7025,0,0,50,121,242,26.8595,65,242,51.6529,125,242,19.5888,232,41.7355,101,242,1.2851,100,242,242
09DPR3250O,LIC. ANTONIO MARTÍNEZ  DE CASTRO,MATUTINO,2025-2026,09DPR3250O,LIC. ANTONIO MARTÍNEZ  DE CASTRO,Primaria,COYOACÁN,-99.14992222,19.312625,192,204,25.6863,0.9804,0,64.2157,131,204,25,51,204,38.2353,78,204,18.4534,189,39.7059,81,204,1.2843,99.0196,202,204
09DPR4220A,PROFR. JOSÉ DE JESUS DE LA ROSA PÉREZ,MATUTINO,2025-2026,09DPR4220A,PROFR. JOSÉ DE JESUS DE LA ROSA PÉREZ,Primaria,COYOACÁN,-99.10331389,19.31545,297,257,25.6809,4.2802,0,27.6265,71,257,50.9728,131,257,45.5253,117,257,23.3568,220,41.2451,106,257,1.284,95.7198,246,257
09DPR2721H,FRANCISCO HERNANDEZ DE CORDOBA,VESPERTINO,2024-2025,09DPR2721H,FRANCISCO HERNANDEZ DE CORDOBA,Primaria,TLÁHUAC,-98.99442778,19.24350833,234,169,25.6805,18.3432,0,40.2367,68,169,34.3195,58,169,35.503,60,169,16.1007,139,37.2781,63,169,1.284,81.6568,138,169
09DPR1037I,RAFAEL VALENZUELA,MATUTINO,2024-2025 | 2025-2026,09DPR1037I,RAFAEL VALENZUELA,Primaria,VENUSTIANO CARRANZA,-99.09318611,19.412175,166,169,25.6805,0,0,30.7692,52,169,61.5385,104,169,36.0947,61,169,18.8233,133,43.1953,73,169,1.284,100,169,169
09DPR4014S,PROFRA. LEONOR LEAÑOS NAVARRO,VESPERTINO,2024-2025,09DPR4014S,PROFRA. LEONOR LEAÑOS NAVARRO,Primaria,LA MAGDALENA CONTRERAS,-99.26513333,19.30925833,234,222,25.6757,18.4685,0,28.3784,63,222,50.9009,113,222,30.6306,68,222,18.2602,181,32.4324,72,222,1.2838,81.5315,181,222
09DPR1362E,MTRO. MANUEL C. TELLO,MATUTINO,2024-2025 | 2025-2026,09DPR1363D,MTRO. MANUEL C. TELLO,Primaria,GUSTAVO A. MADERO,-99.07655,19.46758056,301,363,25.6749,26.4463,0,40.7713,148,363,31.6804,115,363,29.4766,107,363,19.3062,210,37.4656,136,363,1.2837,73.5537,267,363
09DPR1542P,MOCTEZUMA ILHUICAMINA,MATUTINO,2024-2025 | 2025-2026,09DJN0688M,MOCTEZUMA ILHUICAMINA,Preescolar,IZTAPALAPA,-99.10806389,19.33324167,374,428,25.6542,24.0654,0,22.8972,98,428,50.9346,218,428,30.3738,130,428,19.7296,247,38.0841,163,428,1.2827,75.9346,325,428
09DPR1532I,PATRIA NUEVA,MATUTINO,2024-2025 | 2025-2026,09DPR1532I,PATRIA NUEVA,Primaria,GUSTAVO A. MADERO,-99.08581667,19.48061944,302,322,25.6522,20.4969,0,38.1988,123,322,40.3727,130,322,29.1925,94,322,18.7727,209,37.2671,120,322,1.2826,79.5031,256,322
09DPR5036K,MIGUEL BUSTOS CERECEDO,MATUTINO,2024-2025 | 2025-2026,09DPR5064G,MIGUEL BUSTOS CERECEDO,Primaria,TLALPAN,-99.14893333,19.23837222,587,518,25.6371,3.2819,0,50.5792,262,518,33.7838,175,518,40.5405,210,518,19.2217,428,42.0849,218,518,1.2819,96.7181,501,518
09DPR1106O,LIC. MANUEL GUAL VIDAL,MATUTINO,2024-2025 | 2025-2026,09DPR1105P,LIC. MANUEL GUAL VIDAL,Primaria,MIGUEL HIDALGO,-99.21009444,19.44240833,301,252,25.6349,0.7937,0,26.5873,67,252,53.5714,135,252,47.2222,119,252,19.43,230,38.8889,98,252,1.2817,99.2063,250,252
09DPR2001A,UCRANIA,MATUTINO,2024-2025 | 2025-2026,09DPR2001A,UCRANIA,Primaria,TLALPAN,-99.121625,19.29231667,341,394,25.6345,0.2538,0,34.7716,137,394,53.5533,211,394,39.5939,156,394,18.8829,374,40.3553,159,394,1.2817,99.7462,393,394
09DPR1226A,REFORMA AGRARIA,MATUTINO,2024-2025 | 2025-2026,09DPR1225B,REFORMA AGRARIA,Primaria,IZTAPALAPA,-99.102875,19.32857778,372,210,25.619,1.4286,0,78.5714,165,210,6.6667,14,210,41.4286,87,210,18.475,204,37.619,79,210,1.281,98.5714,207,210
09DPR1730I,CENTRO ESCOLAR MÉXICO,MATUTINO,2024-2025 | 2025-2026,09PPR1710Z,CENTRO ESCOLAR MÉXICO,Primaria,IZTAPALAPA,-98.99792,19.348589,170,146,25.6164,0.6849,0,39.726,58,146,45.8904,67,146,41.7808,61,146,20.0295,122,43.1507,63,146,1.2808,99.3151,145,146
09DPR1926U,MARIANO ABASOLO,VESPERTINO,2024-2025,09DPR1926U,MARIANO ABASOLO,Primaria,LA MAGDALENA CONTRERAS,-99.23381389,19.30567222,125,57,25.614,24.5614,0,24.5614,14,57,50.8772,29,57,28.0702,16,57,18.7605,43,35.0877,20,57,1.2807,75.4386,43,57
09DPR1136I,ITALIA,MATUTINO,2024-2025 | 2025-2026,09DPR1136I,ITALIA,Primaria,CUAUHTÉMOC,-99.14188333,19.44891111,161,193,25.5959,7.772,0,35.7513,69,193,57.513,111,193,26.943,52,193,18.4977,130,45.0777,87,193,1.2798,92.228,178,193
09DPR1712T,FRANCISCO SARABIA,MATUTINO,2024-2025 | 2025-2026,09DPR1712T,FRANCISCO SARABIA,Primaria,MIGUEL HIDALGO,-99.1758,19.45725278,222,179,25.5866,1.1173,0,31.2849,56,179,57.5419,103,179,37.9888,68,179,19.4362,152,40.2235,72,179,1.2793,98.8827,177,179
09DPR1070Q,JUAN CRISOSTOMO BONILLA,VESPERTINO,2024-2025 | 2025-2026,09DPR1069A,JUAN CRISOSTOMO BONILLA,Primaria,VENUSTIANO CARRANZA,-99.08409444,19.40922222,194,111,25.5856,0.9009,0,33.3333,37,111,54.0541,60,111,39.6396,44,111,21.4517,89,40.5405,45,111,1.2793,99.0991,110,111
09DPR1755R,MTRO. CAYETANO RODRIGUEZ BELTRAN,VESPERTINO,2024-2025 | 2025-2026,09DPR1755R,MTRO. CAYETANO RODRIGUEZ BELTRAN,Primaria,ÁLVARO OBREGÓN,-99.20841389,19.38846944,117,86,25.5814,0,0,48.8372,42,86,40.6977,35,86,38.3721,33,86,18.69,70,44.186,38,86,1.2791,100,86,86
09DPR2220N,MATILDE ACOSTA,MATUTINO,2024-2025 | 2025-2026,09DPR2220N,MATILDE ACOSTA,Primaria,ÁLVARO OBREGÓN,-99.20324167,19.36693889,584,560,25.5714,0.1786,0,64.6429,362,560,18.3929,103,560,44.6429,250,560,19.004,519,40.3571,226,560,1.2786,99.8214,559,560
09DPR0907Z,18 DE MARZO,MATUTINO,2024-2025 | 2025-2026,09DPR0907Z,18 DE MARZO,Primaria,CUAUHTÉMOC,-99.14153889,19.40417778,123,115,25.5652,0,0,42.6087,49,115,50.4348,58,115,34.7826,40,115,18.9068,88,46.9565,54,115,1.2783,100,115,115
09DPR0996I,CARMEN SERDAN,MATUTINO,2024-2025 | 2025-2026,09DES0169M,CARMEN SERDÁN,Secundaria,ÁLVARO OBREGÓN,-99.246225,19.36003056,408,310,25.5484,0.3226,0,35.1613,109,310,57.4194,178,310,34.8387,108,310,21.6268,190,46.129,143,310,1.2774,99.6774,309,310
09DPR2525F,MANUEL LÓPEZ COTILLA,MATUTINO,2024-2025 | 2025-2026,09DPR2525F,MANUEL LÓPEZ COTILLA,Primaria,CUAUHTÉMOC,-99.16606667,19.41938056,258,213,25.5399,0.939,0,20.1878,43,213,72.77,155,213,33.8028,72,213,18.4906,180,39.9061,85,213,1.277,99.061,211,213
09DPR3056K,JOSÉ LÓPEZ ALAVEZ,MATUTINO,2024-2025 | 2025-2026,09DPR3056K,JOSÉ LÓPEZ ALAVEZ,Primaria,GUSTAVO A. MADERO,-99.09822778,19.50940278,372,441,25.5329,24.7166,0,25.8503,114,441,51.7007,228,441,25.3968,112,441,18.557,256,38.5488,170,441,1.2766,75.2834,332,441
09DPR2619U,PROFRA. EMMA GODOY,MATUTINO,2024-2025 | 2025-2026,09DPR2619U,PROFRA. EMMA GODOY,Primaria,TLALPAN,-99.21901111,19.27626667,389,311,25.5305,0.3215,0,53.3762,166,311,27.3312,85,311,46.6238,145,311,18.957,305,39.2283,122,311,1.2765,99.6785,310,311
09DPR2091J,GUADALUPE CENICEROS DE PÉREZ ZAVALETA,MATUTINO,2024-2025 | 2025-2026,09DPR2094G,GUADALUPE CENICEROS DE PÉREZ ZAVALETA,Primaria,IZTAPALAPA,-99.05848889,19.35068889,372,293,25.529,0,0,42.3208,124,293,50.5119,148,293,34.8123,102,293,19.7332,196,46.0751,135,293,1.2765,100,293,293
09DPR5150C,NUEVO MILENIO,VESPERTINO,2024-2025 | 2025-2026,09DPR5150C,NUEVO MILENIO,Primaria,TLÁHUAC,-99.03996667,19.28296667,520,445,25.5281,34.1573,0,52.3596,233,445,11.236,50,445,29.8876,133,445,18.8623,289,30.1124,134,445,1.2764,65.8427,293,445
09DPR2631P,FRANCISCO VILLA,VESPERTINO,2025-2026,09DPR2093H,FRANCISCO VILLA,Primaria,IZTAPALAPA,-99.06078333,19.33928889,153,76,25.5263,0,0,60.5263,46,76,32.8947,25,76,34.2105,26,76,18.3197,71,38.1579,29,76,1.2763,100,76,76
09DPR2878H,REPÚBLICA DE BOLIVIA,MATUTINO,2024-2025 | 2025-2026,09DES0054L,REPÚBLICA DE BOLIVIA,Secundaria,AZCAPOTZALCO,-99.18358889,19.48296111,174,163,25.5215,0.6135,0,35.5828,58,163,50.9202,83,163,40.4908,66,163,20.8858,113,49.0798,80,163,1.2761,99.3865,162,163
09DPR1631I,SOTERO PRIETO,VESPERTINO,2024-2025 | 2025-2026,09DPR1631I,SOTERO PRIETO,Primaria,AZCAPOTZALCO,-99.17723611,19.49135278,115,131,25.4962,23.6641,0,34.3511,45,131,44.2748,58,131,25.1908,33,131,22.5896,67,39.6947,52,131,1.2748,76.3359,100,131
09DPR2803R,MARIA PATIÑO VDA DE OLMEDO,MATUTINO,2025-2026,09DPR2803R,MARIA PATIÑO VDA DE OLMEDO,Primaria,ÁLVARO OBREGÓN,-99.22636111,19.337425,362,357,25.4902,0.2801,0,54.902,196,357,28.2913,101,357,43.9776,157,357,18.5026,340,38.9356,139,357,1.2745,99.7199,356,357
09DPR1832F,JOSÉ AGUSTIN RAMIREZ ALTAMIRANO,MATUTINO,2024-2025 | 2025-2026,09DPR1832F,JOSÉ AGUSTIN RAMIREZ ALTAMIRANO,Primaria,ÁLVARO OBREGÓN,-99.20750833,19.38799722,478,413,25.4722,14.0436,0,43.3414,179,413,29.2978,121,413,40.678,168,413,18.8576,354,35.109,145,413,1.2736,85.9564,355,413
09DPR0123Y,PROFR. RAMON DURAND,MATUTINO,2025-2026,09DPR0123Y,PROFR. RAMON DURAND,Primaria,COYOACÁN,-99.16980556,19.31553889,364,340,25.4706,0.8824,0,61.7647,210,340,20.2941,69,340,44.4118,151,340,19.0058,310,41.1765,140,340,1.2735,99.1176,337,340
09DPR1819L,KALPILLI,MATUTINO,2024-2025 | 2025-2026,09DPR1481S,KALPILLI,Primaria,CUAJIMALPA DE MORELOS,-99.29678611,19.36066389,623,758,25.4617,18.4697,0,41.029,311,758,36.9393,280,758,30.8707,234,758,16.368,606,36.6755,278,758,1.2731,81.5303,618,758
09DPR0022Z,PROFR. LUIS AUDIRAC GALVEZ,MATUTINO,2024-2025 | 2025-2026,09DPR0022Z,PROFR. LUIS AUDIRAC GALVEZ,Primaria,ÁLVARO OBREGÓN,-99.23376667,19.37564722,354,326,25.4601,0.3067,0,54.2945,177,326,27.9141,91,326,44.7853,146,326,19.3355,276,40.184,131,326,1.273,99.6933,325,326
09DPR3227N,PROFR. VICENTE MORA,MATUTINO,2024-2025 | 2025-2026,09DPR0010V,PROFR. VICENTE MORA,Primaria,IZTAPALAPA,-99.08324167,19.30241111,530,407,25.4545,11.5479,0,54.2998,221,407,16.4619,67,407,44.9631,183,407,19.7264,345,37.3464,152,407,1.2727,88.4521,360,407
09DPR4236B,AARON CAMACHO LÓPEZ,MATUTINO,2024-2025 | 2025-2026,09DPR4521X,AARON CAMACHO LÓPEZ,Primaria,XOCHIMILCO,-99.02798333,19.25085833,645,589,25.4329,16.8081,0,45.3311,267,589,29.5416,174,589,35.4839,209,589,18.5208,490,33.6163,198,589,1.2716,83.1919,490,589
09DPR2952Z,PINTOR DIEGO RIVERA,VESPERTINO,2024-2025 | 2025-2026,09DPR2952Z,PINTOR DIEGO RIVERA,Primaria,MILPA ALTA,-99.08965,19.19246389,429,151,25.4305,3.9735,0,58.9404,89,151,29.8013,45,151,34.4371,52,151,18.0124,145,33.1126,50,151,1.2715,96.0265,145,151
09DPR4015R,PROFR. LUIS AUDIRAC GALVEZ,VESPERTINO,2024-2025 | 2025-2026,09DPR0022Z,PROFR. LUIS AUDIRAC GALVEZ,Primaria,ÁLVARO OBREGÓN,-99.23376667,19.37564722,168,140,25.4286,0.7143,0,63.5714,89,140,29.2857,41,140,33.5714,47,140,18.639,118,42.8571,60,140,1.2714,99.2857,139,140
09DPR0997H,CARMEN SERDAN,VESPERTINO,2024-2025 | 2025-2026,09DES0169M,CARMEN SERDÁN,Secundaria,ÁLVARO OBREGÓN,-99.246225,19.36003056,174,129,25.4264,0.7752,0,47.2868,61,129,54.2636,70,129,24.8062,32,129,20.1318,88,47.2868,61,129,1.2713,99.2248,128,129
09DPR0012T,SALVADOR  HERMOSO NAJERA,VESPERTINO,2024-2025,09DPR0012T,SALVADOR  HERMOSO NAJERA,Primaria,TLÁHUAC,-99.04636667,19.29240833,190,133,25.4135,9.0226,0,39.8496,53,133,36.8421,49,133,41.3534,55,133,19.0165,121,37.594,50,133,1.2707,90.9774,121,133
09DPR1477F,GUADALUPE VICTORIA,MATUTINO,2024-2025 | 2025-2026,09PJN5024U,GUADALUPE VICTORIA,Preescolar,IZTAPALAPA,-99.015402,19.34962,534,418,25.4067,0.2392,0,50.9569,213,418,34.9282,146,418,40.9091,171,418,19.0702,352,41.1483,172,418,1.2703,99.7608,417,418
09DPR3191P,IGNACIO MARISCAL,VESPERTINO,2024-2025 | 2025-2026,09DPR3020W,IGNACIO MARISCAL,Primaria,GUSTAVO A. MADERO,-99.055075,19.45634167,224,248,25.4032,21.7742,0,42.7419,106,248,41.5323,103,248,20.9677,52,248,17.5822,129,41.129,102,248,1.2702,78.2258,194,248
09DPR1777C,MIGUEL RAMOS ARIZPE,MATUTINO,2024-2025 | 2025-2026,09DES0244C,MIGUEL RAMOS ARIZPE,Secundaria,CUAUHTÉMOC,-99.16785556,19.40367778,387,211,25.4028,0.4739,0,57.346,121,211,18.4834,39,211,50.7109,107,211,19.2443,210,37.4408,79,211,1.2701,99.5261,210,211
09DPR1289M,HEROICOS CADETES,MATUTINO,2024-2025 | 2025-2026,09DPR1289M,HEROICOS CADETES,Primaria,IZTACALCO,-99.12557222,19.38209722,287,215,25.3953,1.8605,0,50.2326,108,215,31.6279,68,215,43.2558,93,215,19.0483,174,40,86,215,1.2698,98.1395,211,215
09DPR2141A,MIGUEL HIDALGO,MATUTINO,2024-2025 | 2025-2026,09PES0749Y,MIGUEL HIDALGO,Secundaria,MILPA ALTA,-98.998541,19.216687,319,267,25.3933,0,0,33.7079,90,267,53.9326,144,267,39.3258,105,267,19.1839,218,41.9476,112,267,1.2697,100,267,267
09DPR5130P,MAESTRO ADOLFO VALLES,VESPERTINO,2024-2025 | 2025-2026,09DPR2034S,MAESTRO ADOLFO VALLES,Primaria,XOCHIMILCO,-99.10799167,19.22682222,432,275,25.3818,27.2727,0,49.0909,135,275,22.9091,63,275,27.6364,76,275,17.9965,200,31.2727,86,275,1.2691,72.7273,200,275
09DPR5047Q,SUSANA IRMA HERRERA MASCORRO,VESPERTINO,2024-2025 | 2025-2026,09DPR3221T,SUSANA IRMA HERRERA MASCORRO,Primaria,GUSTAVO A. MADERO,-99.09981944,19.50629167,94,82,25.3659,43.9024,0,35.3659,29,82,25.6098,21,82,21.9512,18,82,18.0957,46,28.0488,23,82,1.2683,56.0976,46,82
09DPR1769U,ETIOPIA,MATUTINO,2024-2025 | 2025-2026,09DPR1769U,ETIOPIA,Primaria,ÁLVARO OBREGÓN,-99.19525,19.39195833,195,153,25.3595,0,0,47.0588,72,153,36.6013,56,153,43.1373,66,153,19.0067,135,37.9085,58,153,1.268,100,153,153
09DPR2402W,PROFR. JACINTO N. CHAGOYA,MATUTINO,2024-2025 | 2025-2026,09DPR2402W,PROFR. JACINTO N. CHAGOYA,Primaria,CUAUHTÉMOC,-99.13485278,19.46151667,186,146,25.3425,0,0,32.1918,47,146,52.0548,76,146,42.4658,62,146,19.6667,117,43.8356,64,146,1.2671,100,146,146
09DPR2064M,PROFR. LUIS VILLARREAL MARTÍNEZ,MATUTINO,2024-2025,09DPR2064M,PROFR. LUIS VILLARREAL MARTÍNEZ,Primaria,XOCHIMILCO,-99.11124444,19.24289167,414,372,25.3226,20.6989,0,37.3656,139,372,33.6022,125,372,34.9462,130,372,19.2563,295,33.6022,125,372,1.2661,79.3011,295,372
09DPR3299G,PROFRA. MARÍA HAZAS VARGAS,VESPERTINO,2024-2025 | 2025-2026,09DPR3299G,PROFRA. MARÍA HAZAS VARGAS,Primaria,IZTAPALAPA,-98.99517778,19.34689722,204,158,25.3165,3.1646,0,64.557,102,158,35.443,56,158,23.4177,37,158,17.1336,119,43.6709,69,158,1.2658,96.8354,153,158
09DPR1696S,MODELO,MATUTINO,2024-2025 | 2025-2026,09DPR1696S,MODELO,Primaria,MIGUEL HIDALGO,-99.19065278,19.44305556,336,316,25.3165,1.5823,0,47.7848,151,316,36.3924,115,316,40.8228,129,316,19.381,284,37.0253,117,316,1.2658,98.4177,311,316
09DPR2021O,MAESTRO FELIX JIMÉNEZ NÁJERA,MATUTINO,2024-2025,09DPR2021O,MAESTRO FELIX JIMÉNEZ NÁJERA,Primaria,TLÁHUAC,-98.99476667,19.24811111,449,384,25.3125,22.9167,0,54.6875,210,384,19.7917,76,384,29.1667,112,384,17.5081,297,32.0312,123,384,1.2656,77.0833,296,384
09DPR2825C,PROFR. PABLO DAMIAN GONZÁLEZ,MATUTINO,2024-2025 | 2025-2026,09DPR2825C,PROFR. PABLO DAMIAN GONZÁLEZ,Primaria,GUSTAVO A. MADERO,-99.07673889,19.49731667,323,381,25.3018,64.042,0,22.0472,84,381,21.2598,81,381,19.1601,73,381,22.3144,139,23.3596,89,381,1.2651,35.958,137,381
09DPR2753Z,ESTADO DE OAXACA,MATUTINO,2024-2025 | 2025-2026,09DJN1032X,ESTADO DE OAXACA,Preescolar,GUSTAVO A. MADERO,-99.07380556,19.50152222,214,200,25.3,1.5,0,29,58,200,53.5,107,200,42.5,85,200,18.7479,163,43,86,200,1.265,98.5,197,200
09DPR1481S,KALPILLI,VESPERTINO,2024-2025 | 2025-2026,09DPR1481S,KALPILLI,Primaria,CUAJIMALPA DE MORELOS,-99.29678611,19.36066389,270,325,25.2923,22.4615,0,46.1538,150,325,35.0769,114,325,22.7692,74,325,18.4929,183,38.1538,124,325,1.2646,77.5385,252,325
09DPR0995J,PROFRA. MARGARITA LÓPEZ FARFAN,VESPERTINO,2024-2025 | 2025-2026,09DPR2967A,PROFRA. MARGARITA LÓPEZ FARFAN,Primaria,GUSTAVO A. MADERO,-99.13908056,19.56498889,272,257,25.2918,40.0778,0,28.7938,74,257,35.4086,91,257,22.179,57,257,18.9918,122,31.5175,81,257,1.2646,59.9222,154,257
09DPR2905O,VALENTÍN ZAMORA OROZCO,MATUTINO,2024-2025 | 2025-2026,09DPR2905O,VALENTÍN ZAMORA OROZCO,Primaria,CUAUHTÉMOC,-99.16589444,19.41872222,316,310,25.2903,0.9677,0,21.9355,68,310,69.3548,215,310,34.1935,106,310,18.908,251,43.2258,134,310,1.2645,99.0323,307,310
09DPR0865Q,RICARDO FLORES MAGON,MATUTINO,2024-2025 | 2025-2026,09DPR0865Q,RICARDO FLORES MAGON,Primaria,TLÁHUAC,-99.03564444,19.29611111,543,363,25.2893,1.6529,0,48.2094,175,363,27.2727,99,363,49.3113,179,363,18.7579,356,36.0882,131,363,1.2645,98.3471,357,363
09DPR1648I,MARIANO MATAMOROS,MATUTINO,2024-2025 | 2025-2026,09DPR1648I,MARIANO MATAMOROS,Primaria,AZCAPOTZALCO,-99.19098611,19.48873889,433,477,25.283,19.2872,0,30.608,146,477,43.3962,207,477,33.1237,158,477,19.8822,309,37.7358,180,477,1.2642,80.7128,385,477
09DPR1572J,ESTADO DE JALISCO,MATUTINO,2024-2025 | 2025-2026,09DPR1570L,ESTADO DE JALISCO,Primaria,AZCAPOTZALCO,-99.15060278,19.47558056,155,172,25.2326,24.4186,0,35.4651,61,172,44.7674,77,172,21.5116,37,172,17.8857,91,40.6977,70,172,1.2616,75.5814,130,172
09DPR4185L,TEODORO A. DEHESA,MATUTINO,2024-2025 | 2025-2026,09DPR4185L,TEODORO A. DEHESA,Primaria,IZTAPALAPA,-99.08269444,19.30301944,203,138,25.2174,0,0,62.3188,86,138,20.2899,28,138,43.4783,60,138,18.2953,128,39.1304,54,138,1.2609,100,138,138
09DPR3221T,SUSANA IRMA HERRERA MASCORRO,MATUTINO,2024-2025 | 2025-2026,09DPR3221T,SUSANA IRMA HERRERA MASCORRO,Primaria,GUSTAVO A. MADERO,-99.09981944,19.50629167,187,215,25.2093,58.6047,0,34.4186,74,215,14.4186,31,215,18.6047,40,215,18.764,89,23.7209,51,215,1.2605,41.3953,89,215
09DPR2956V,LIC. EMILIO PORTES GIL,MATUTINO,2024-2025 | 2025-2026,09DPR2956V,LIC. EMILIO PORTES GIL,Primaria,COYOACÁN,-99.17116667,19.33503889,261,219,25.2055,21.4612,0,49.3151,108,219,16.4384,36,219,38.8128,85,219,19.5536,166,31.5068,69,219,1.2603,78.5388,172,219
09DPR2038O,TLAMACHKALI,MATUTINO,2024-2025 | 2025-2026,09DPR2038O,TLAMACHKALI,Primaria,TLÁHUAC,-99.05461111,19.29997222,660,375,25.1733,7.7333,0,52.2667,196,375,22.4,84,375,43.4667,163,375,19.0484,345,35.2,132,375,1.2587,92.2667,346,375
09DPR2465H,ENRIQUE C. REBSAMEN,VESPERTINO,2024-2025 | 2025-2026,09DBS0040L,ENRIQUE C REBSAMEN,Adultos - Secundaria,XOCHIMILCO,-99.012,19.25468889,686,352,25.1705,5.6818,0,50.5682,178,352,35.2273,124,352,34.375,121,352,19.1064,296,37.5,132,352,1.2585,94.3182,332,352
09DPR2961G,PROGRESO CAMPESINO,VESPERTINO,2024-2025,09DPR2054F,PROGRESO CAMPESINO,Primaria,MILPA ALTA,-99.03437222,19.17517222,182,151,25.1656,46.3576,0,38.4106,58,151,20.5298,31,151,20.5298,31,151,17.8383,81,25.8278,39,151,1.2583,53.6424,81,151
09DPR1822Z,MAESTRO JUSTO SIERRA,MATUTINO,2024-2025,09DPR1822Z,MAESTRO JUSTO SIERRA,Primaria,CUAJIMALPA DE MORELOS,-99.33401389,19.30742778,566,550,25.1636,24.3636,0,54.3636,299,550,16.1818,89,550,30.9091,170,550,19.6642,416,32,176,550,1.2582,75.6364,416,550
09DPR1319Q,REVOLUCIÓN,MATUTINO,2025-2026,09DPR1174L,REVOLUCION,Primaria,CUAUHTÉMOC,-99.14862222,19.42673333,492,403,25.1613,0.2481,0,34.9876,141,403,56.0794,226,403,34.4913,139,403,19.1753,296,45.1613,182,403,1.2581,99.7519,402,403
09DPR1105P,LIC. MANUEL GUAL VIDAL,VESPERTINO,2025-2026,09DPR1105P,LIC. MANUEL GUAL VIDAL,Primaria,MIGUEL HIDALGO,-99.21009444,19.44240833,62,31,25.1613,0,0,35.4839,11,31,54.8387,17,31,35.4839,11,31,,,51.6129,16,31,1.2581,100,31,31
09DPR2738H,SALVADOR HERMOSO NAJERA,MATUTINO,2024-2025 | 2025-2026,09DPR0012T,SALVADOR  HERMOSO NAJERA,Primaria,TLÁHUAC,-99.04636667,19.29240833,233,97,25.1546,28.866,0,21.6495,21,97,38.1443,37,97,37.1134,36,97,19.2662,68,30.9278,30,97,1.2577,71.134,69,97
09DPR0043M,CARLOS MARIA BUSTAMANTE,VESPERTINO,2024-2025 | 2025-2026,09DPR0144K,CARLOS MARIA BUSTAMANTE,Primaria,CUAJIMALPA DE MORELOS,-99.28806667,19.37253611,276,295,25.1525,13.8983,0,42.3729,125,295,33.8983,100,295,35.5932,105,295,18.6154,254,35.2542,104,295,1.2576,86.1017,254,295
09DPR3123S,PROFR. OTILIO MONTAÑO,MATUTINO,2024-2025,09DPR2924C,PROFR. OTILIO MONTAÑO,Primaria,TLÁHUAC,-99.00004444,19.27851389,684,669,25.142,38.1166,0,35.8744,240,669,21.2257,142,669,30.4933,204,669,19.2442,414,28.6996,192,669,1.2571,61.8834,414,669
09DPR1885K,BENEMERITO DE LAS AMERICAS,MATUTINO,2025-2026,09DPR1885K,BENEMERITO DE LAS AMERICAS,Primaria,ÁLVARO OBREGÓN,-99.17501667,19.35701389,185,144,25.1389,0,0,39.5833,57,144,38.8889,56,144,47.2222,68,144,19.7929,113,44.4444,64,144,1.2569,100,144,144
09DPR2716W,CONSTITUYENTE ING. JULIAN ADAME ALATORRE,MATUTINO,2025-2026,09DPR2716W,CONSTITUYENTE ING. JULIAN ADAME ALATORRE,Primaria,COYOACÁN,-99.16196944,19.35173333,444,432,25.1389,11.3426,0,34.2593,148,432,41.8981,181,432,38.1944,165,432,18.4405,375,35.8796,155,432,1.2569,88.6574,383,432
09DPR3295K,PROFR. JOSÉ DAVILA,VESPERTINO,2025-2026,09DPR3295K,PROFR. JOSÉ DAVILA,Primaria,IZTAPALAPA,-99.07120556,19.33275,165,113,25.1327,2.6549,0,51.3274,58,113,35.3982,40,113,36.2832,41,113,18.5793,92,37.1681,42,113,1.2566,97.3451,110,113
09DPR5116W,LUCIO CABAÑAS BARRIENTOS,VESPERTINO,2024-2025 | 2025-2026,09DPR5114Y,LUCIO CABAÑAS BARRIENTOS,Primaria,IZTAPALAPA,-99.03964167,19.32173056,392,304,25.1316,0,0,48.3553,147,304,43.75,133,304,33.5526,102,304,18.8624,218,43.75,133,304,1.2566,100,304,304
09DPR3095M,FRANCISCO NICODEMO,MATUTINO,2024-2025,09DPR3095M,FRANCISCO NICODEMO,Primaria,LA MAGDALENA CONTRERAS,-99.23812222,19.30514444,444,425,25.1294,16.9412,0,35.0588,149,425,34.1176,145,425,39.5294,168,425,18.8601,353,35.7647,152,425,1.2565,83.0588,353,425
09DPR2792B,DR. IGNACIO CHÁVEZ,VESPERTINO,2024-2025 | 2025-2026,09DPR2792B,DR. IGNACIO CHÁVEZ,Primaria,IZTAPALAPA,-99.03588611,19.38180278,57,39,25.1282,2.5641,0,51.2821,20,39,46.1538,18,39,25.641,10,39,17.5395,38,35.8974,14,39,1.2564,97.4359,38,39
09DPR3206A,PROFR HERMILO ZAVALZA DEL VALLE,MATUTINO,2024-2025 | 2025-2026,09DPR0035D,PROFR. HERMILO ZAVALZA DEL VALLE,Primaria,TLALPAN,-99.22308611,19.27502778,526,398,25.1256,0.7538,0,64.8241,258,398,20.3518,81,398,39.6985,158,398,19.8739,341,39.6985,158,398,1.2563,99.2462,395,398
09DPR1735D,GENERAL ANDRES FIGUEROA,MATUTINO,2025-2026,09DPR1735D,GENERAL ANDRES FIGUEROA,Primaria,MIGUEL HIDALGO,-99.19226389,19.45408889,126,82,25.122,0,0,32.9268,27,82,58.5366,48,82,34.1463,28,82,19.9143,49,50,41,82,1.2561,100,82,82
09DPR5104R,MURALISTA ALFREDO ZALCE,MATUTINO,2024-2025 | 2025-2026,09DPR5104R,MURALISTA ALFREDO ZALCE,Primaria,IZTAPALAPA,-99.08032778,19.32849444,348,184,25.1087,1.087,0,59.2391,109,184,13.0435,24,184,52.1739,96,184,19.4839,174,39.1304,72,184,1.2554,98.913,182,184
09DPR4243L,ANTONIO SANCHEZ MOLINA,MATUTINO,2024-2025 | 2025-2026,09DPR5011B,ANTONIO SANCHEZ MOLINA,Primaria,TLALPAN,-99.23013333,19.29253611,237,231,25.1082,3.8961,0,42.4242,98,231,44.1558,102,231,35.0649,81,231,18.0937,207,35.0649,81,231,1.2554,96.1039,222,231
09DPR1456T,TONANTZIN,VESPERTINO,2024-2025 | 2025-2026,09DBA0010S,TONANTZIN,Adultos - Primaria,GUSTAVO A. MADERO,-99.09223889,19.50260278,106,145,25.1034,22.069,0,43.4483,63,145,26.8966,39,145,33.1034,48,145,21.7348,92,34.4828,50,145,1.2552,77.931,113,145
09DPR2582X,COYOLXAUHQUI,MATUTINO,2025-2026,09DJN0312Z,COYOLXAUHQUI,Preescolar,CUAJIMALPA DE MORELOS,-99.33439722,19.30725833,271,196,25.102,0.5102,0,41.8367,82,196,36.7347,72,196,46.4286,91,196,19.3978,182,38.7755,76,196,1.2551,99.4898,195,196
09DPR2342Y,RODOLFO MENENDEZ,VESPERTINO,2025-2026,09DPR2342Y,RODOLFO MENENDEZ,Primaria,CUAUHTÉMOC,-99.12868889,19.43606389,69,55,25.0909,0,0,29.0909,16,55,56.3636,31,55,40,22,55,20.13,40,43.6364,24,55,1.2545,100,55,55
09DPR2658W,GRAL. SANTOS DEGOLLADO,VESPERTINO,2024-2025 | 2025-2026,09DPR1791W,GRAL. SANTOS DEGOLLADO,Primaria,CUAJIMALPA DE MORELOS,-99.32628889,19.33090278,260,244,25.082,2.8689,0,45.9016,112,244,44.2623,108,244,32.377,79,244,17.5515,237,38.5246,94,244,1.2541,97.1311,237,244
09DPR0934W,PLAN DE ONCE AÑOS,VESPERTINO,2025-2026,09DPR0934W,PLAN DE ONCE AÑOS,Primaria,IZTACALCO,-99.12153333,19.38986667,92,63,25.0794,0,0,41.2698,26,63,44.4444,28,63,39.6825,25,63,20.254,50,44.4444,28,63,1.254,100,63,63
09DPR0874Y,PROFRA. CARMEN DOMÍNGUEZ AGUIRRE,MATUTINO,2024-2025,09DPR0873Z,PROFRA. CARMEN DOMÍNGUEZ AGUIRRE,Primaria,LA MAGDALENA CONTRERAS,-99.24826944,19.315875,175,158,25.0633,20.2532,0,41.7722,66,158,35.443,56,158,27.8481,44,158,17.4897,126,34.1772,54,158,1.2532,79.7468,126,158
09DPR0004K,PROFRA. HERMINIA ORDOÑEZ TORRES,MATUTINO,2024-2025,09DPR0004K,PROFRA. HERMINIA ORDOÑEZ TORRES,Primaria,XOCHIMILCO,-99.11128333,19.26803333,320,317,25.0473,11.9874,0,54.2587,172,317,18.2965,58,317,40.694,129,317,18.8391,279,34.7003,110,317,1.2524,88.0126,279,317
09DPR1827U,JOSÉ LUIS VIEYRA GONZÁLEZ,MATUTINO,2024-2025 | 2025-2026,09DPR1827U,JOSÉ LUIS VIEYRA GONZÁLEZ,Primaria,CUAJIMALPA DE MORELOS,-99.29626667,19.35344722,490,484,25.0413,8.6777,0,29.3388,142,484,57.2314,277,484,29.9587,145,484,16.2332,398,40.0826,194,484,1.2521,91.3223,442,484
09DPR1517Q,REPÚBLICA DE URUGUAY,MATUTINO,2024-2025 | 2025-2026,09DPR1517Q,REPÚBLICA DE URUGUAY,Primaria,GUSTAVO A. MADERO,-99.11968333,19.46280278,442,517,25.029,25.1451,0,31.3346,162,517,41.9729,217,517,26.6925,138,517,19.5412,291,36.3636,188,517,1.2515,74.8549,387,517
09DPR2657X,PLAN DE AYALA,VESPERTINO,2024-2025,09PPR1488Q,PLAN DE AYALA,Primaria,MILPA ALTA,-99.075159,19.187855,287,251,25.0199,23.1076,0,39.4422,99,251,21.9124,55,251,40.6375,102,251,21.0404,193,29.8805,75,251,1.251,76.8924,193,251
09DPR0902D,ESTADO DE SINALOA,MATUTINO,2024-2025 | 2025-2026,09DPR0902D,ESTADO DE SINALOA,Primaria,IZTACALCO,-99.11826389,19.40303056,330,267,25.0187,0,0,38.2022,102,267,53.5581,143,267,33.3333,89,267,18.9994,165,47.5655,127,267,1.2509,100,267,267
09DPR1132M,CENTRO URBANO PRESIDENTE ALEMAN,MATUTINO,2025-2026,09DPR1132M,CENTRO URBANO PRESIDENTE ALEMAN,Primaria,BENITO JUÁREZ,-99.17049444,19.37297222,315,252,25,13.4921,0,20.2381,51,252,46.8254,118,252,44.4444,112,252,19.0598,214,35.7143,90,252,1.25,86.5079,218,252
09DPR1434H,GRAL. GERTRUDIS G. SANCHEZ,MATUTINO,2024-2025 | 2025-2026,09DPR1434H,GRAL. GERTRUDIS G. SANCHEZ,Primaria,GUSTAVO A. MADERO,-99.10048611,19.46481389,212,257,24.9805,22.5681,0,39.6887,102,257,36.5759,94,257,26.07,67,257,19.1359,145,36.5759,94,257,1.249,77.4319,199,257
09DPR0049G,PROFR. CARLOS SANDOVAL SEVILLA,MATUTINO,2024-2025 | 2025-2026,09DPR0049G,PROFR. CARLOS SANDOVAL SEVILLA,Primaria,IZTAPALAPA,-99.0815,19.38554722,394,330,24.9697,0,0,21.5152,71,330,62.4242,206,330,40.9091,135,330,18.4903,309,38.1818,126,330,1.2485,100,330,330
09DPR1786K,VALERIO TRUJANO,MATUTINO,2024-2025 | 2025-2026,09DPR1786K,VALERIO TRUJANO,Primaria,CUAJIMALPA DE MORELOS,-99.31610556,19.35353333,489,565,24.9558,16.1062,0,44.0708,249,565,35.5752,201,565,29.0265,164,565,18.264,405,36.4602,206,565,1.2478,83.8938,474,565
09DPR2348S,FRAY MELCHOR DE TALAMANTES,MATUTINO,2024-2025 | 2025-2026,09DPR2348S,FRAY MELCHOR DE TALAMANTES,Primaria,VENUSTIANO CARRANZA,-99.12141389,19.43741389,194,202,24.9505,10.8911,0,40.099,81,202,29.703,60,202,44.0594,89,202,36.1082,158,37.1287,75,202,1.2475,89.1089,180,202
09DPR4221Z,TEODORO A. DEHESA,VESPERTINO,2025-2026,09DPR4185L,TEODORO A. DEHESA,Primaria,IZTAPALAPA,-99.08269444,19.30301944,164,81,24.9383,0,0,69.1358,56,81,13.5802,11,81,41.9753,34,81,18.5688,80,35.8025,29,81,1.2469,100,81,81
09DPR2739G,ESTADO DE OAXACA,VESPERTINO,2024-2025 | 2025-2026,09DJN1032X,ESTADO DE OAXACA,Preescolar,GUSTAVO A. MADERO,-99.07380556,19.50152222,107,77,24.9351,16.8831,0,37.6623,29,77,53.2468,41,77,16.8831,13,77,17.1636,55,36.3636,28,77,1.2468,83.1169,64,77
09DPR0962S,PROFRA. CARMEN COSGAYA RIVAS,VESPERTINO,2024-2025 | 2025-2026,09DPR0905A,PROFRA. CARMEN COSGAYA RIVAS,Primaria,GUSTAVO A. MADERO,-99.13769167,19.54418056,396,427,24.918,11.007,0,33.2553,142,427,47.7752,204,427,32.5527,139,427,17.7563,336,37.9391,162,427,1.2459,88.993,380,427
09DPR2752A,HERÓICA VERACRUZ,MATUTINO,2024-2025 | 2025-2026,09DPR2752A,HERÓICA VERACRUZ,Primaria,GUSTAVO A. MADERO,-99.08941667,19.48766389,482,529,24.9149,51.7958,0,25.1418,133,529,29.4896,156,529,18.1474,96,529,18.1236,254,24.0076,127,529,1.2457,48.2042,255,529
09DPR2544U,GRAL. DE DIVISION MARCIANO GONZÁLEZ,MATUTINO,2024-2025 | 2025-2026,09DPR2544U,GRAL. DE DIVISION MARCIANO GONZÁLEZ,Primaria,COYOACÁN,-99.11573333,19.33181667,398,338,24.9112,10.0592,0,59.4675,201,338,20.4142,69,338,34.6154,117,338,18.2811,296,34.3195,116,338,1.2456,89.9408,304,338
09DPR1616Q,CIUDAD REYNOSA,MATUTINO,2024-2025 | 2025-2026,09DPR1615R,CIUDAD REYNOSA,Primaria,AZCAPOTZALCO,-99.188425,19.49303056,232,216,24.9074,31.0185,0,30.5556,66,216,29.6296,64,216,33.3333,72,216,20.2634,134,29.6296,64,216,1.2454,68.9815,149,216
09DPR1630J,REPÚBLICA DE COREA,MATUTINO,2024-2025 | 2025-2026,09DPR1630J,REPÚBLICA DE COREA,Primaria,AZCAPOTZALCO,-99.17272222,19.47418333,317,359,24.9025,24.5125,0,27.0195,97,359,48.1894,173,359,24.7911,89,359,18.6015,202,36.7688,132,359,1.2451,75.4875,271,359
09DPR2057C,PLAN DE AYALA,MATUTINO,2024-2025,09PPR1488Q,PLAN DE AYALA,Primaria,MILPA ALTA,-99.075159,19.187855,675,568,24.8944,24.6479,0,48.2394,274,568,12.3239,70,568,39.2606,223,568,19.2502,428,30.4577,173,568,1.2447,75.3521,428,568
09DPR4168V,PROFR. ANTONIO S. LÓPEZ,VESPERTINO,2024-2025 | 2025-2026,09DPR4168V,PROFR. ANTONIO S. LÓPEZ,Primaria,ÁLVARO OBREGÓN,-99.23501389,19.35776111,257,233,24.8927,0,0,66.5236,155,233,16.309,38,233,41.6309,97,233,19.0167,215,38.1974,89,233,1.2446,100,233,233
09DPR1141U,JOSÉ MARTI,MATUTINO,2024-2025 | 2025-2026,09DES0084F,JOSÉ MARTI,Secundaria,IZTAPALAPA,-99.10729167,19.34555278,243,250,24.88,3.6,0,33.2,83,250,66,165,250,21.6,54,250,16.7814,194,38.4,96,250,1.244,96.4,241,250
09DPR4007I,PROFRA. CONCEPCION TARAZAGA COLOMER,VESPERTINO,2024-2025 | 2025-2026,09DPR4008H,PROFRA. CONCEPCION TARAZAGA COLOMER,Primaria,TLALPAN,-99.241175,19.28284722,200,173,24.8555,1.7341,0,61.8497,107,173,26.0116,45,173,34.6821,60,173,18.3312,154,42.1965,73,173,1.2428,98.2659,170,173
09DPR1015X,TEZIUTLAN,MATUTINO,2025-2026,09DPR1015X,TEZIUTLAN,Primaria,VENUSTIANO CARRANZA,-99.09253611,19.418975,175,165,24.8485,0,0,36.9697,61,165,59.3939,98,165,27.8788,46,165,17.9407,118,42.4242,70,165,1.2424,100,165,165
09DPR1075L,JOSÉ MARÍA MERCADO,VESPERTINO,2024-2025 | 2025-2026,09DPR1075L,JOSÉ MARÍA MERCADO,Primaria,IZTAPALAPA,-99.04866944,19.39513611,236,165,24.8485,0,0,46.6667,77,165,47.8788,79,165,29.697,49,165,18.9299,97,49.0909,81,165,1.2424,100,165,165
09DPR1351Z,JERONIMO FIGUEROA,MATUTINO,2024-2025 | 2025-2026,09DPR1351Z,JERONIMO FIGUEROA,Primaria,GUSTAVO A. MADERO,-99.15330833,19.52117222,128,190,24.8421,42.6316,0,16.8421,32,190,42.1053,80,190,22.6316,43,190,18.8882,93,29.4737,56,190,1.2421,57.3684,109,190
09DPR2130V,MTRO. ENRIQUE C. REBSAMEN,MATUTINO,2024-2025 | 2025-2026,09DPR2130V,MTRO. ENRIQUE C. REBSAMEN,Primaria,GUSTAVO A. MADERO,-99.07919167,19.49781667,282,314,24.8408,17.1975,0,53.5032,168,314,26.4331,83,314,27.0701,85,314,19.3905,220,36.3057,114,314,1.242,82.8025,260,314
09DPR5147P,PROFR. MAXIMILIANO MOLINA FUENTE,MATUTINO,2024-2025 | 2025-2026,09DPR5147P,PROFR. MAXIMILIANO MOLINA FUENTE,Primaria,TLALPAN,-99.1484,19.20200556,856,828,24.8309,0.3623,0,43.8406,363,828,37.6812,312,828,42.2705,350,828,18.9397,725,39.7343,329,828,1.2415,99.6377,825,828
09DPR2231T,SOMALIA,MATUTINO,2024-2025 | 2025-2026,09DPR2231T,SOMALIA,Primaria,TLALPAN,-99.124325,19.28735,487,443,24.8307,0.4515,0,45.8239,203,443,39.2777,174,443,38.6005,171,443,18.4866,404,40.1806,178,443,1.2415,99.5485,441,443
09DPR2376O,LUCIO TAPIA,MATUTINO,2024-2025 | 2025-2026,09DPR2376O,LUCIO TAPIA,Primaria,CUAUHTÉMOC,-99.13065833,19.445975,190,141,24.8227,1.4184,0,52.4823,74,141,29.7872,42,141,40.4255,57,141,18.9802,111,41.1348,58,141,1.2411,98.5816,139,141
09DPR0903C,ESTADO DE SONORA,MATUTINO,2024-2025 | 2025-2026,09DPR0903C,ESTADO DE SONORA,Primaria,CUAUHTÉMOC,-99.13208611,19.45614167,113,108,24.8148,1.8519,0,38.8889,42,108,58.3333,63,108,25,27,108,17.9489,94,37.963,41,108,1.2407,98.1481,106,108
09DPR3272Z,MAESTRO MARIO DE LA CUEVA,MATUTINO,2024-2025 | 2025-2026,09DPR3272Z,MAESTRO MARIO DE LA CUEVA,Primaria,GUSTAVO A. MADERO,-99.08886667,19.481675,234,254,24.8031,18.5039,0,25.5906,65,254,48.4252,123,254,31.4961,80,254,19.2584,161,36.2205,92,254,1.2402,81.4961,207,254
09DPR2108T,ARTEMIO DE VALLE ARIZPE,VESPERTINO,2024-2025 | 2025-2026,09DJN0363G,ARTEMIO DE VALLE ARIZPE,Preescolar,IZTAPALAPA,-99.01178056,19.36178056,86,75,24.8,1.3333,0,56,42,75,34.6667,26,75,32,24,75,18.6608,51,46.6667,35,75,1.24,98.6667,74,75
09DPR1242S,MÁRTIRES DE LA REFORMA,VESPERTINO,2025-2026,09DPR1242S,MÁRTIRES DE LA REFORMA,Primaria,IZTAPALAPA,-99.10918889,19.33201389,95,75,24.8,0,0,60,45,75,26.6667,20,75,37.3333,28,75,19.5291,55,41.3333,31,75,1.24,100,75,75
09DPR4523V,YECAHUIZOTL,VESPERTINO,2024-2025,09DPR4506E,YECAHUIZOTL,Primaria,TLÁHUAC,-98.97209444,19.30796944,235,175,24.8,26.2857,0,30.2857,53,175,39.4286,69,175,28,49,175,18.3473,129,30.2857,53,175,1.24,73.7143,129,175
09DPR2138N,14 DE JULIO,MATUTINO,2024-2025 | 2025-2026,09DPR2138N,14 DE JULIO,Primaria,AZCAPOTZALCO,-99.15745,19.47019444,104,100,24.8,27,0,25,25,100,43,43,100,29,29,100,20.3154,52,38,38,100,1.24,73,73,100
09DPR2723F,XOCHIMILCO,VESPERTINO,2024-2025,09DJN0073Q,XOCHIMILCO,Preescolar,XOCHIMILCO,-99.10267222,19.27168889,170,146,24.7945,38.3562,0,23.2877,34,146,36.3014,53,146,26.0274,38,146,18.4144,90,28.0822,41,146,1.2397,61.6438,90,146
09DPR4205I,EVERARDO CRUZ SALMERON,MATUTINO,2025-2026,09DPR4205I,EVERARDO CRUZ SALMERON,Primaria,TLALPAN,-99.18416667,19.25675833,460,338,24.7929,6.8047,0,59.4675,201,338,14.2012,48,338,43.4911,147,338,18.6343,309,33.1361,112,338,1.2396,93.1953,315,338
09DPR1952S,REPÚBLICA DE CHECOSLOVAQUIA,MATUTINO,2025-2026,09DJN0857R,REPÚBLICA DE CHECOSLOVAQUIA,Preescolar,IZTAPALAPA,-99.044175,19.32727222,385,351,24.7863,0,0,41.5954,146,351,39.0313,137,351,43.3048,152,351,19.1649,319,40.7407,143,351,1.2393,100,351,351
09DPR3131A,21 DE MARZO,MATUTINO,2024-2025 | 2025-2026,09DPR3131A,21 DE MARZO,Primaria,CUAUHTÉMOC,-99.16103611,19.405025,156,134,24.7761,0,0,23.1343,31,134,62.6866,84,134,38.0597,51,134,19.3505,105,41.0448,55,134,1.2388,100,134,134
09DPR5064G,MIGUEL BUSTOS CERECEDO,VESPERTINO,2025-2026,09DPR5064G,MIGUEL BUSTOS CERECEDO,Primaria,TLALPAN,-99.14893333,19.23837222,242,122,24.7541,1.6393,0,54.0984,66,122,29.5082,36,122,38.5246,47,122,19.0391,115,37.7049,46,122,1.2377,98.3607,120,122
09DPR2293F,REPÚBLICA DE JAMAICA,MATUTINO,2024-2025 | 2025-2026,09DPR2293F,REPÚBLICA DE JAMAICA,Primaria,ÁLVARO OBREGÓN,-99.24018611,19.37920833,245,202,24.7525,1.9802,0,38.6139,78,202,41.0891,83,202,42.0792,85,202,19.1753,170,39.1089,79,202,1.2376,98.0198,198,202
09DPR1825W,DR. JOSÉ ELEUTERIO GONZÁLEZ,MATUTINO,2024-2025 | 2025-2026,09DPR1825W,DR. JOSÉ ELEUTERIO GONZÁLEZ,Primaria,MIGUEL HIDALGO,-99.17923333,19.40284722,278,221,24.7059,0,0,16.7421,37,221,68.7783,152,221,38.009,84,221,19.5055,165,43.8914,97,221,1.2353,100,221,221
09DPR1548J,MIGUEL HIDALGO,MATUTINO,2024-2025 | 2025-2026,09PES0749Y,MIGUEL HIDALGO,Secundaria,MILPA ALTA,-98.998541,19.216687,259,349,24.6991,22.6361,0,24.3553,85,349,44.1261,154,349,32.3782,113,349,20.878,209,36.9628,129,349,1.235,77.3639,270,349
09DPR2906N,SECRETARIA DE COMERCIO Y FOMENTO INDUSTRIAL,MATUTINO,2024-2025 | 2025-2026,09DPR2906N,SECRETARIA DE COMERCIO Y FOMENTO INDUSTRIAL,Primaria,CUAUHTÉMOC,-99.15956389,19.41394167,184,146,24.6575,0.6849,0,29.4521,43,146,44.5205,65,146,48.6301,71,146,20.0465,129,36.3014,53,146,1.2329,99.3151,145,146
09DPR1133L,PATRIMONIO NACIONAL,MATUTINO,2024-2025 | 2025-2026,09DPR1133L,PATRIMONIO NACIONAL,Primaria,BENITO JUÁREZ,-99.17243056,19.389325,105,116,24.6552,7.7586,0,38.7931,45,116,31.8966,37,116,44.8276,52,116,19.2809,89,38.7931,45,116,1.2328,92.2414,107,116
09DPR1462D,FILOMENO MATA,VESPERTINO,2024-2025 | 2025-2026,09DPR1462D,FILOMENO MATA,Primaria,GUSTAVO A. MADERO,-99.122,19.50553056,154,172,24.6512,33.1395,0,33.7209,58,172,34.3023,59,172,22.093,38,172,19.7529,70,33.7209,58,172,1.2326,66.8605,115,172
09DPR0057P,MARIANO ESCOBEDO,VESPERTINO,2024-2025 | 2025-2026,09DPR4215P,MARIANO ESCOBEDO,Primaria,ÁLVARO OBREGÓN,-99.23763056,19.35965556,232,151,24.6358,0,0,62.2517,94,151,29.1391,44,151,31.7881,48,151,18.5949,118,41.7219,63,151,1.2318,100,151,151
09DPR1908E,RICARDO GÓMEZ,MATUTINO,2024-2025 | 2025-2026,09DPR1908E,RICARDO GÓMEZ,Primaria,ÁLVARO OBREGÓN,-99.19935556,19.34101944,303,247,24.6154,0.4049,0,46.9636,116,247,36.8421,91,247,38.8664,96,247,19.732,206,39.6761,98,247,1.2308,99.5951,246,247
09DPR5112Z,EULALIA GUZMÁN BARRON,VESPERTINO,2024-2025 | 2025-2026,09DPR5112Z,EULALIA GUZMÁN BARRON,Primaria,ÁLVARO OBREGÓN,-99.23226111,19.35714722,154,126,24.6032,0.7937,0,41.2698,52,126,48.4127,61,126,32.5397,41,126,19.0422,102,39.6825,50,126,1.2302,99.2063,125,126
09DPR2378M,LUIS G. LEON,MATUTINO,2024-2025 | 2025-2026,09DPR2378M,LUIS G. LEON,Primaria,CUAUHTÉMOC,-99.13238056,19.44773889,144,126,24.6032,1.5873,0,42.8571,54,126,45.2381,57,126,33.3333,42,126,18.452,98,39.6825,50,126,1.2302,98.4127,124,126
09DPR3147B,FRANCISCO LARROYO,MATUTINO,2024-2025 | 2025-2026,09DPR3147B,FRANCISCO LARROYO,Primaria,COYOACÁN,-99.14964444,19.32698611,453,413,24.6005,15.2542,0,54.4794,225,413,16.9492,70,413,36.3196,150,413,18.5775,346,30.5085,126,413,1.23,84.7458,350,413
09DPR4215P,MARIANO ESCOBEDO,MATUTINO,2025-2026,09DPR4215P,MARIANO ESCOBEDO,Primaria,ÁLVARO OBREGÓN,-99.23763056,19.35965556,301,288,24.5833,0,0,59.0278,170,288,10.0694,29,288,53.8194,155,288,20.2508,262,40.2778,116,288,1.2292,100,288,288
09DPR5024F,JULIA NAVA RUIZ SANCHEZ,MATUTINO,2024-2025,09DPR5024F,JULIA NAVA RUIZ SANCHEZ,Primaria,TLÁHUAC,-99.00416111,19.25897222,453,450,24.5778,15.7778,0,12.4444,56,450,51.7778,233,450,42.8889,193,450,19.4421,380,33.5556,151,450,1.2289,84.2222,379,450
09DPR2006W,MARTINA ISLAS,MATUTINO,2024-2025 | 2025-2026,09DPR2008U,MARTINA ISLAS,Primaria,TLALPAN,-99.16790833,19.26588333,347,328,24.5732,1.8293,0,46.0366,151,328,30.4878,100,328,44.5122,146,328,18.7309,304,38.1098,125,328,1.2287,98.1707,322,328
09DPR4164Z,BENITO PÉREZ GALDOS,VESPERTINO,2024-2025 | 2025-2026,09DPR4163Z,BENITO PÉREZ GALDOS,Primaria,IZTAPALAPA,-98.98928333,19.34596111,174,105,24.5714,0,0,57.1429,60,105,23.8095,25,105,41.9048,44,105,18.3438,105,36.1905,38,105,1.2286,100,105,105
09DPR2958T,VILLA ESTRELLA,MATUTINO,2024-2025 | 2025-2026,09DPR2958T,VILLA ESTRELLA,Primaria,IZTAPALAPA,-99.09114444,19.35264167,197,184,24.5652,0,0,33.6957,62,184,59.2391,109,184,29.8913,55,184,18.6311,122,44.0217,81,184,1.2283,100,184,184
09DPR4227U,GUILLEN DE LAMPART,MATUTINO,2024-2025 | 2025-2026,09DPR4227U,GUILLEN DE LAMPART,Primaria,COYOACÁN,-99.169925,19.31027222,393,342,24.5614,10.2339,0,50.8772,174,342,22.807,78,342,38.8889,133,342,19.5648,273,37.1345,127,342,1.2281,89.7661,307,342
09DPR2077Q,GREGORIO TORRES QUINTERO,MATUTINO,2024-2025 | 2025-2026,09DJN0910W,GREGORIO TORRES QUINTERO,Preescolar,COYOACÁN,-99.10751944,19.3193,450,408,24.5588,24.5098,0,33.5784,137,408,27.9412,114,408,36.7647,150,408,19.1818,307,29.1667,119,408,1.2279,75.4902,308,408
09DPR2678J,PROFR. ALFREDO BASURTO GARCÍA,VESPERTINO,2024-2025 | 2025-2026,09DPR2678J,PROFR. ALFREDO BASURTO GARCÍA,Primaria,COYOACÁN,-99.15815278,19.31206944,83,79,24.557,10.1266,0,53.1646,42,79,29.1139,23,79,30.3797,24,79,18.54,55,39.2405,31,79,1.2278,89.8734,71,79
09DPR5139G,JAIME SABINES,VESPERTINO,2024-2025 | 2025-2026,09DPR5105Q,JAIME SABINES,Primaria,IZTAPALAPA,-99.00394444,19.33298611,288,259,24.556,20.8494,0,40.5405,105,259,28.5714,74,259,32.8185,85,259,17.8429,205,32.4324,84,259,1.2278,79.1506,205,259
09DPR4103L,ROSA VILLANUEVA RAMOS,VESPERTINO,2024-2025,09DPR0052U,ROSA VILLANUEVA RAMOS,Primaria,MILPA ALTA,-98.99201111,19.21435,386,347,24.5533,14.121,0,48.9914,170,347,31.9885,111,347,27.6657,96,347,15.1849,299,35.4467,123,347,1.2277,85.879,298,347
09DPR2974K,PROFR. VICTORIANO GUZMÁN,MATUTINO,2024-2025 | 2025-2026,09DPR2974K,PROFR. VICTORIANO GUZMÁN,Primaria,COYOACÁN,-99.15980278,19.32406111,381,388,24.5361,1.0309,0,45.6186,177,388,31.4433,122,388,44.5876,173,388,18.7098,348,38.1443,148,388,1.2268,98.9691,384,388
09DPR2530R,ESTADO DE COAHUILA,MATUTINO,2024-2025 | 2025-2026,09DPR2530R,ESTADO DE COAHUILA,Primaria,CUAUHTÉMOC,-99.15660556,19.41785556,174,150,24.5333,0,0,37.3333,56,150,52,78,150,33.3333,50,150,19.5696,115,43.3333,65,150,1.2267,100,150,150
09DPR1298U,GENERAL ANAYA,MATUTINO,2024-2025 | 2025-2026,09DPR1298U,GENERAL ANAYA,Primaria,BENITO JUÁREZ,-99.14003333,19.37224722,335,217,24.5161,0.4608,0,67.2811,146,217,10.5991,23,217,44.2396,96,217,18.6624,213,35.9447,78,217,1.2258,99.5392,216,217
09DPR1095Z,LIC. CARLOS ZAPATA VELA,MATUTINO,2024-2025 | 2025-2026,09DPR1095Z,LIC. CARLOS ZAPATA VELA,Primaria,IZTACALCO,-99.10535,19.39396111,283,209,24.4976,0,0,39.7129,83,209,55.9809,117,209,26.7943,56,209,18.1556,142,45.4545,95,209,1.2249,100,209,209
09DPR5066E,PROFR. RAFAEL C. HARO,MATUTINO,2024-2025,09DPR5066E,PROFR. RAFAEL C. HARO,Primaria,XOCHIMILCO,-99.124975,19.27752778,521,495,24.4848,12.9293,0,47.6768,236,495,23.6364,117,495,38.1818,189,495,18.9088,431,34.3434,170,495,1.2242,87.0707,431,495
09DPR0103K,PROFR. ANTONIO CEDEÑO,MATUTINO,2024-2025 | 2025-2026,09DPR0005J,PROFR. ANTONIO CEDEÑO,Primaria,IZTAPALAPA,-99.05108889,19.32975833,541,523,24.4742,0.1912,0,27.5335,144,523,59.0822,309,523,35.5641,186,523,19.486,335,43.5946,228,523,1.2237,99.8088,522,523
09DPR0019M,DANIEL COSIO VILLEGAS,MATUTINO,2024-2025 | 2025-2026,09DPR4165Y,DANIEL COSIO VILLEGAS,Primaria,TLÁHUAC,-99.03792778,19.31230556,486,434,24.47,26.9585,0,46.3134,201,434,16.8203,73,434,32.2581,140,434,17.6762,315,29.4931,128,434,1.2235,73.0415,317,434
09DPR1949E,REPÚBLICA DE NICARAGUA,MATUTINO,2024-2025 | 2025-2026,09DES4074Z,REPÚBLICA DE NICARAGUA,Secundaria,GUSTAVO A. MADERO,-99.095375,19.49694444,225,175,24.4571,0,0,45.1429,79,175,37.1429,65,175,40,70,175,18.6404,151,42.8571,75,175,1.2229,100,175,175
09DPR4017P,RAFAEL DONDE,MATUTINO,2025-2026,09DPR4017P,RAFAEL DONDE,Primaria,IZTAPALAPA,-98.997525,19.35018611,407,382,24.4503,0,0,43.1937,165,382,37.9581,145,382,41.0995,157,382,19.2337,332,40.8377,156,382,1.2225,100,382,382
09DPR1615R,CIUDAD REYNOSA,VESPERTINO,2024-2025 | 2025-2026,09DPR1615R,CIUDAD REYNOSA,Primaria,AZCAPOTZALCO,-99.188425,19.49303056,100,99,24.4444,19.1919,0,41.4141,41,99,30.303,30,99,31.3131,31,99,19.0304,69,35.3535,35,99,1.2222,80.8081,80,99
09DPR2848N,PROFR. CECILIO MIJARES POBLANO,MATUTINO,2024-2025 | 2025-2026,09DPR2749N,PROFR. CECILIO MIJARES POBLANO,Primaria,TLALPAN,-99.23698611,19.27231389,714,549,24.4444,1.0929,0,62.1129,341,549,18.2149,100,549,40.8015,224,549,18.6809,512,35.7013,196,549,1.2222,98.9071,543,549
09DPR4211T,EULALIA GUZMÁN BARRON,MATUTINO,2025-2026,09DPR5112Z,EULALIA GUZMÁN BARRON,Primaria,ÁLVARO OBREGÓN,-99.23226111,19.35714722,267,266,24.4361,0,0,52.6316,140,266,34.9624,93,266,34.5865,92,266,18.8104,212,40.2256,107,266,1.2218,100,266,266
09DPR1619N,CENTENARIO DE LA CONSTITUCION DEL 57,MATUTINO,2024-2025 | 2025-2026,09DPR1619N,CENTENARIO DE LA CONSTITUCION DEL 57,Primaria,AZCAPOTZALCO,-99.17893611,19.47581389,315,361,24.4321,26.3158,0,26.8698,97,361,40.7202,147,361,28.2548,102,361,20.0574,190,35.1801,127,361,1.2216,73.6842,266,361
09DPR1868U,PROFR. ERASTO VALLE ALCARAZ,MATUTINO,2024-2025 | 2025-2026,09DPR1868U,PROFR. ERASTO VALLE ALCARAZ,Primaria,ÁLVARO OBREGÓN,-99.21051944,19.38044167,461,409,24.401,0.2445,0,50.3667,206,409,28.1174,115,409,43.2763,177,409,19.3456,364,38.3863,157,409,1.22,99.7555,408,409
09DPR1921Z,PROCERES DE LA INDEPENDENCIA,MATUTINO,2024-2025,09DPR1921Z,PROCERES DE LA INDEPENDENCIA,Primaria,LA MAGDALENA CONTRERAS,-99.212025,19.33355833,274,243,24.3621,10.2881,0,35.8025,87,243,42.3868,103,243,33.3333,81,243,18.0317,218,30.4527,74,243,1.2181,89.7119,218,243
09DPR5142U,POPOL VUH,VESPERTINO,2024-2025 | 2025-2026,09DJN0068E,POPOL VUH,Preescolar,IZTAPALAPA,-99.11109167,19.37898056,264,216,24.3519,31.9444,0,41.6667,90,216,15.2778,33,216,32.8704,71,216,18.386,150,25.463,55,216,1.2176,68.0556,147,216
09DPR5109M,LINAJE AZTECA,VESPERTINO,2024-2025,09DPR5054Z,LINAJE AZTECA,Primaria,TLÁHUAC,-99.05528333,19.28293056,171,152,24.3421,26.9737,0,45.3947,69,152,14.4737,22,152,34.8684,53,152,18.2099,111,27.6316,42,152,1.2171,73.0263,111,152
09DPR5059V,RAFAEL SOLANA,VESPERTINO,2024-2025 | 2025-2026,09DPR5059V,RAFAEL SOLANA,Primaria,IZTAPALAPA,-99.00646389,19.37054722,409,189,24.3386,2.6455,0,46.0317,87,189,50.2646,95,189,22.7513,43,189,18.2304,148,39.6825,75,189,1.2169,97.3545,184,189
09DPR1338E,PADRE MIER,MATUTINO,2024-2025 | 2025-2026,09DPR1338E,PADRE MIER,Primaria,CUAUHTÉMOC,-99.16564722,19.43514722,352,269,24.3123,0.3717,0,27.881,75,269,56.5056,152,269,36.803,99,269,19.2345,206,39.0335,105,269,1.2156,99.6283,268,269
09DPR1641P,HÉROES DEL SUR,MATUTINO,2024-2025 | 2025-2026,09DPR1641P,HÉROES DEL SUR,Primaria,AZCAPOTZALCO,-99.18428056,19.49173889,376,382,24.2932,41.8848,0,24.3455,93,382,25.3927,97,382,29.8429,114,382,19.414,222,24.0838,92,382,1.2147,58.1152,222,382
09DPR2731O,PROFR. JESUS ROMERO FLORES,MATUTINO,2024-2025 | 2025-2026,09DPR2731O,PROFR. JESUS ROMERO FLORES,Primaria,GUSTAVO A. MADERO,-99.12861667,19.47538611,430,541,24.2884,25.1386,0,24.5841,133,541,47.1349,255,541,24.5841,133,541,18.8529,293,34.5656,187,541,1.2144,74.8614,405,541
09DPR2164L,GRAL. LAZARO CARDENAS,MATUTINO,2024-2025 | 2025-2026,09DIX0028V,GRAL. LÁZARO CARDENAS,Primaria,IZTAPALAPA,-99.09388056,19.36661111,131,187,24.2781,71.123,0,22.4599,42,187,25.1337,47,187,2.6738,5,187,2.5407,54,21.9251,41,187,1.2139,28.877,54,187
09DPR2060Q,MIGUEL HIDALGO Y COSTILLA,MATUTINO,2024-2025,09DJN0214Z,MIGUEL HIDALGO Y COSTILLA,Preescolar,GUSTAVO A. MADERO,-99.14521111,19.47839722,457,464,24.2672,20.6897,0,32.9741,153,464,37.2845,173,464,30.3879,141,464,18.0427,368,30.6034,142,464,1.2134,79.3103,368,464
09DPR3172A,INGENIERO JAVIER BARROS SIERRA,VESPERTINO,2025-2026,09DPR3172A,INGENIERO JAVIER BARROS SIERRA,Primaria,ÁLVARO OBREGÓN,-99.23829167,19.33692222,287,225,24.2667,0,0,62.6667,141,225,12.4444,28,225,46.2222,104,225,19.333,206,38.6667,87,225,1.2133,100,225,225
09DPR1125C,REINO UNIDO DE LA GRAN BRETAÑA,MATUTINO,2024-2025 | 2025-2026,09DPR1125C,REINO UNIDO DE LA GRAN BRETAÑA,Primaria,BENITO JUÁREZ,-99.16995278,19.37324444,284,232,24.2241,6.4655,0,46.9828,109,232,27.5862,64,232,40.0862,93,232,19.3926,215,35.3448,82,232,1.2112,93.5345,217,232
09DPR2669B,PROFR. NARCISO RAMOS GALICIA,VESPERTINO,2024-2025,09DPR2953Y,PROFR. NARCISO RAMOS GALICIA,Primaria,TLÁHUAC,-99.004025,19.27011667,382,327,24.2202,39.4495,0,36.3914,119,327,17.1254,56,327,28.1346,92,327,19.4783,198,25.0765,82,327,1.211,60.5505,198,327
09DPR2521J,JOSÉ MARIA IGLESIAS,MATUTINO,2024-2025 | 2025-2026,09DPR2521J,JOSÉ MARIA IGLESIAS,Primaria,CUAUHTÉMOC,-99.170125,19.41779722,165,133,24.2105,0.7519,0,27.0677,36,133,56.391,75,133,36.8421,49,133,19.4411,95,41.3534,55,133,1.2105,99.2481,132,133
09DPR0849Z,JOSÉ AZUETA,MATUTINO,2024-2025 | 2025-2026,09DES0288Z,JOSÉ AZUETA,Secundaria,COYOACÁN,-99.14978889,19.32665,472,476,24.2017,0.4202,0,42.0168,200,476,40.3361,192,476,38.2353,182,476,18.5588,422,38.6555,184,476,1.2101,99.5798,474,476
09DPR2380A,IGNACIO ALLENDE,MATUTINO,2024-2025 | 2025-2026,09DPR2380A,IGNACIO ALLENDE,Primaria,VENUSTIANO CARRANZA,-99.12186667,19.45625,151,119,24.2017,18.4874,0,25.2101,30,119,47.8992,57,119,29.4118,35,119,18.6667,78,33.6134,40,119,1.2101,81.5126,97,119
09DPR3040J,DR. JAIME TORRES BODET,VESPERTINO,2024-2025 | 2025-2026,09DPR2577L,DR. JAIME TORRES BODET,Primaria,TLÁHUAC,-99.047625,19.29606944,183,129,24.186,14.7287,0,40.3101,52,129,28.6822,37,129,37.2093,48,129,18.3028,109,31.7829,41,129,1.2093,85.2713,110,129
09DPR5129Z,PROVINCIA DE QUEBEC,VESPERTINO,2024-2025 | 2025-2026,09DPR5129Z,PROVINCIA DE QUEBEC,Primaria,TLALPAN,-99.22575556,19.28439167,190,153,24.183,0.6536,0,42.4837,65,153,37.2549,57,153,40.5229,62,153,18.9366,134,39.2157,60,153,1.2092,99.3464,152,153
09DPR1986I,FRANCISCO I. MADERO,VESPERTINO,2024-2025 | 2025-2026,09DPR1986I,FRANCISCO I. MADERO,Primaria,TLALPAN,-99.20555278,19.21824722,601,489,24.1718,0,0,67.0757,328,489,20.6544,101,489,33.1288,162,489,18.5255,412,36.8098,180,489,1.2086,100,489,489
09DPR2281A,MAHATMA GANDHI,MATUTINO,2024-2025 | 2025-2026,09PJN0882V,MAHATMA GANDHI,Preescolar,COYOACÁN,-99.121871,19.332599,368,274,24.1606,0,0,51.4599,141,274,22.6277,62,274,46.7153,128,274,18.5175,269,33.5766,92,274,1.208,100,274,274
09DPR2218Z,LUXEMBURGO,MATUTINO,2024-2025 | 2025-2026,09DJN0340W,LUXEMBURGO,Preescolar,GUSTAVO A. MADERO,-99.15459167,19.50106389,365,279,24.1577,0,0,49.1039,137,279,33.3333,93,279,38.3513,107,279,18.7017,233,38.7097,108,279,1.2079,100,279,279
09DPR2864E,PLAN DE SAN LUIS,VESPERTINO,2024-2025 | 2025-2026,09DPR2864E,PLAN DE SAN LUIS,Primaria,IZTAPALAPA,-99.10947778,19.34435,216,183,24.153,0.5464,0,48.6339,89,183,32.2404,59,183,39.3443,72,183,19.276,150,37.7049,69,183,1.2077,99.4536,182,183
09DPR1437E,DR. JOSÉ MARIA LUIS MORA,VESPERTINO,2024-2025 | 2025-2026,09DPR1433I,DR. JOSÉ MARIA LUIS MORA,Primaria,GUSTAVO A. MADERO,-99.13875278,19.52653889,135,135,24.1481,23.7037,0,34.8148,47,135,47.4074,64,135,14.8148,20,135,17.6203,79,37.7778,51,135,1.2074,76.2963,103,135
09DPR1639A,MANUEL BELGRANO,MATUTINO,2024-2025 | 2025-2026,09DPR1639A,MANUEL BELGRANO,Primaria,AZCAPOTZALCO,-99.19324722,19.49787222,244,217,24.1475,6.4516,0,21.659,47,217,61.2903,133,217,31.3364,68,217,14.026,200,41.0138,89,217,1.2074,93.5484,203,217
09DPR1163F,AGUSTIN LEGORRETA,VESPERTINO,2024-2025 | 2025-2026,09DPR1163F,AGUSTIN LEGORRETA,Primaria,MILPA ALTA,-98.99569444,19.21891667,655,618,24.1424,33.4951,0,45.6311,282,618,17.7994,110,618,23.7864,147,618,18.4122,410,24.9191,154,618,1.2071,66.5049,411,618
09DPR0144K,CARLOS MARIA BUSTAMANTE,MATUTINO,2024-2025 | 2025-2026,09DPR0144K,CARLOS MARIA BUSTAMANTE,Primaria,CUAJIMALPA DE MORELOS,-99.28806667,19.37253611,603,552,24.1304,18.1159,0,48.7319,269,552,18.1159,100,552,35.6884,197,552,18.9757,453,30.7971,170,552,1.2065,81.8841,452,552
09DPR5098X,JOSÉ SANTOS VALDEZ,MATUTINO,2024-2025 | 2025-2026,09DPR5098X,JOSÉ SANTOS VALDEZ,Primaria,COYOACÁN,-99.10445833,19.32171389,177,160,24.125,0,0,38.75,62,160,36.875,59,160,45,72,160,18.9597,144,39.375,63,160,1.2063,100,160,160
09DPR2415Z,FLORENCIO M. DEL CASTILLO,VESPERTINO,2024-2025 | 2025-2026,09DPR2415Z,FLORENCIO M. DEL CASTILLO,Primaria,CUAUHTÉMOC,-99.1592,19.43830556,115,107,24.1121,0,0,23.3645,25,107,59.8131,64,107,37.3832,40,107,19.2417,72,45.7944,49,107,1.2056,100,107,107
09DPR3004E,EL SEGURO DEL MAESTRO,VESPERTINO,2024-2025 | 2025-2026,09DPR3126P,EL SEGURO DEL MAESTRO,Primaria,IZTAPALAPA,-98.9953,19.36238611,113,73,24.1096,0,0,72.6027,53,73,4.1096,3,73,43.8356,32,73,18.7411,73,26.0274,19,73,1.2055,100,73,73
09DPR2793A,RABINDRANATH TAGORE,MATUTINO,2024-2025 | 2025-2026,09DPR2674N,RABINDRANATH TAGORE,Primaria,GUSTAVO A. MADERO,-99.13798611,19.52011389,410,463,24.1037,25.486,0,32.3974,150,463,39.3089,182,463,23.3261,108,463,19.204,248,34.9892,162,463,1.2052,74.514,345,463
09DPR1842M,ADOLFO RUIZ CORTINES,MATUTINO,2024-2025 | 2025-2026,09DJN0221I,ADOLFO RUIZ CORTINES,Preescolar,COYOACÁN,-99.16970556,19.31959722,318,298,24.094,1.0067,0,60.4027,180,298,21.1409,63,298,37.9195,113,298,18.8149,255,39.9329,119,298,1.2047,98.9933,295,298
09DPR0108F,PROFR. MANUEL AGUILAR SAENZ,MATUTINO,2024-2025 | 2025-2026,09DPR0108F,PROFR. MANUEL AGUILAR SAENZ,Primaria,IZTAPALAPA,-99.05444167,19.35227222,410,387,24.0827,0.7752,0,23.2558,90,387,57.8811,224,387,38.5013,149,387,19.1213,319,39.2765,152,387,1.2041,99.2248,384,387
09DPR0873Z,PROFRA. CARMEN DOMÍNGUEZ AGUIRRE,VESPERTINO,2024-2025,09DPR0873Z,PROFRA. CARMEN DOMÍNGUEZ AGUIRRE,Primaria,LA MAGDALENA CONTRERAS,-99.24826944,19.315875,132,108,24.0741,13.8889,0,40.7407,44,108,19.4444,21,108,46.2963,50,108,19.6742,93,29.6296,32,108,1.2037,86.1111,93,108
09DPR0985C,DOMINGO F. SARMIENTO,MATUTINO,2024-2025 | 2025-2026,09DPR0985C,DOMINGO F. SARMIENTO,Primaria,VENUSTIANO CARRANZA,-99.11911111,19.42295556,456,408,24.0686,0.2451,0,37.5,153,408,51.2255,209,408,31.3725,128,408,19.1531,260,44.8529,183,408,1.2034,99.7549,407,408
09DPR2451E,PROFR. GABRIEL LUCIO ARGUELLES,MATUTINO,2025-2026,09DPR2451E,PROFR. GABRIEL LUCIO ARGUELLES,Primaria,COYOACÁN,-99.11001944,19.31735278,179,118,24.0678,0,0,55.9322,66,118,22.0339,26,118,42.3729,50,118,19.5982,109,34.7458,41,118,1.2034,100,118,118
09DPR2576M,PROFR. URBANO LAVIN ROMÁN,MATUTINO,2024-2025 | 2025-2026,09DPR3119F,PROFR. URBANO LAVIN ROMÁN,Primaria,TLÁHUAC,-99.04906667,19.29441667,559,435,24.046,12.6437,0,41.6092,181,435,22.2989,97,435,43.6782,190,435,19.0587,380,32.4138,141,435,1.2023,87.3563,380,435
09DPR2623G,PROFR. PEDRO LOREDO ORTEGA,VESPERTINO,2024-2025 | 2025-2026,09DPR2623G,PROFR. PEDRO LOREDO ORTEGA,Primaria,TLALPAN,-99.23708611,19.29158056,248,213,24.0376,4.2254,0,53.9906,115,213,15.493,33,213,46.4789,99,213,19.4505,184,34.7418,74,213,1.2019,95.7746,204,213
09DPR1377G,LUIS G. LOZANO,MATUTINO,2024-2025 | 2025-2026,09DPR1377G,LUIS G. LOZANO,Primaria,GUSTAVO A. MADERO,-99.09921111,19.46978333,242,315,24,22.2222,0,21.5873,68,315,52.381,165,315,23.8095,75,315,18.4563,176,34.9206,110,315,1.2,77.7778,245,315
09DPR5151B,MAESTRO JUSTO SIERRA,VESPERTINO,2024-2025 | 2025-2026,09DPR1822Z,MAESTRO JUSTO SIERRA,Primaria,CUAJIMALPA DE MORELOS,-99.33401389,19.30742778,360,370,24,14.5946,0,37.8378,140,370,44.5946,165,370,22.973,85,370,16.6736,314,32.4324,120,370,1.2,85.4054,316,370
09DPR1685M,RAFAELA SUAREZ,MATUTINO,2024-2025 | 2025-2026,09DJN1031Y,RAFAELA SUAREZ,Preescolar,IZTAPALAPA,-99.05635556,19.38650833,183,170,24,0,0,9.4118,16,170,71.7647,122,170,38.8235,66,170,19.6608,130,41.7647,71,170,1.2,100,170,170
09DPR3105C,FERNANDO MONTES DE OCA,MATUTINO,2024-2025 | 2025-2026,09DES0025Q,FERNANDO MONTES DE OCA,Secundaria,AZCAPOTZALCO,-99.19845833,19.49748889,578,672,23.9583,19.6429,0,46.4286,312,672,23.2143,156,672,30.506,205,672,19.6867,442,33.4821,225,672,1.1979,80.3571,540,672
09DPR2989M,PROFR. SALVADOR VARELA RESENDIZ,VESPERTINO,2024-2025 | 2025-2026,09DPR2594B,PROFR. SALVADOR VARELA RESENDIZ,Primaria,AZCAPOTZALCO,-99.201925,19.50988611,62,86,23.9535,40.6977,0,20.9302,18,86,32.5581,28,86,25.5814,22,86,21.1605,38,27.907,24,86,1.1977,59.3023,51,86
09DPR3003F,RABINDRANATH TAGORE,MATUTINO,2024-2025 | 2025-2026,09DPR2674N,RABINDRANATH TAGORE,Primaria,GUSTAVO A. MADERO,-99.13798611,19.52011389,698,592,23.9527,0,0,63.3446,375,592,16.723,99,592,39.6959,235,592,19.9684,481,39.527,234,592,1.1976,100,592,592
09DPR4195S,PROFRA. HERMINIA ORDOÑEZ TORRES,VESPERTINO,2024-2025,09DPR0004K,PROFRA. HERMINIA ORDOÑEZ TORRES,Primaria,XOCHIMILCO,-99.11128333,19.26803333,268,218,23.945,21.5596,0,25.6881,56,218,38.9908,85,218,33.4862,73,218,19.2386,171,27.5229,60,218,1.1972,78.4404,171,218
09DPR2035R,AGUSTIN LEGORRETA,MATUTINO,2024-2025,09DPR1163F,AGUSTIN LEGORRETA,Primaria,MILPA ALTA,-98.99569444,19.21891667,965,933,23.9443,34.8339,0,34.298,320,933,24.0086,224,933,26.5809,248,933,18.0488,609,26.6881,249,933,1.1972,65.1661,608,933
09DPR1480T,EMILIANO ZAPATA,MATUTINO,2024-2025 | 2025-2026,09DPR1320F,EMILIANO ZAPATA,Primaria,IZTAPALAPA,-99.10103333,19.32441667,755,1019,23.9254,57.8999,0,24.5339,250,1019,18.842,192,1019,18.3513,187,1019,18.7126,421,20.4122,208,1019,1.1963,42.1001,429,1019
09DPR1413V,INSURGENTE MORELOS,MATUTINO,2024-2025 | 2025-2026,09DPR1413V,INSURGENTE MORELOS,Primaria,GUSTAVO A. MADERO,-99.11394722,19.48494444,252,372,23.9247,27.4194,0,26.3441,98,372,43.5484,162,372,22.3118,83,372,19.8379,182,33.6022,125,372,1.1962,72.5806,270,372
09DPR2638I,LUCRECIA TORIZ,VESPERTINO,2025-2026,09DPR2638I,LUCRECIA TORIZ,Primaria,IZTACALCO,-99.09434444,19.38601944,115,87,23.908,0,0,24.1379,21,87,54.023,47,87,41.3793,36,87,20.0625,56,41.3793,36,87,1.1954,100,87,87
09DPR2969Z,QUIRINO MENDOZA Y CORTES,VESPERTINO,2024-2025,09DPR2051I,QUIRINO MENDOZA Y CORTES,Primaria,XOCHIMILCO,-99.10673333,19.25687778,179,154,23.8961,44.8052,0,44.1558,68,154,11.6883,18,154,18.8312,29,154,18.1541,85,22.7273,35,154,1.1948,55.1948,85,154
09DPR2970O,PROFR. LIBRADO RIVERA,MATUTINO,2024-2025 | 2025-2026,09DPR2970O,PROFR. LIBRADO RIVERA,Primaria,COYOACÁN,-99.15597222,19.30675556,403,329,23.8906,20.9726,0,45.5927,150,329,15.5015,51,329,37.386,123,329,19.1062,256,29.4833,97,329,1.1945,79.0274,260,329
09DPR2978G,PROFR. ELISEO BANDALA FERNANDEZ,VESPERTINO,2024-2025 | 2025-2026,09DPR3091Q,PROFR. ELISEO BANDALA FERNANDEZ,Primaria,TLALPAN,-99.23694167,19.29198889,175,108,23.8889,48.1481,0,37.963,41,108,11.1111,12,108,22.2222,24,108,18.2491,55,22.2222,24,108,1.1944,51.8519,56,108
09DPR4003M,LUIS PENICHE VALLADO,VESPERTINO,2024-2025 | 2025-2026,09DPR4002N,LUIS PENICHE VALLADO,Primaria,TLÁHUAC,-99.03741111,19.31199444,357,238,23.8655,26.8908,0,40.3361,96,238,18.9076,45,238,33.1933,79,238,17.2873,173,30.6723,73,238,1.1933,73.1092,174,238
09DPR1127A,TLACOQUEMECATL,MATUTINO,2024-2025 | 2025-2026,09DJN0006S,TLACOQUEMECATL,Preescolar,BENITO JUÁREZ,-99.15092222,19.39396111,262,218,23.8532,11.4679,0,46.3303,101,218,27.5229,60,218,33.945,74,218,18.9559,179,33.945,74,218,1.1927,88.5321,193,218
09DPR2648P,PROFR. CARLOS FUENTES MARTÍNEZ,MATUTINO,2024-2025 | 2025-2026,09DPR2648P,PROFR. CARLOS FUENTES MARTÍNEZ,Primaria,GUSTAVO A. MADERO,-99.06871389,19.48009444,231,265,23.8491,34.717,0,23.0189,61,265,39.6226,105,265,21.8868,58,265,17.997,165,28.6792,76,265,1.1925,65.283,173,265
09DPR4506E,YECAHUIZOTL,MATUTINO,2024-2025,09DPR4506E,YECAHUIZOTL,Primaria,TLÁHUAC,-98.97209444,19.30796944,238,193,23.8342,5.6995,0,49.2228,95,193,22.2798,43,193,41.9689,81,193,18.3192,182,30.5699,59,193,1.1917,94.3005,182,193
09DPR1816O,MAESTRO LEOPOLDO GARCÍA VEYRAN,MATUTINO,2024-2025 | 2025-2026,09DPR1816O,MAESTRO LEOPOLDO GARCÍA VEYRAN,Primaria,ÁLVARO OBREGÓN,-99.20286111,19.39406944,279,204,23.8235,0.4902,0,60.7843,124,204,15.6863,32,204,42.1569,86,204,19.5636,165,37.2549,76,204,1.1912,99.5098,203,204
09DPR2982T,TONATIUH,VESPERTINO,2024-2025 | 2025-2026,09DJN0303S,TONATIUH,Preescolar,CUAUHTÉMOC,-99.12626111,19.43449444,128,105,23.8095,10.4762,0,53.3333,56,105,49.5238,52,105,5.7143,6,105,12.0901,81,43.8095,46,105,1.1905,89.5238,94,105
09DPR4188I,PROFR. SAUL VENANCIO ANCHONDO LOZOYA,VESPERTINO,2024-2025 | 2025-2026,09DPR4187J,PROFR. SAUL VENANCIO ANCHONDO LOZOYA,Primaria,TLALPAN,-99.22583889,19.26697222,451,389,23.8046,0,0,50.1285,195,389,27.2494,106,389,41.6452,162,389,19.1407,332,37.5321,146,389,1.1902,100,389,389
09DPR1108M,PEDRO ASCENCIO,MATUTINO,2024-2025 | 2025-2026,09DPR1108M,PEDRO ASCENCIO,Primaria,BENITO JUÁREZ,-99.14851389,19.3762,98,79,23.7975,26.5823,0,25.3165,20,79,26.5823,21,79,40.5063,32,79,19.7351,57,31.6456,25,79,1.1899,73.4177,58,79
09DPR1920Z,DOCTOR PORFIRIO PARRA,MATUTINO,2024-2025 | 2025-2026,09DPR1915O,DOCTOR PORFIRIO PARRA,Primaria,ÁLVARO OBREGÓN,-99.19453333,19.34506111,277,195,23.7949,0.5128,0,52.3077,102,195,24.6154,48,195,41.5385,81,195,19.3691,175,36.4103,71,195,1.1897,99.4872,194,195
09DPR2103Y,CIUDAD PROCER DE GUANAJUATO,MATUTINO,2025-2026,09DPR2103Y,CIUDAD PROCER DE GUANAJUATO,Primaria,VENUSTIANO CARRANZA,-99.10918056,19.42084167,291,248,23.7903,33.0645,0,13.7097,34,248,45.1613,112,248,27.0161,67,248,20.0053,131,29.8387,74,248,1.1895,66.9355,166,248
09DPR3253L,RAFAEL RAMIREZ CASTAÑEDA,VESPERTINO,2024-2025 | 2025-2026,09DPR3253L,RAFAEL RAMIREZ CASTAÑEDA,Primaria,TLÁHUAC,-98.96586667,19.31056389,573,619,23.7803,47.8191,0,32.6333,202,619,18.4168,114,619,20.0323,124,619,18.9615,322,22.9402,142,619,1.189,52.1809,323,619
09DPR2241Z,BENITO JUÁREZ,MATUTINO,2024-2025 | 2025-2026,09DPR2241Z,BENITO JUÁREZ,Primaria,CUAJIMALPA DE MORELOS,-99.32901667,19.33125556,579,680,23.7647,12.9412,0,41.3235,281,680,36.7647,250,680,27.7941,189,680,18.9017,521,33.5294,228,680,1.1882,87.0588,592,680
09DPR1527X,REPÚBLICA DEL CONGO,VESPERTINO,2024-2025 | 2025-2026,09DPR1504M,REPÚBLICA DEL CONGO,Primaria,ÁLVARO OBREGÓN,-99.21956667,19.37143611,90,80,23.75,2.5,0,55,44,80,30,24,80,31.25,25,80,20.0927,55,50,40,80,1.1875,97.5,78,80
09DPR1852T,MAESTRO CANDOR GUAJARDO,VESPERTINO,2025-2026,09DPR1851U,MAESTRO CANDOR GUAJARDO,Primaria,ÁLVARO OBREGÓN,-99.22328056,19.37000833,112,96,23.75,0,0,42.7083,41,96,39.5833,38,96,36.4583,35,96,20.4308,78,36.4583,35,96,1.1875,100,96,96
09DPR4510R,REPÚBLICA ARABE DE EGIPTO,VESPERTINO,2025-2026,09DPR4510R,REPÚBLICA ARABE DE EGIPTO,Primaria,IZTAPALAPA,-99.03789444,19.32099722,350,262,23.7405,2.2901,0,41.2214,108,262,50,131,262,25.1908,66,262,18.5723,166,41.2214,108,262,1.187,97.7099,256,262
09DPR2632O,MARIA LUISA ROSS,VESPERTINO,2024-2025 | 2025-2026,09DPR2620J,MARIA LUISA ROSS,Primaria,ÁLVARO OBREGÓN,-99.22988333,19.37256944,144,107,23.7383,0.9346,0,65.4206,70,107,14.9533,16,107,37.3832,40,107,18.0358,95,33.6449,36,107,1.1869,99.0654,106,107
09DPR1244Q,LIC. MARIANO OTERO,MATUTINO,2024-2025 | 2025-2026,09DPR1244Q,LIC. MARIANO OTERO,Primaria,IZTAPALAPA,-99.10576111,19.33337778,575,364,23.7363,0.2747,0,47.5275,173,364,27.1978,99,364,43.6813,159,364,18.6022,363,31.044,113,364,1.1868,99.7253,363,364
09DPR3202E,VINI CUBI,MATUTINO,2024-2025 | 2025-2026,09DPR3202E,VINI CUBI,Primaria,CUAJIMALPA DE MORELOS,-99.30032222,19.34745556,502,477,23.7317,10.9015,0,44.8637,214,477,30.1887,144,477,32.7044,156,477,16.4445,422,35.8491,171,477,1.1866,89.0985,425,477
09DPR1767W,GUILLERMO PRIETO,MATUTINO,2024-2025 | 2025-2026,09DJN1423L,GUILLERMO PRIETO,Preescolar,IZTAPALAPA,-98.997025,19.35471111,147,134,23.7313,0.7463,0,42.5373,57,134,44.0299,59,134,31.3433,42,134,18.775,104,41.791,56,134,1.1866,99.2537,133,134
09DPR2045Y,REY TIZOC,MATUTINO,2024-2025,09DPR2048V,REY TIZOC,Primaria,XOCHIMILCO,-99.11665278,19.26426667,529,445,23.7303,11.4607,0,34.382,153,445,26.7416,119,445,46.0674,205,445,19.5259,394,31.0112,138,445,1.1865,88.5393,394,445
09DPR1677D,HERMANOS GALEANA,VESPERTINO,2024-2025 | 2025-2026,09DPR1677D,HERMANOS GALEANA,Primaria,ÁLVARO OBREGÓN,-99.25387778,19.359,234,177,23.7288,0,0,62.1469,110,177,20.339,36,177,36.1582,64,177,19.1524,147,36.7232,65,177,1.1864,100,177,177
09DPR1184S,JULIO DIBELLA BARRAGAN,MATUTINO,2024-2025 | 2025-2026,09DPR1184S,JULIO DIBELLA BARRAGAN,Primaria,IZTACALCO,-99.13073889,19.40089444,359,338,23.7278,0.5917,0,35.2071,119,338,33.432,113,338,49.4083,167,338,19.6953,300,34.6154,117,338,1.1864,99.4083,336,338
09DPR2044Z,CUAHILAMA,MATUTINO,2024-2025,09DPR2044Z,CUAHILAMA,Primaria,XOCHIMILCO,-99.07465833,19.246325,451,415,23.7108,34.6988,0,32.5301,135,415,20.9639,87,415,30.3614,126,415,18.3358,271,25.7831,107,415,1.1855,65.3012,271,415
09DPR1999M,TIBURCIO MONTIEL,MATUTINO,2024-2025 | 2025-2026,09DPR1997O,TIBURCIO MONTIEL,Primaria,TLALPAN,-99.17291667,19.25343333,697,589,23.7012,12.9032,0,45.5008,268,589,24.1087,142,589,35.9932,212,589,18.4788,509,31.7487,187,589,1.1851,87.0968,513,589
09DPR4217N,PROFR. JESUS SILVA HERZOG,MATUTINO,2025-2026,09DPR4217N,PROFR. JESUS SILVA HERZOG,Primaria,COYOACÁN,-99.11162778,19.32455556,466,400,23.7,8,0,50,200,400,22.5,90,400,38,152,400,18.3727,348,32.25,129,400,1.185,92,368,400
09DPR2427E,ESTADO DE VERACRUZ,MATUTINO,2025-2026,09DES0226N,ESTADO DE VERACRUZ,Secundaria,IZTAPALAPA,-99.10020556,19.32713611,222,184,23.6957,4.8913,0,38.587,71,184,41.3043,76,184,33.6957,62,184,19.3496,129,39.6739,73,184,1.1848,95.1087,175,184
09DPR1537D,NICOLAS BRAVO,MATUTINO,2024-2025 | 2025-2026,09DBN0079B,NICOLAS BRAVO,Primaria,GUSTAVO A. MADERO,-99.08130278,19.49550278,285,336,23.6905,33.3333,0,28.5714,96,336,34.8214,117,336,21.7262,73,336,19.8606,132,31.8452,107,336,1.1845,66.6667,224,336
09DPR4194T,PABLO MARTÍNEZ  DEL RIO,MATUTINO,2024-2025 | 2025-2026,09DPR4194T,PABLO MARTÍNEZ  DEL RIO,Primaria,COYOACÁN,-99.12122222,19.32154722,260,218,23.6697,0,0,33.4862,73,218,38.0734,83,218,46.789,102,218,20.0385,174,40.367,88,218,1.1835,100,218,218
09DPR1750W,GENERAL ANTONIO ROSALES,MATUTINO,2025-2026,09DPR1750W,GENERAL ANTONIO ROSALES,Primaria,ÁLVARO OBREGÓN,-99.24618056,19.37883611,380,355,23.662,0.8451,0,42.8169,152,355,37.4648,133,355,37.1831,132,355,20.1546,251,39.4366,140,355,1.1831,99.1549,352,355
09DPR3293M,PROFR. RUBEN MOREIRA COBOS,VESPERTINO,2024-2025 | 2025-2026,09DPR3168O,PROFR. RUBEN MOREIRA COBOS,Primaria,IZTACALCO,-99.06668611,19.410775,100,71,23.662,1.4085,0,35.2113,25,71,52.1127,37,71,29.5775,21,71,18.2064,47,46.4789,33,71,1.1831,98.5915,70,71
09DPR1487M,EJIDO DE ZACATENCO,VESPERTINO,2024-2025 | 2025-2026,09DPR1486N,EJIDO DE ZACATENCO,Primaria,GUSTAVO A. MADERO,-99.12045278,19.50247778,125,142,23.662,28.169,0,27.4648,39,142,39.4366,56,142,23.2394,33,142,18.8561,66,36.6197,52,142,1.1831,71.831,102,142
09DPR2895Y,REPÚBLICA COSTA DE MARFIL,MATUTINO,2024-2025 | 2025-2026,09DPR2895Y,REPÚBLICA COSTA DE MARFIL,Primaria,IZTACALCO,-99.10633611,19.38934444,306,268,23.6567,0.3731,0,37.6866,101,268,45.8955,123,268,34.3284,92,268,19.0134,194,41.0448,110,268,1.1828,99.6269,267,268
09DPR0866P,RAMON MANTEROLA,MATUTINO,2024-2025 | 2025-2026,09DBS0009B,RAMON MANTEROLA,Adultos - Secundaria,CUAJIMALPA DE MORELOS,-99.29819444,19.35676667,608,663,23.6501,11.7647,0,46.6063,309,663,24.5852,163,663,35.2941,234,663,18.6491,530,31.9759,212,663,1.1825,88.2353,585,663
09DPR2213D,AMISTAD MUNDIAL,MATUTINO,2024-2025 | 2025-2026,09DPR2213D,AMISTAD MUNDIAL,Primaria,ÁLVARO OBREGÓN,-99.19469722,19.37220833,261,253,23.6364,0.3953,0,45.0593,114,253,32.4111,82,253,40.3162,102,253,18.8329,225,36.3636,92,253,1.1818,99.6047,252,253
09DPR2490G,JOAQUIN GARCÍA ICAZBALCETA,VESPERTINO,2025-2026,09DPR2491F,JOAQUIN GARCÍA ICAZBALCETA,Primaria,CUAUHTÉMOC,-99.131325,19.42763056,110,94,23.617,0,0,36.1702,34,94,56.383,53,94,25.5319,24,94,18.519,58,43.617,41,94,1.1809,100,94,94
09DPR2074T,GREGORIO TORRES QUINTERO,VESPERTINO,2024-2025,09DJN0910W,GREGORIO TORRES QUINTERO,Preescolar,COYOACÁN,-99.10751944,19.3193,219,188,23.617,31.383,0,44.6809,84,188,15.4255,29,188,26.5957,50,188,18.3295,129,26.5957,50,188,1.1809,68.617,129,188
09DPR5011B,ANTONIO SANCHEZ MOLINA,VESPERTINO,2024-2025 | 2025-2026,09DPR5011B,ANTONIO SANCHEZ MOLINA,Primaria,TLALPAN,-99.23013333,19.29253611,180,144,23.6111,20.1389,0,35.4167,51,144,27.0833,39,144,35.4167,51,144,19.1523,107,32.6389,47,144,1.1806,79.8611,115,144
09DPR2787Q,MARIANO GALVAN RIVERA,MATUTINO,2024-2025,09DPR2787Q,MARIANO GALVAN RIVERA,Primaria,XOCHIMILCO,-99.12925278,19.26788333,534,521,23.6084,26.4875,0,35.7006,186,521,29.9424,156,521,25.9117,135,521,17.899,383,27.6392,144,521,1.1804,73.5125,383,521
09DPR2683V,PROFR. RUBEN VIZCARRA Y CAMPOS,MATUTINO,2024-2025 | 2025-2026,09DPR2683V,PROFR. RUBEN VIZCARRA Y CAMPOS,Primaria,COYOACÁN,-99.15920278,19.33361111,361,355,23.6056,1.4085,0,43.662,155,355,28.4507,101,355,44.507,158,355,19.0786,318,36.338,129,355,1.1803,98.5915,350,355
09DPR3014L,PROFR. RENE AVILES ROJAS,MATUTINO,2024-2025 | 2025-2026,09DPR3014L,PROFR. RENE AVILES ROJAS,Primaria,TLÁHUAC,-99.05781111,19.294375,326,233,23.6052,24.4635,0,45.0644,105,233,19.3133,45,233,29.1845,68,233,18.4678,174,28.3262,66,233,1.1803,75.5365,176,233
09DPR5057X,PROFR. JOSÉ SANTOS VALDES,MATUTINO,2024-2025 | 2025-2026,09DPR5057X,PROFR. JOSÉ SANTOS VALDES,Primaria,IZTAPALAPA,-99.04188889,19.31829444,656,594,23.6027,2.862,0,49.4949,294,594,37.7104,224,594,27.9461,166,594,18.9113,399,42.2559,251,594,1.1801,97.138,577,594
09DIX0002N,EJERCITO MEXICANO,MATUTINO,2024-2025,09DIX0002N,EJERCITO MEXICANO,Primaria,AZCAPOTZALCO,-99.17883889,19.48940278,115,100,23.6,41,0,16,16,100,43,43,100,18,18,100,17.7339,59,20,20,100,1.18,59,59,100
09DPR2802S,PROFR. ELISEO BANDALA FERNANDEZ,MATUTINO,2024-2025 | 2025-2026,09DPR3091Q,PROFR. ELISEO BANDALA FERNANDEZ,Primaria,TLALPAN,-99.23694167,19.29198889,212,189,23.5979,1.0582,0,40.2116,76,189,47.619,90,189,29.1005,55,189,19.1397,126,42.8571,81,189,1.1799,98.9418,187,189
09DPR2053G,PLAN SEXENAL,MATUTINO,2024-2025,09DPR2053G,PLAN SEXENAL,Primaria,MILPA ALTA,-99.07345,19.18691667,701,653,23.5835,60.7963,0,26.1868,171,653,16.2328,106,653,14.7014,96,653,17.6094,256,18.2236,119,653,1.1792,39.2037,256,653
09DPR1717O,FRANCISCO EDUARDO TRESGUERRAS,MATUTINO,2024-2025 | 2025-2026,09DPR1717O,FRANCISCO EDUARDO TRESGUERRAS,Primaria,MIGUEL HIDALGO,-99.18441667,19.45743611,95,95,23.5789,2.1053,0,42.1053,40,95,41.0526,39,95,32.6316,31,95,19.4174,69,38.9474,37,95,1.1789,97.8947,93,95
09DPR5051C,PROFR. MANUEL S. HIDALGO CASTRO,VESPERTINO,2024-2025,09DPR5051C,PROFR. MANUEL S. HIDALGO CASTRO,Primaria,TLÁHUAC,-99.04088611,19.30443333,483,375,23.5733,35.7333,0,33.6,126,375,23.7333,89,375,24.8,93,375,18.6643,241,25.6,96,375,1.1787,64.2667,241,375
09DPR3118G,JOSÉ MARIA MORELOS,VESPERTINO,2024-2025,09DPR2067J,JOSÉ MARIA MORELOS,Primaria,MILPA ALTA,-99.02661389,19.19506944,270,247,23.5628,30.7692,0,52.6316,130,247,3.6437,9,247,30.7692,76,247,19.1363,171,23.0769,57,247,1.1781,69.2308,171,247
09DPR2302X,GRAL. JOSÉ MARIANO MONTERDE,MATUTINO,2024-2025 | 2025-2026,09DPR2302X,GRAL. JOSÉ MARIANO MONTERDE,Primaria,TLALPAN,-99.14607778,19.26245,589,612,23.5621,0.1634,0,48.366,296,612,30.719,188,612,38.5621,236,612,18.3112,543,35.2941,216,612,1.1781,99.8366,611,612
09DPR2562J,PROFR. JORGE CASAHONDA CASTILLO,MATUTINO,2024-2025 | 2025-2026,09DBA0178Y,PROFR. JORGE CASAHONDA CASTILLO,Adultos - Primaria,CUAUHTÉMOC,-99.12915833,19.44875278,449,551,23.5572,22.686,0,29.4011,162,551,42.2868,233,551,23.412,129,551,19.0385,296,33.9383,187,551,1.1779,77.314,426,551
09DPR1725X,DR. MIGUEL SILVA,MATUTINO,2024-2025 | 2025-2026,09DPR1725X,DR. MIGUEL SILVA,Primaria,MIGUEL HIDALGO,-99.20656389,19.45525833,231,192,23.5417,0,0,34.8958,67,192,48.9583,94,192,33.8542,65,192,18.5813,155,41.6667,80,192,1.1771,100,192,192
09DPR1142T,JOSÉ MARIA MATA,MATUTINO,2025-2026,09DPR1142T,JOSÉ MARIA MATA,Primaria,BENITO JUÁREZ,-99.16223056,19.39966111,155,164,23.5366,12.8049,0,27.439,45,164,34.7561,57,164,42.6829,70,164,18.9863,139,29.2683,48,164,1.1768,87.1951,143,164
09DPR1584O,ANGELA PERALTA,MATUTINO,2024-2025 | 2025-2026,09DPR1584O,ANGELA PERALTA,Primaria,AZCAPOTZALCO,-99.14853056,19.47877778,283,505,23.5248,21.7822,0,20,101,505,47.5248,240,505,28.3168,143,505,19.3742,283,34.8515,176,505,1.1762,78.2178,395,505
09DPR1449J,VICTORIO ROJAS OLIVAR,MATUTINO,2024-2025 | 2025-2026,09DPR1449J,VICTORIO ROJAS OLIVAR,Primaria,GUSTAVO A. MADERO,-99.13395833,19.51943889,300,371,23.504,29.6496,0,22.6415,84,371,43.3962,161,371,21.8329,81,371,19.3145,173,34.5013,128,371,1.1752,70.3504,261,371
09DPR3256I,PROFR. RENE AVILES ROJAS,VESPERTINO,2024-2025,09DPR3014L,PROFR. RENE AVILES ROJAS,Primaria,TLÁHUAC,-99.05781111,19.294375,229,161,23.4783,17.3913,0,60.2484,97,161,9.3168,15,161,30.4348,49,161,19.218,133,25.4658,41,161,1.1739,82.6087,133,161
09DPR1134K,I.S.S.S.T.E.,MATUTINO,2025-2026,09DPR1134K,I.S.S.S.T.E.,Primaria,CUAUHTÉMOC,-99.14711111,19.45611111,309,260,23.4615,0.3846,0,25.3846,66,260,58.8462,153,260,32.6923,85,260,18.3685,197,38.4615,100,260,1.1731,99.6154,259,260
09DPR1824X,JOSÉ OJEDA GARDUÑO,VESPERTINO,2024-2025 | 2025-2026,09DPR1824X,JOSÉ OJEDA GARDUÑO,Primaria,ÁLVARO OBREGÓN,-99.21433889,19.38768056,122,104,23.4615,5.7692,0,56.7308,59,104,16.3462,17,104,38.4615,40,104,18.5551,89,31.7308,33,104,1.1731,94.2308,98,104
09DPR2967A,PROFRA. MARGARITA LÓPEZ FARFAN,MATUTINO,2024-2025 | 2025-2026,09DPR2967A,PROFRA. MARGARITA LÓPEZ FARFAN,Primaria,GUSTAVO A. MADERO,-99.13908056,19.56498889,513,604,23.4437,38.0795,0,25.1656,152,604,32.2848,195,604,21.6887,131,604,18.9515,262,28.1457,170,604,1.1722,61.9205,374,604
09DPR1046Q,PLAN DE AYUTLA,VESPERTINO,2024-2025 | 2025-2026,09DPR1044S,PLAN DE AYUTLA,Primaria,VENUSTIANO CARRANZA,-99.09669444,19.445675,79,70,23.4286,1.4286,0,50,35,70,52.8571,37,70,12.8571,9,70,16.6731,52,41.4286,29,70,1.1714,98.5714,69,70
09DPR2018A,HÉROES DE CHAPULTEPEC,VESPERTINO,2024-2025 | 2025-2026,09DPR2017B,HÉROES DE CHAPULTEPEC,Primaria,TLALPAN,-99.17145833,19.27498611,168,123,23.4146,0.813,0,47.1545,58,123,39.0244,48,123,30.0813,37,123,19.6253,95,42.2764,52,123,1.1707,99.187,122,123
09DPR0929K,QUETZALCOATL,MATUTINO,2024-2025 | 2025-2026,09DPR5119T,QUETZALCOATL,Primaria,CUAJIMALPA DE MORELOS,-99.30938056,19.3535,135,106,23.3962,0,0,29.2453,31,106,57.5472,61,106,30.1887,32,106,19.787,69,41.5094,44,106,1.1698,100,106,106
09DPR1314V,LEONISMO INTERNACIONAL,MATUTINO,2025-2026,09DPR1314V,LEONISMO INTERNACIONAL,Primaria,BENITO JUÁREZ,-99.142825,19.39859444,464,377,23.3952,0.2653,0,56.7639,214,377,19.6286,74,377,40.3183,152,377,18.3358,341,36.3395,137,377,1.1698,99.7347,376,377
09DPR1558Q,AUSTRIA,MATUTINO,2024-2025 | 2025-2026,09DPR1558Q,AUSTRIA,Primaria,AZCAPOTZALCO,-99.16218889,19.475675,287,330,23.3939,16.6667,0,30.303,100,330,35.1515,116,330,34.8485,115,330,19.0549,224,34.5455,114,330,1.1697,83.3333,275,330
09DPR3109Z,MARTÍN LUIS GUZMAN,MATUTINO,2024-2025 | 2025-2026,09DPR3109Z,MARTÍN LUIS GUZMAN,Primaria,COYOACÁN,-99.16310833,19.32626111,706,652,23.3742,5.6748,0,50,326,652,20.2454,132,652,40.9509,267,652,19.0551,581,31.5951,206,652,1.1687,94.3252,615,652
09DPR1522B,CLUB DE LEONES NUMERO 6,MATUTINO,2024-2025 | 2025-2026,09DPR1522B,CLUB DE LEONES NUMERO 6,Primaria,GUSTAVO A. MADERO,-99.08781944,19.47690833,274,321,23.3645,23.053,0,28.3489,91,321,38.0062,122,321,27.4143,88,321,19.2274,179,33.0218,106,321,1.1682,76.947,247,321
09DPR1939Y,ANDRÉS QUINTANA ROO,MATUTINO,2025-2026,09DJN0994U,ANDRES QUINTANA ROO,Preescolar,ÁLVARO OBREGÓN,-99.22988056,19.36986944,248,220,23.3636,6.3636,0,46.3636,102,220,20.4545,45,220,43.6364,96,220,19.0229,192,30.9091,68,220,1.1682,93.6364,206,220
09DPR0100N,TLAMATINI,MATUTINO,2024-2025 | 2025-2026,09DJN1337P,TLAMATINI,Preescolar,GUSTAVO A. MADERO,-99.13876111,19.53462778,575,519,23.3526,0.1927,0,41.6185,216,519,39.3064,204,519,35.6455,185,519,18.3713,456,36.6089,190,519,1.1676,99.8073,518,519
09DPR2310F,AFGANISTAN,MATUTINO,2025-2026,09DPR2310F,AFGANISTAN,Primaria,IZTACALCO,-99.09079444,19.38995833,290,239,23.3473,0,0,45.1883,108,239,41.4226,99,239,30.1255,72,239,18.1555,200,35.5649,85,239,1.1674,100,239,239
09DPR3122T,AURELIANO CASTILLO,VESPERTINO,2024-2025 | 2025-2026,09DPR2030W,AURELIANO CASTILLO,Primaria,XOCHIMILCO,-99.03712222,19.25748056,634,586,23.3447,41.8089,0,36.8601,216,586,14.1638,83,586,23.8908,140,586,18.4879,340,24.4027,143,586,1.1672,58.1911,341,586
09DPR1252Z,MÁRTIRES DE LA REFORMA,MATUTINO,2025-2026,09DPR1242S,MÁRTIRES DE LA REFORMA,Primaria,IZTAPALAPA,-99.10918889,19.33201389,142,36,23.3333,27.7778,0,41.6667,15,36,11.1111,4,36,36.1111,13,36,,,25,9,36,1.1667,72.2222,26,36
09DPR1994R,ESPARTACO,MATUTINO,2024-2025 | 2025-2026,09DPR1994R,ESPARTACO,Primaria,COYOACÁN,-99.13490556,19.31788056,360,288,23.3333,0,0,60.0694,173,288,23.2639,67,288,33.3333,96,288,19.1062,226,36.4583,105,288,1.1667,100,288,288
09DPR2677K,CORONEL SILVESTRE LÓPEZ,VESPERTINO,2024-2025 | 2025-2026,09DPR2733M,CORONEL SILVESTRE LÓPEZ,Primaria,GUSTAVO A. MADERO,-99.06315556,19.45090556,136,144,23.3333,23.6111,0,36.1111,52,144,39.5833,57,144,17.3611,25,144,17.2338,77,36.8056,53,144,1.1667,76.3889,110,144
09DPR1485O,EMILIANO ZAPATA,VESPERTINO,2024-2025 | 2025-2026,09DPR1320F,EMILIANO ZAPATA,Primaria,IZTAPALAPA,-99.10103333,19.32441667,710,822,23.3333,35.5231,0,41.4842,341,822,13.2603,109,822,26.399,217,822,18.841,529,23.9659,197,822,1.1667,64.4769,530,822
09DPR2203X,PROFR. BENJAMIN GURROLA CARRERA,MATUTINO,2024-2025 | 2025-2026,09DPR2203X,PROFR. BENJAMIN GURROLA CARRERA,Primaria,GUSTAVO A. MADERO,-99.10505,19.45984167,185,200,23.3,32,0,29,58,200,34.5,69,200,21,42,200,19.9878,82,33,66,200,1.165,68,136,200
09DPR3054M,SECRETARIA DE PROGRAMACIÓN Y PRESUPUESTO,MATUTINO,2025-2026,09DPR3054M,SECRETARIA DE PROGRAMACIÓN Y PRESUPUESTO,Primaria,BENITO JUÁREZ,-99.15796389,19.40233056,55,97,23.299,8.2474,0,42.268,41,97,36.0825,35,97,29.8969,29,97,17.9364,77,37.1134,36,97,1.1649,91.7526,89,97
09DPR2215B,THAILANDIA,MATUTINO,2024-2025 | 2025-2026,09DPR2783U,THAILANDIA,Primaria,ÁLVARO OBREGÓN,-99.23235278,19.37026667,489,428,23.271,0,0,48.1308,206,428,29.2056,125,428,39.0187,167,428,18.848,367,36.215,155,428,1.1636,100,428,428
09DPR2314B,FRAY BARTOLOMÉ DE LAS CASAS,MATUTINO,2024-2025 | 2025-2026,09DPR2568D,FRAY BARTOLOMÉ DE LAS CASAS,Primaria,IZTAPALAPA,-99.11003333,19.37703056,269,49,23.2653,8.1633,0,36.7347,18,49,51.0204,25,49,20.4082,10,49,15.7349,43,32.6531,16,49,1.1633,91.8367,45,49
09DPR1936A,JUAN ESCUTIA,MATUTINO,2024-2025 | 2025-2026,09DJN0171R,JUAN ESCUTIA,Preescolar,GUSTAVO A. MADERO,-99.08091389,19.47825278,490,466,23.2618,0.2146,0,50.8584,237,466,18.4549,86,466,46.7811,218,466,19.0426,418,34.9785,163,466,1.1631,99.7854,465,466
09DPR2991A,JUAN AMOS COMENIO,MATUTINO,2024-2025 | 2025-2026,09DJN0043W,JUAN AMOS COMENIO,Preescolar,GUSTAVO A. MADERO,-99.09963333,19.501325,416,481,23.2432,27.8586,0,28.6902,138,481,40.1247,193,481,19.5426,94,481,18.3276,239,32.8482,158,481,1.1622,72.1414,347,481
09DPR5069B,LUIS DONALDO COLOSIO MURRIETA,MATUTINO,2024-2025 | 2025-2026,09DES4302D,LUIS DONALDO COLOSIO MURRIETA,Secundaria,LA MAGDALENA CONTRERAS,-99.23640556,19.30723056,292,210,23.2381,0.9524,0,31.4286,66,210,30.9524,65,210,52.8571,111,210,19.3462,208,34.2857,72,210,1.1619,99.0476,208,210
09DPR3140I,MEXITLI,MATUTINO,2024-2025 | 2025-2026,09DPR3140I,MEXITLI,Primaria,AZCAPOTZALCO,-99.20863056,19.47946111,345,420,23.2381,47.1429,0,8.5714,36,420,37.8571,159,420,22.619,95,420,17.3801,206,24.0476,101,420,1.1619,52.8571,222,420
09DPR3001H,TEUHTLI,VESPERTINO,2024-2025 | 2025-2026,09DJN1164O,TEUHTLI,Preescolar,XOCHIMILCO,-99.03056111,19.24948333,211,87,23.2184,59.7701,0,26.4368,23,87,16.092,14,87,13.7931,12,87,18.0676,34,19.5402,17,87,1.1609,40.2299,35,87
09DPR2762H,CORONEL NICOLAS ROMERO,VESPERTINO,2024-2025,09DPR2762H,CORONEL NICOLAS ROMERO,Primaria,LA MAGDALENA CONTRERAS,-99.25272778,19.30666389,97,75,23.2,37.3333,0,44,33,75,21.3333,16,75,13.3333,10,75,17.3766,47,24,18,75,1.16,62.6667,47,75
09DPR2237N,CUAUHTÉMOC,MATUTINO,2024-2025 | 2025-2026,09DES0319C,CUAUHTÉMOC,Secundaria,IZTAPALAPA,-99.06195278,19.32543056,580,507,23.1953,27.0217,0,42.4063,215,507,15.1874,77,507,31.3609,159,507,18.7117,343,27.4162,139,507,1.1598,72.9783,370,507
09DPR4019N,EFRAIN HUERTA,VESPERTINO,2024-2025 | 2025-2026,09DPR4019N,EFRAIN HUERTA,Primaria,ÁLVARO OBREGÓN,-99.25931111,19.32503333,474,397,23.1738,0.2519,0,53.9043,214,397,24.1814,96,397,37.5315,149,397,18.6627,365,33.7531,134,397,1.1587,99.7481,396,397
09DPR2986P,RAMON LÓPEZ VELARDE,MATUTINO,2024-2025,09DPR2735K,RAMÓN LÓPEZ VELARDE,Primaria,GUSTAVO A. MADERO,-99.08513611,19.49048889,222,215,23.1628,65.1163,0,13.4884,29,215,22.7907,49,215,14.4186,31,215,19.1267,75,16.2791,35,215,1.1581,34.8837,75,215
09DPR5135K,CENOBIA GARCÍA NAVA,VESPERTINO,2024-2025 | 2025-2026,09DPR5135K,CENOBIA GARCÍA NAVA,Primaria,ÁLVARO OBREGÓN,-99.28146667,19.32846111,384,279,23.1541,0.7168,0,57.7061,161,279,25.0896,70,279,32.2581,90,279,18.3008,251,37.276,104,279,1.1577,99.2832,277,279
09DPR1785L,VASCO DE QUIROGA,MATUTINO,2024-2025 | 2025-2026,09DPR1785L,VASCO DE QUIROGA,Primaria,ÁLVARO OBREGÓN,-99.23967778,19.38282222,500,438,23.1507,0.4566,0,50.2283,220,438,22.6027,99,438,42.4658,186,438,18.8204,401,34.7032,152,438,1.1575,99.5434,436,438
09DPR2013F,JUÁREZ Y CONSTITUCION,VESPERTINO,2024-2025,09DPR2063N,JUÁREZ Y CONSTITUCIÓN,Primaria,XOCHIMILCO,-99.01058889,19.25529167,372,331,23.142,41.3897,0,34.139,113,331,14.5015,48,331,25.6798,85,331,17.8789,194,21.7523,72,331,1.1571,58.6103,194,331
09DPR2976I,DR. CONRADO MENENDEZ MENA,MATUTINO,2024-2025 | 2025-2026,09DPR2976I,DR. CONRADO MENENDEZ MENA,Primaria,CUAJIMALPA DE MORELOS,-99.25503333,19.38253611,170,166,23.1325,18.6747,0,39.1566,65,166,24.0964,40,166,33.7349,56,166,18.3778,135,30.1205,50,166,1.1566,81.3253,135,166
09DPR1363D,MTRO. MANUEL C. TELLO,VESPERTINO,2024-2025 | 2025-2026,09DPR1363D,MTRO. MANUEL C. TELLO,Primaria,GUSTAVO A. MADERO,-99.07655,19.46758056,100,115,23.1304,20,0,26.9565,31,115,46.087,53,115,22.6087,26,115,18.3286,70,32.1739,37,115,1.1565,80,92,115
09DPR1882N,CARMEN SERDAN,MATUTINO,2024-2025 | 2025-2026,09DES0169M,CARMEN SERDÁN,Secundaria,ÁLVARO OBREGÓN,-99.246225,19.36003056,567,563,23.1261,0.3552,0,60.0355,338,563,19.7158,111,563,35.524,200,563,18.207,487,33.5702,189,563,1.1563,99.6448,561,563
09DPR0126V,ESTEFANIA CASTAÑEDA,MATUTINO,2024-2025 | 2025-2026,09DJN0183W,ESTEFANIA CASTAÑEDA,Preescolar,BENITO JUÁREZ,-99.18749167,19.37054167,196,160,23.125,10,0,48.125,77,160,26.25,42,160,31.25,50,160,19.704,124,30,48,160,1.1562,90,144,160
09DPR3246B,PROFRA. SUSANA ORTIZ SILVA,MATUTINO,2024-2025 | 2025-2026,09DPR3246B,PROFRA. SUSANA ORTIZ SILVA,Primaria,COYOACÁN,-99.11555,19.32519722,334,320,23.125,0.9375,0,40.9375,131,320,33.75,108,320,40,128,320,19.2004,278,36.875,118,320,1.1562,99.0625,317,320
09DPR1915O,DOCTOR PORFIRIO PARRA,VESPERTINO,2024-2025 | 2025-2026,09DPR1915O,DOCTOR PORFIRIO PARRA,Primaria,ÁLVARO OBREGÓN,-99.19453333,19.34506111,44,45,23.1111,4.4444,0,46.6667,21,45,17.7778,8,45,46.6667,21,45,21.3622,37,40,18,45,1.1556,95.5556,43,45
09DPR3030C,GRAL. FRANCISCO VILLA,MATUTINO,2024-2025 | 2025-2026,09DJN0300V,GENERAL FRANCISCO VILLA,Preescolar,IZTAPALAPA,-99.06008889,19.33931667,233,245,23.102,15.5102,0,39.5918,97,245,30.2041,74,245,30.2041,74,245,18.8956,180,33.0612,81,245,1.1551,84.4898,207,245
09DPR2625E,PROFRA. AMANDA PALAFOX Y BAZ,VESPERTINO,2024-2025 | 2025-2026,09DPR2622H,PROFRA. AMANDA PALAFOX Y BAZ,Primaria,TLALPAN,-99.17656944,19.26931944,237,97,23.0928,3.0928,0,51.5464,50,97,17.5258,17,97,43.299,42,97,18.7696,92,30.9278,30,97,1.1546,96.9072,94,97
09DPR1941M,21 DE AGOSTO DE 1944,MATUTINO,2024-2025 | 2025-2026,09DPR1941M,21 DE AGOSTO DE 1944,Primaria,COYOACÁN,-99.18821944,19.33991111,154,157,23.0573,1.9108,0,37.5796,59,157,35.6688,56,157,40.1274,63,157,18.5854,137,35.6688,56,157,1.1529,98.0892,154,157
09DPR1788I,CARLOS A. PEREYRA,VESPERTINO,2024-2025 | 2025-2026,09DPR1784M,CARLOS A. PEREYRA,Primaria,ÁLVARO OBREGÓN,-99.22949167,19.37888056,152,144,23.0556,0,0,58.3333,84,144,25,36,144,31.9444,46,144,18.7475,118,35.4167,51,144,1.1528,100,144,144
09DPR1632H,EMPERADOR CUITLAHUAC,MATUTINO,2024-2025 | 2025-2026,09DPR1632H,EMPERADOR CUITLAHUAC,Primaria,AZCAPOTZALCO,-99.17049444,19.47275833,138,203,23.0542,32.0197,0,20.197,41,203,46.3054,94,203,16.7488,34,203,19.3284,74,28.5714,58,203,1.1527,67.9803,138,203
09DPR1340T,GRAL. JUAN N. MENDEZ,MATUTINO,2024-2025,09DPR1340T,GRAL. JUAN N. MENDEZ,Primaria,AZCAPOTZALCO,-99.18903889,19.471025,118,118,23.0508,1.6949,0,46.6102,55,118,42.3729,50,118,24.5763,29,118,10.3112,116,43.2203,51,118,1.1525,98.3051,116,118
09DPR2152G,AURELIO MALDONADO CEDILLO,MATUTINO,2024-2025 | 2025-2026,09DPR0848Z,AURELIO MALDONADO CEDILLO,Primaria,GUSTAVO A. MADERO,-99.15254444,19.54931111,494,663,23.0468,32.5792,0,25.0377,166,663,36.3499,241,663,21.267,141,663,19.0451,286,32.2775,214,663,1.1523,67.4208,447,663
09DPR1833E,INSURGENTES BRAVO,MATUTINO,2025-2026,09DPR1833E,INSURGENTES BRAVO,Primaria,BENITO JUÁREZ,-99.18395556,19.39447778,303,276,23.0435,9.058,0,43.8406,121,276,27.8986,77,276,34.4203,95,276,19.0126,222,31.1594,86,276,1.1522,90.942,251,276
09DPR2561K,LIC. PROTASIO TAGLE,MATUTINO,2024-2025 | 2025-2026,09DPR2561K,LIC. PROTASIO TAGLE,Primaria,COYOACÁN,-99.16395833,19.35124167,337,304,23.0263,6.25,0,33.2237,101,304,44.7368,136,304,30.9211,94,304,18.1095,241,34.2105,104,304,1.1513,93.75,285,304
09DPR1644M,EL NIÑO AGRARISTA,MATUTINO,2024-2025 | 2025-2026,09DPR1644M,EL NIÑO AGRARISTA,Primaria,AZCAPOTZALCO,-99.20476111,19.47930556,339,431,23.0162,43.8515,0,23.6659,102,431,27.8422,120,431,19.7216,85,431,18.7703,185,23.6659,102,431,1.1508,56.1485,242,431
09DPR2257A,REINO DE JORDANIA,MATUTINO,2024-2025 | 2025-2026,09DPR2257A,REINO DE JORDANIA,Primaria,COYOACÁN,-99.18023333,19.34221667,267,199,23.0151,0,0,36.1809,72,199,44.7236,89,199,34.1709,68,199,19.4455,165,35.6784,71,199,1.1508,100,199,199
09DPR0011U,PROFR. CARITINO MALDONADO PÉREZ,VESPERTINO,2024-2025,09DPR0011U,PROFR. CARITINO MALDONADO PÉREZ,Primaria,XOCHIMILCO,-99.106175,19.24628611,193,154,22.987,26.6234,0,50.6494,78,154,7.1429,11,154,30.5195,47,154,19.5044,113,21.4286,33,154,1.1494,73.3766,113,154
09DPR2652B,ANASTASIO GAONA DURAN,MATUTINO,2024-2025 | 2025-2026,09DPR2652B,ANASTASIO GAONA DURAN,Primaria,GUSTAVO A. MADERO,-99.09093333,19.48466111,454,489,22.9857,49.8978,0,27.6074,135,489,14.3149,70,489,23.1084,113,489,18.9533,246,19.6319,96,489,1.1493,50.1022,245,489
09DPR1996P,IGNACIO RAMÍREZ,VESPERTINO,2024-2025,09DJN0782R,IGNACIO RAMÍREZ,Preescolar,IZTAPALAPA,-99.04370833,19.39286944,187,188,22.9787,38.8298,0,17.5532,33,188,35.1064,66,188,23.4043,44,188,17.7183,115,22.3404,42,188,1.1489,61.1702,115,188
09DPR1419P,PROFR. JUAN B. SALAZAR,VESPERTINO,2024-2025 | 2025-2026,09DPR1422C,PROFR. JUAN B. SALAZAR,Primaria,GUSTAVO A. MADERO,-99.15458333,19.51784167,118,121,22.9752,9.9174,0,57.0248,69,121,5.7851,7,121,42.1488,51,121,20.0635,96,33.8843,41,121,1.1488,90.0826,109,121
09DPR1809E,SATURNINO HERRAN,MATUTINO,2024-2025 | 2025-2026,09DJN0512Y,SATURNINO HERRAN,Preescolar,CUAJIMALPA DE MORELOS,-99.293475,19.36190833,299,203,22.9557,0,0,51.2315,104,203,15.7635,32,203,47.7833,97,203,19.3271,199,35.9606,73,203,1.1478,100,203,203
09DPR1232L,GEORGES CUISENAIRE,MATUTINO,2024-2025 | 2025-2026,09DPR0875X,GEORGES CUISENAIRE,Primaria,AZCAPOTZALCO,-99.18223056,19.497225,233,251,22.9482,17.1315,0,35.4582,89,251,32.6693,82,251,29.4821,74,251,18.5675,160,30.6773,77,251,1.1474,82.8685,208,251
09DPR1159T,ANGEL ALBINO CORZO,MATUTINO,2024-2025 | 2025-2026,09DPR1159T,ANGEL ALBINO CORZO,Primaria,BENITO JUÁREZ,-99.14323611,19.39873889,423,333,22.9429,2.1021,0,33.9339,113,333,40.5405,135,333,38.1381,127,333,19.077,282,33.6336,112,333,1.1471,97.8979,326,333
09DPR2485V,ABRAHAM CASTELLANOS,MATUTINO,2024-2025 | 2025-2026,09DPR2485V,ABRAHAM CASTELLANOS,Primaria,CUAUHTÉMOC,-99.129125,19.44046111,213,211,22.9384,1.4218,0,39.8104,84,211,40.2844,85,211,33.1754,70,211,19.1229,131,41.2322,87,211,1.1469,98.5782,208,211
09DPR4184M,JOSÉ JESUS AGUILERA PALOMINO,MATUTINO,2024-2025 | 2025-2026,09DPR4184M,JOSÉ JESUS AGUILERA PALOMINO,Primaria,COYOACÁN,-99.17239722,19.33126667,232,218,22.9358,5.5046,0,30.2752,66,218,47.7064,104,218,31.1927,68,218,17.9165,170,35.7798,78,218,1.1468,94.4954,206,218
09DPR1318R,PROFR. FERNANDO BEST,MATUTINO,2024-2025 | 2025-2026,09DPR1318R,PROFR. FERNANDO BEST,Primaria,GUSTAVO A. MADERO,-99.115325,19.47851389,240,295,22.9153,18.9831,0,25.0847,74,295,42.0339,124,295,28.4746,84,295,18.9577,182,30.1695,89,295,1.1458,81.0169,239,295
09DPR1130O,MAESTRO ERNESTO ALCONEDO,MATUTINO,2024-2025 | 2025-2026,09DPR1130O,MAESTRO ERNESTO ALCONEDO,Primaria,BENITO JUÁREZ,-99.171525,19.377175,124,124,22.9032,20.1613,0,29.0323,36,124,33.0645,41,124,32.2581,40,124,18.0041,98,25.8065,32,124,1.1452,79.8387,99,124
09DPR1051B,PONCIANO QUIROZ HERRERA,VESPERTINO,2024-2025 | 2025-2026,09DPR1052A,PONCIANO QUIROZ HERRERA,Primaria,IZTACALCO,-99.0733,19.39359444,110,76,22.8947,19.7368,0,32.8947,25,76,40.7895,31,76,21.0526,16,76,19.1195,41,32.8947,25,76,1.1447,80.2632,61,76
09DPR1515S,CLUB DE LEONES DE LA VILLA NUM. 2,MATUTINO,2024-2025 | 2025-2026,09DPR1515S,CLUB DE LEONES DE LA VILLA NUM. 2,Primaria,GUSTAVO A. MADERO,-99.10883611,19.47211111,160,216,22.8704,28.7037,0,30.5556,66,216,35.6481,77,216,19.4444,42,216,18.5687,96,31.4815,68,216,1.1435,71.2963,154,216
09DPR3079V,PROFR. VICTORIANO GONZÁLEZ GARZON,VESPERTINO,2024-2025 | 2025-2026,09DPR3079V,PROFR. VICTORIANO GONZÁLEZ GARZON,Primaria,VENUSTIANO CARRANZA,-99.05874444,19.43138056,114,84,22.8571,0,0,48.8095,41,84,34.5238,29,84,30.9524,26,84,18.1139,72,36.9048,31,84,1.1429,100,84,84
09DPR2660K,VALERIO TRUJANO,VESPERTINO,2024-2025 | 2025-2026,09DPR1786K,VALERIO TRUJANO,Primaria,CUAJIMALPA DE MORELOS,-99.31610556,19.35353333,353,393,22.8499,13.2316,0,51.145,201,393,20.1018,79,393,29.771,117,393,18.9102,284,33.8422,133,393,1.1425,86.7684,341,393
09DPR2301Y,FUERZAS ARMADAS DE MÉXICO,MATUTINO,2024-2025 | 2025-2026,09DPR2301Y,FUERZAS ARMADAS DE MÉXICO,Primaria,TLALPAN,-99.16236667,19.27827222,360,233,22.8326,0,0,41.2017,96,233,21.4592,50,233,51.5021,120,233,19.4333,222,34.3348,80,233,1.1416,100,233,233
09DPR1691X,OROZCO Y BERRA,MATUTINO,2024-2025 | 2025-2026,09DPR1691X,OROZCO Y BERRA,Primaria,MIGUEL HIDALGO,-99.17954167,19.45746389,129,92,22.8261,1.087,0,35.8696,33,92,47.8261,44,92,29.3478,27,92,22.4981,53,44.5652,41,92,1.1413,98.913,91,92
09DPR1782O,XOCHIQUETZAL,VESPERTINO,2024-2025 | 2025-2026,09DPR1781P,XOCHIQUETZAL,Primaria,CUAJIMALPA DE MORELOS,-99.29086111,19.36985,269,277,22.8159,7.5812,0,51.9856,144,277,20.9386,58,277,33.574,93,277,16.5469,254,32.852,91,277,1.1408,92.4188,256,277
09DPR2239L,FRANCISCO GABILONDO SOLER,MATUTINO,2025-2026,09DPR2943R,FRANCISCO GABILONDO SOLER,Primaria,IZTACALCO,-99.10873611,19.38710833,133,135,22.8148,0,0,33.3333,45,135,39.2593,53,135,41.4815,56,135,18.9837,104,33.3333,45,135,1.1407,100,135,135
09DPR2295D,TEOFILO ÁLVAREZ BORBOA,MATUTINO,2024-2025 | 2025-2026,09DPR2295D,TEOFILO ÁLVAREZ BORBOA,Primaria,TLALPAN,-99.13273333,19.28785556,347,258,22.7907,0.3876,0,47.2868,122,258,15.8915,41,258,50.3876,130,258,19.1482,255,30.2326,78,258,1.1395,99.6124,257,258
09DPR5039H,QUETZALCOATL,MATUTINO,2024-2025 | 2025-2026,09DPR5119T,QUETZALCOATL,Primaria,CUAJIMALPA DE MORELOS,-99.30938056,19.3535,209,230,22.7826,13.913,0,35.2174,81,230,37.8261,87,230,26.9565,62,230,17.1825,166,34.3478,79,230,1.1391,86.087,198,230
09DPR1233K,PEDRO HENRIQUEZ UREÑA,VESPERTINO,2025-2026,09DPR1233K,PEDRO HENRIQUEZ UREÑA,Primaria,IZTACALCO,-99.12918889,19.39999444,91,72,22.7778,0,0,51.3889,37,72,25,18,72,37.5,27,72,21.5727,55,36.1111,26,72,1.1389,100,72,72
09DPR2312D,REPÚBLICA DE ARGELIA,MATUTINO,2024-2025 | 2025-2026,09DPR2312D,REPÚBLICA DE ARGELIA,Primaria,IZTACALCO,-99.11891667,19.38267222,234,159,22.7673,1.2579,0,40.2516,64,159,32.0755,51,159,40.2516,64,159,19.1387,137,33.9623,54,159,1.1384,98.7421,157,159
09DPR1756Q,MTRO. CAYETANO RODRIGUEZ BELTRAN,MATUTINO,2025-2026,09DPR1755R,MTRO. CAYETANO RODRIGUEZ BELTRAN,Primaria,ÁLVARO OBREGÓN,-99.20841389,19.38846944,234,145,22.7586,0,0,48.2759,70,145,31.0345,45,145,34.4828,50,145,18.4593,123,35.1724,51,145,1.1379,100,145,145
09DPR2908L,CERRO DE LA ESTRELLA,MATUTINO,2024-2025 | 2025-2026,09DPR2908L,CERRO DE LA ESTRELLA,Primaria,IZTAPALAPA,-99.10246111,19.34549444,295,225,22.7556,0,0,58.6667,132,225,12.8889,29,225,42.2222,95,225,18.8026,191,35.1111,79,225,1.1378,100,225,225
09DPR2675M,PROFR. VICTOR MANUEL MANZANO DELGADO,VESPERTINO,2024-2025 | 2025-2026,09DPR2675M,PROFR. VICTOR MANUEL MANZANO DELGADO,Primaria,TLALPAN,-99.23513611,19.27704444,456,359,22.7298,0.2786,0,56.2674,202,359,14.4847,52,359,42.6184,153,359,19.1285,319,34.8189,125,359,1.1365,99.7214,358,359
09DPR3176X,FLORENCIO M. DEL CASTILLO,MATUTINO,2024-2025 | 2025-2026,09DPR2415Z,FLORENCIO M. DEL CASTILLO,Primaria,CUAUHTÉMOC,-99.1592,19.43830556,294,221,22.7149,0.4525,0,32.5792,72,221,47.9638,106,221,32.5792,72,221,18.9851,161,36.1991,80,221,1.1357,99.5475,220,221
09DPR0841G,GENERAL IGNACIO ZARAGOZA,MATUTINO,2024-2025 | 2025-2026,09DES0112L,GENERAL IGNACIO ZARAGOZA,Secundaria,VENUSTIANO CARRANZA,-99.122775,19.42110278,382,376,22.7128,0,0,54.5213,205,376,23.6702,89,376,35.3723,133,376,18.1676,349,30.0532,113,376,1.1356,100,376,376
09DPR2284Y,REPÚBLICA DE IRAK,MATUTINO,2024-2025 | 2025-2026,09DPR2284Y,REPÚBLICA DE IRAK,Primaria,IZTAPALAPA,-99.11970278,19.36365,341,290,22.6897,1.0345,0,34.1379,99,290,35.8621,104,290,42.4138,123,290,18.7818,247,35.1724,102,290,1.1345,98.9655,287,290
09DPR1652V,MÁRTIRES DE LA LIBERTAD,MATUTINO,2024-2025 | 2025-2026,09DPR1652V,MÁRTIRES DE LA LIBERTAD,Primaria,AZCAPOTZALCO,-99.18696389,19.47933611,256,292,22.6712,31.1644,0,22.9452,67,292,35.6164,104,292,23.6301,69,292,19.1523,130,30.137,88,292,1.1336,68.8356,201,292
09DPR5083V,TIERRA Y LIBERTAD,MATUTINO,2024-2025 | 2025-2026,09DPR5083V,TIERRA Y LIBERTAD,Primaria,IZTAPALAPA,-98.99007778,19.35247778,259,196,22.6531,1.5306,0,38.7755,76,196,34.6939,68,196,38.2653,75,196,18.3403,186,34.1837,67,196,1.1327,98.4694,193,196
09DPR2066K,MELCHOR OCAMPO,VESPERTINO,2024-2025 | 2025-2026,09DPR5081X,MELCHOR OCAMPO,Primaria,IZTAPALAPA,-98.99296667,19.34795278,141,159,22.6415,21.3836,0,36.478,58,159,33.3333,53,159,22.0126,35,159,18.883,88,28.3019,45,159,1.1321,78.6164,125,159
09DPR0005J,PROFR. ANTONIO CEDEÑO,VESPERTINO,2024-2025 | 2025-2026,09DPR0005J,PROFR. ANTONIO CEDEÑO,Primaria,IZTAPALAPA,-99.05108889,19.32975833,327,243,22.6337,0.4115,0,31.2757,76,243,51.4403,125,243,30.0412,73,243,19.0506,158,41.9753,102,243,1.1317,99.5885,242,243
09DPR3027P,PROFR. EFREN NUÑEZ MATA,MATUTINO,2024-2025 | 2025-2026,09DPR3027P,PROFR. EFREN NUÑEZ MATA,Primaria,TLALPAN,-99.18348611,19.28619167,477,433,22.6328,0.2309,0,46.4203,201,433,29.7921,129,433,36.7206,159,433,19.4775,315,39.03,169,433,1.1316,99.7691,432,433
09DPR1570L,ESTADO DE JALISCO,VESPERTINO,2024-2025 | 2025-2026,09DPR1570L,ESTADO DE JALISCO,Primaria,AZCAPOTZALCO,-99.15060278,19.47558056,66,99,22.6263,25.2525,0,31.3131,31,99,33.3333,33,99,23.2323,23,99,19.4909,44,34.3434,34,99,1.1313,74.7475,74,99
09DPR3186D,PROFR. ANTONIO S. LÓPEZ,MATUTINO,2025-2026,09DPR4168V,PROFR. ANTONIO S. LÓPEZ,Primaria,ÁLVARO OBREGÓN,-99.23501389,19.35776111,273,267,22.6217,0,0,59.176,158,267,12.7341,34,267,41.1985,110,267,18.5558,233,32.9588,88,267,1.1311,100,267,267
09DPR2230U,MAESTROS DE MÉXICO,VESPERTINO,2024-2025 | 2025-2026,09DPR2230U,MAESTROS DE MÉXICO,Primaria,CUAJIMALPA DE MORELOS,-99.28223333,19.34231667,334,383,22.611,18.2768,0,33.6815,129,383,37.3368,143,383,23.7598,91,383,19.3312,253,30.0261,115,383,1.1305,81.7232,313,383
09DPR2834K,PROFR. ALFREDO BASURTO GARCÍA,MATUTINO,2025-2026,09DPR2678J,PROFR. ALFREDO BASURTO GARCÍA,Primaria,COYOACÁN,-99.15815278,19.31206944,194,184,22.6087,2.7174,0,47.8261,88,184,27.7174,51,184,34.7826,64,184,18.865,143,37.5,69,184,1.1304,97.2826,179,184
09DPR4512P,SALVADOR NAVA MARTÍNEZ,VESPERTINO,2025-2026,09DPR4513O,SALVADOR NAVA MARTÍNEZ,Primaria,ÁLVARO OBREGÓN,-99.24060833,19.37067778,350,284,22.6056,0,0,60.9155,173,284,17.6056,50,284,34.507,98,284,19.5467,229,34.507,98,284,1.1303,100,284,284
09DPR2005X,PRIMERO DE MAYO,MATUTINO,2024-2025 | 2025-2026,09PES0367R,PRIMERO DE MAYO,Secundaria,MIGUEL HIDALGO,-99.177645,19.446675,584,432,22.5926,0.463,0,54.1667,234,432,23.3796,101,432,34.9537,151,432,17.6623,427,32.8704,142,432,1.1296,99.537,430,432
09DPR2297B,PROFRA. CONCEPCIÓN PATIÑO VALDEZ,MATUTINO,2024-2025 | 2025-2026,09DPR2297B,PROFRA. CONCEPCIÓN PATIÑO VALDEZ,Primaria,TLALPAN,-99.22321944,19.29537778,263,232,22.5862,10.7759,0,43.1034,100,232,15.9483,37,232,43.1034,100,232,19.2963,189,26.2931,61,232,1.1293,89.2241,207,232
09DPR2000B,ARABIA SAUDITA,MATUTINO,2024-2025 | 2025-2026,09DPR2000B,ARABIA SAUDITA,Primaria,TLALPAN,-99.12926111,19.29201944,355,341,22.5806,13.783,0,28.4457,97,341,36.3636,124,341,34.3109,117,341,18.3925,281,28.739,98,341,1.129,86.217,294,341
09DPR1807G,MANUEL MARIA CONTRERAS,MATUTINO,2024-2025 | 2025-2026,09PPR0223B,MANUEL MARIA CONTRERAS,Primaria,CUAUHTÉMOC,-99.1654,19.436638,283,233,22.5751,0.4292,0,27.897,65,233,55.3648,129,233,29.1845,68,233,19.6126,159,35.6223,83,233,1.1288,99.5708,232,233
09DPR2930N,DR. ANGEL MA. GARIBAY,VESPERTINO,2024-2025 | 2025-2026,09DPR2467F,DR. ANGEL MA. GARIBAY,Primaria,COYOACÁN,-99.16909167,19.31558333,94,78,22.5641,1.2821,0,65.3846,51,78,12.8205,10,78,33.3333,26,78,19.9563,64,34.6154,27,78,1.1282,98.7179,77,78
09DPR3174Z,PROFR. SIMITRIO RAMIREZ HERNANDEZ,VESPERTINO,2024-2025 | 2025-2026,09DPR3174Z,PROFR. SIMITRIO RAMIREZ HERNANDEZ,Primaria,LA MAGDALENA CONTRERAS,-99.26044167,19.31181111,441,329,22.5532,20.9726,0,48.6322,160,329,10.3343,34,329,32.8267,108,329,18.7402,259,25.228,83,329,1.1277,79.0274,260,329
09DPR3243E,PROFR. ARNULFO PÉREZ HERNANDEZ,MATUTINO,2024-2025 | 2025-2026,09DPR3243E,PROFR. ARNULFO PÉREZ HERNANDEZ,Primaria,IZTACALCO,-99.11196667,19.38322222,303,282,22.5532,0.7092,0,41.844,118,282,31.9149,90,282,38.2979,108,282,18.542,238,37.5887,106,282,1.1277,99.2908,280,282
09DPR0975W,ESTADO DE ISRAEL,MATUTINO,2025-2026,09DPR0975W,ESTADO DE ISRAEL,Primaria,VENUSTIANO CARRANZA,-99.10093611,19.42006389,143,102,22.549,0,0,25.4902,26,102,56.8627,58,102,30.3922,31,102,18.642,69,38.2353,39,102,1.1275,100,102,102
09DPR1815P,MARIA CARRARO VDA. DE AMBROSSI,VESPERTINO,2024-2025 | 2025-2026,09DPR1815P,MARIA CARRARO VDA. DE AMBROSSI,Primaria,ÁLVARO OBREGÓN,-99.22858056,19.38390556,95,55,22.5455,1.8182,0,54.5455,30,55,20,11,55,36.3636,20,55,20.1765,34,40,22,55,1.1273,98.1818,54,55
09DPR2275Q,VALENTÍN ZAMORA OROZCO,MATUTINO,2025-2026,09DPR2905O,VALENTÍN ZAMORA OROZCO,Primaria,CUAUHTÉMOC,-99.16589444,19.41872222,350,291,22.543,0,0,44.6735,130,291,30.9278,90,291,37.1134,108,291,19.2584,243,34.0206,99,291,1.1271,100,291,291
09DPR5145R,JUAN JOSÉ ARREOLA,VESPERTINO,2024-2025,09DPR5144S,JUAN JOSÉ ARREOLA,Primaria,TLÁHUAC,-99.04761389,19.3112,659,560,22.5357,22.3214,0,20.5357,115,560,37.1429,208,560,32.6786,183,560,18.5986,435,26.6071,149,560,1.1268,77.6786,435,560
09DPR3223R,MANUEL RUIZ RODRIGUEZ,MATUTINO,2024-2025 | 2025-2026,09DPR3223R,MANUEL RUIZ RODRIGUEZ,Primaria,GUSTAVO A. MADERO,-99.08400833,19.48871111,239,296,22.5,21.2838,0,30.7432,91,296,33.1081,98,296,27.3649,81,296,19.416,187,30.0676,89,296,1.125,78.7162,233,296
09DPR5115X,MURALISTA ALFREDO ZALCE,VESPERTINO,2024-2025 | 2025-2026,09DPR5104R,MURALISTA ALFREDO ZALCE,Primaria,IZTAPALAPA,-99.08032778,19.32849444,225,104,22.5,0,0,67.3077,70,104,8.6538,9,104,36.5385,38,104,18.4299,87,34.6154,36,104,1.125,100,104,104
09DPR3033Z,PROFRA. ISABEL ROBLES ESPEJEL,MATUTINO,2024-2025 | 2025-2026,09DPR3033Z,PROFRA. ISABEL ROBLES ESPEJEL,Primaria,GUSTAVO A. MADERO,-99.09611389,19.51135556,318,329,22.4924,13.3739,0,41.6413,137,329,24.0122,79,329,33.4347,110,329,18.8597,248,30.0912,99,329,1.1246,86.6261,285,329
09DPR1563B,PROFR. ONOFRE MELENDEZ B.,VESPERTINO,2025-2026,09DPR1563B,PROFR. ONOFRE MELENDEZ B.,Primaria,ÁLVARO OBREGÓN,-99.26976667,19.32872222,188,185,22.4865,0,0,50.2703,93,185,23.2432,43,185,38.9189,72,185,18.1391,161,34.0541,63,185,1.1243,100,185,185
09DPR0058O,NUEVA CREACION,VESPERTINO,2025-2026,09DPR0025X,NUEVA CREACION,Primaria,TLALPAN,-99.18145516,19.21404722,175,169,22.4852,0,0,56.8047,96,169,27.8107,47,169,27.8107,47,169,17.4255,141,32.5444,55,169,1.1243,100,169,169
09DPR2122M,HEROES DE LA NAVAL,MATUTINO,2024-2025 | 2025-2026,09DPR2121N,HEROES DE LA NAVAL,Primaria,ÁLVARO OBREGÓN,-99.20298056,19.37502222,148,121,22.4793,0,0,55.3719,67,121,31.405,38,121,25.6198,31,121,18.5316,98,32.2314,39,121,1.124,100,121,121
09DPR1844K,AMADO NERVO,MATUTINO,2024-2025 | 2025-2026,09DES0174Y,AMADO NERVO,Secundaria,AZCAPOTZALCO,-99.21457222,19.48199722,304,234,22.4786,0.4274,0,62.8205,147,234,8.1197,19,234,41.0256,96,234,18.2655,226,31.1966,73,234,1.1239,99.5726,233,234
09DPR2644T,FRANCISCO MARQUEZ,VESPERTINO,2024-2025 | 2025-2026,09DPR2641W,FRANCISCO MARQUEZ,Primaria,IZTAPALAPA,-99.01433056,19.36083333,199,90,22.4444,0,0,60,54,90,18.8889,17,90,33.3333,30,90,17.7289,90,31.1111,28,90,1.1222,100,90,90
09DPR1783N,VENUSTIANO CARRANZA,MATUTINO,2025-2026,09DPR1783N,VENUSTIANO CARRANZA,Primaria,ÁLVARO OBREGÓN,-99.23198056,19.38433611,248,249,22.4096,5.2209,0,41.3655,103,249,30.9237,77,249,34.5382,86,249,18.5113,194,32.9317,82,249,1.1205,94.7791,236,249
09DPR0046J,GUSTAVO BAZ PRADA,MATUTINO,2024-2025 | 2025-2026,09DPR0046J,GUSTAVO BAZ PRADA,Primaria,TLALPAN,-99.23010556,19.27267222,593,525,22.4,1.3333,0,54.4762,286,525,20,105,525,36.1905,190,525,19.1169,432,33.7143,177,525,1.12,98.6667,518,525
09DPR2180C,JAPÓN,MATUTINO,2024-2025 | 2025-2026,09DJN0207P,JAPON,Preescolar,GUSTAVO A. MADERO,-99.10925278,19.48650556,422,467,22.3983,13.2762,0,38.9722,182,467,27.409,128,467,32.334,151,467,19.1572,360,29.7645,139,467,1.1199,86.7238,405,467
09DPR1945I,IDEARIO DE JUÁREZ,MATUTINO,2024-2025 | 2025-2026,09DPR1945I,IDEARIO DE JUÁREZ,Primaria,COYOACÁN,-99.15714167,19.31788056,322,342,22.3977,0.2924,0,38.3041,131,342,33.9181,116,342,39.4737,135,342,18.3292,319,30.4094,104,342,1.1199,99.7076,341,342
09DPR2756X,ALFREDO V. BONFIL,VESPERTINO,2025-2026,09DPR2756X,ALFREDO V. BONFIL,Primaria,TLALPAN,-99.20292778,19.28211389,272,184,22.3913,28.8043,0,45.1087,83,184,10.3261,19,184,27.7174,51,184,18.9734,124,22.8261,42,184,1.1196,71.1957,131,184
09DPR2840V,FABIAN GARCÍA RAMÍREZ,MATUTINO,2024-2025 | 2025-2026,09DPR2936H,FABIAN GARCÍA RAMÍREZ,Primaria,IZTAPALAPA,-98.98687778,19.34020833,465,410,22.3902,0.7317,0,38.0488,156,410,47.0732,193,410,26.0976,107,410,18.6298,282,38.7805,159,410,1.1195,99.2683,407,410
09DPR1189N,15 DE MAYO,MATUTINO,2025-2026,09DPR1189N,15 DE MAYO,Primaria,COYOACÁN,-99.12877778,19.35562778,334,287,22.3693,14.9826,0,44.2509,127,287,22.6481,65,287,29.9652,86,287,18.5343,216,29.6167,85,287,1.1185,85.0174,244,287
09DPR1736C,GENERAL ANDRES FIGUEROA,VESPERTINO,2024-2025 | 2025-2026,09DPR1735D,GENERAL ANDRES FIGUEROA,Primaria,MIGUEL HIDALGO,-99.19226389,19.45408889,66,76,22.3684,2.6316,0,39.4737,30,76,44.7368,34,76,25,19,76,19.5366,41,40.7895,31,76,1.1184,97.3684,74,76
09DPR1166C,SUIZA,MATUTINO,2024-2025 | 2025-2026,09DJN0663D,SUIZA,Preescolar,COYOACÁN,-99.14269444,19.31206944,185,144,22.3611,0,0,44.4444,64,144,14.5833,21,144,52.7778,76,144,20.0816,114,36.8056,53,144,1.1181,100,144,144
09DPR1957N,LUIS HIDALGO MONROY,MATUTINO,2024-2025 | 2025-2026,09DPR1957N,LUIS HIDALGO MONROY,Primaria,COYOACÁN,-99.16096944,19.35278056,359,314,22.3567,3.5032,0,35.3503,111,314,30.2548,95,314,42.6752,134,314,18.67,290,31.2102,98,314,1.1178,96.4968,303,314
09DPR2217Z,PROFR. JORGE CASAHONDA CASTILLO,MATUTINO,2024-2025 | 2025-2026,09DBA0178Y,PROFR. JORGE CASAHONDA CASTILLO,Adultos - Primaria,CUAUHTÉMOC,-99.12915833,19.44875278,326,314,22.3567,0.6369,0,48.4076,152,314,17.1975,54,314,45.5414,143,314,19.0194,288,31.2102,98,314,1.1178,99.3631,312,314
09DPR0933X,PLAN DE ONCE AÑOS,MATUTINO,2024-2025 | 2025-2026,09DPR0934W,PLAN DE ONCE AÑOS,Primaria,IZTACALCO,-99.12153333,19.38986667,117,94,22.3404,1.0638,0,36.1702,34,94,39.3617,37,94,35.1064,33,94,19.1565,69,37.234,35,94,1.117,98.9362,93,94
09DPR0967N,HISPANO AMERICA,MATUTINO,2024-2025 | 2025-2026,09DPR0967N,HISPANO AMERICA,Primaria,BENITO JUÁREZ,-99.17983889,19.38893889,309,274,22.3358,4.0146,0,32.1168,88,274,42.3358,116,274,33.2117,91,274,18.1038,234,32.1168,88,274,1.1168,95.9854,263,274
09DPR2611B,TECAYEHUATZIN,MATUTINO,2025-2026,09DPR2611B,TECAYEHUATZIN,Primaria,COYOACÁN,-99.11850833,19.33089722,307,234,22.3077,3.4188,0,55.1282,129,234,23.9316,56,234,29.0598,68,234,17.9156,179,34.6154,81,234,1.1154,96.5812,226,234
09DPR1836B,DR. FRANCISCO VAZQUEZ GOMEZ,MATUTINO,2024-2025 | 2025-2026,09DPR1836B,DR. FRANCISCO VAZQUEZ GOMEZ,Primaria,COYOACÁN,-99.11655833,19.3398,359,312,22.3077,3.2051,0,49.0385,153,312,22.7564,71,312,36.5385,114,312,19.1061,246,32.3718,101,312,1.1154,96.7949,302,312
09DPR2426F,PROFR. LUIS GUEVARA RAMÍREZ,MATUTINO,2024-2025 | 2025-2026,09DPR2426F,PROFR. LUIS GUEVARA RAMÍREZ,Primaria,IZTAPALAPA,-99.07421111,19.33083889,378,165,22.303,0.6061,0,41.2121,68,165,24.2424,40,165,45.4545,75,165,20.4629,132,38.1818,63,165,1.1152,99.3939,164,165
09DPR1995Q,PROFR. XAVIER MEJÍA,MATUTINO,2024-2025 | 2025-2026,09DPR1995Q,PROFR. XAVIER MEJÍA,Primaria,COYOACÁN,-99.14424722,19.30443611,447,436,22.2936,0,0,43.3486,189,436,23.1651,101,436,44.9541,196,436,19.459,373,34.633,151,436,1.1147,100,436,436
09DPR0958F,ALFONSO REYES,MATUTINO,2024-2025 | 2025-2026,09DES0166P,ALFONSO REYES,Secundaria,LA MAGDALENA CONTRERAS,-99.25770278,19.31254444,155,123,22.2764,2.439,0,42.2764,52,123,34.1463,42,123,32.5203,40,123,19.378,82,38.2114,47,123,1.1138,97.561,120,123
09DPR1881O,CARMEN SERDAN,VESPERTINO,2024-2025 | 2025-2026,09DES0169M,CARMEN SERDÁN,Secundaria,ÁLVARO OBREGÓN,-99.246225,19.36003056,350,282,22.2695,0,0,59.9291,169,282,20.5674,58,282,30.8511,87,282,18.1916,250,30.4965,86,282,1.1135,100,282,282
09DPR1796R,RAMON MANTEROLA,VESPERTINO,2024-2025 | 2025-2026,09DBS0009B,RAMON MANTEROLA,Adultos - Secundaria,CUAJIMALPA DE MORELOS,-99.29819444,19.35676667,403,445,22.2472,19.5506,0,31.6854,141,445,37.7528,168,445,22.2472,99,445,17.7704,270,31.236,139,445,1.1124,80.4494,358,445
09DPR2232S,MARTÍN DE LA CRUZ,MATUTINO,2024-2025 | 2025-2026,09DPR2232S,MARTÍN DE LA CRUZ,Primaria,TLALPAN,-99.12795,19.28936667,387,276,22.2464,0,0,42.7536,118,276,27.8986,77,276,40.5797,112,276,18.2785,275,31.8841,88,276,1.1123,100,276,276
09DPR2694A,ALFONSO PRUNEDA,MATUTINO,2024-2025 | 2025-2026,09DPR2694A,ALFONSO PRUNEDA,Primaria,GUSTAVO A. MADERO,-99.17242778,19.52586111,300,366,22.2404,21.0383,0,21.3115,78,366,44.8087,164,366,24.0437,88,366,19.3985,199,32.7869,120,366,1.112,78.9617,289,366
09DPR2594B,PROFR. SALVADOR VARELA RESENDIZ,MATUTINO,2024-2025 | 2025-2026,09DPR2594B,PROFR. SALVADOR VARELA RESENDIZ,Primaria,AZCAPOTZALCO,-99.201925,19.50988611,222,233,22.2318,21.4592,0,34.3348,80,233,26.6094,62,233,28.7554,67,233,20.5659,138,30.9013,72,233,1.1116,78.5408,183,233
09DPR2303W,VENUSTIANO CARRANZA,VESPERTINO,2024-2025 | 2025-2026,09DPR1783N,VENUSTIANO CARRANZA,Primaria,ÁLVARO OBREGÓN,-99.23198056,19.38433611,176,163,22.2086,12.8834,0,42.3313,69,163,23.9264,39,163,31.9018,52,163,18.7521,119,30.6748,50,163,1.1104,87.1166,142,163
09DPR0124X,PROFR. JOSÉ GUADALUPE AGUILERA,MATUTINO,2024-2025 | 2025-2026,09DPR0124X,PROFR. JOSÉ GUADALUPE AGUILERA,Primaria,IZTACALCO,-99.09633056,19.39912222,167,146,22.1918,1.3699,0,16.4384,24,146,54.1096,79,146,39.0411,57,146,19.1598,117,39.0411,57,146,1.1096,98.6301,144,146
09DPR1864Y,JUAN A. MATEOS,VESPERTINO,2024-2025 | 2025-2026,09DPR1865X,JUAN A. MATEOS,Primaria,ÁLVARO OBREGÓN,-99.218825,19.37125833,93,73,22.1918,0,0,57.5342,42,73,20.5479,15,73,32.8767,24,73,18.9312,64,32.8767,24,73,1.1096,100,73,73
09DPR5134L,NUEVO MILENIO,MATUTINO,2024-2025 | 2025-2026,09DPR5150C,NUEVO MILENIO,Primaria,TLÁHUAC,-99.03996667,19.28296667,678,691,22.1708,3.7627,0,51.0854,353,691,19.5369,135,691,36.4689,252,691,19.0588,519,34.2981,237,691,1.1085,96.2373,665,691
09DPR2384X,PROFRA. VICENTA TRUJILLO,MATUTINO,2024-2025 | 2025-2026,09DPR2384X,PROFRA. VICENTA TRUJILLO,Primaria,CUAUHTÉMOC,-99.14213056,19.45199722,286,233,22.1459,13.3047,0,31.3305,73,233,32.618,76,233,33.4764,78,233,19.1838,148,33.0472,77,233,1.1073,86.6953,202,233
09DPR1784M,CARLOS A. PEREYRA,MATUTINO,2024-2025 | 2025-2026,09DPR1784M,CARLOS A. PEREYRA,Primaria,ÁLVARO OBREGÓN,-99.22949167,19.37888056,472,404,22.1287,0.495,0,56.4356,228,404,12.8713,52,404,40.8416,165,404,19.0806,341,33.1683,134,404,1.1064,99.505,402,404
09DPR1117U,ALFONSO HERRERA,MATUTINO,2024-2025 | 2025-2026,09DPR1117U,ALFONSO HERRERA,Primaria,CUAUHTÉMOC,-99.17259722,19.41528056,86,113,22.1239,0,0,26.5487,30,113,53.9823,61,113,30.0885,34,113,18.4607,84,38.0531,43,113,1.1062,100,113,113
09DPR2647Q,PROFR. CALIXTO ANTONIO RODRIGUEZ FLORES,MATUTINO,2024-2025 | 2025-2026,09DPR2647Q,PROFR. CALIXTO ANTONIO RODRIGUEZ FLORES,Primaria,GUSTAVO A. MADERO,-99.16689722,19.52720278,213,266,22.1053,32.7068,0,19.9248,53,266,37.9699,101,266,19.9248,53,266,19.1215,107,28.9474,77,266,1.1053,67.2932,179,266
09DPR1265C,JUAN MONTALVO,MATUTINO,2024-2025 | 2025-2026,09DPR1265C,JUAN MONTALVO,Primaria,BENITO JUÁREZ,-99.13553611,19.39338889,313,286,22.0979,2.7972,0,37.7622,108,286,33.9161,97,286,36.014,103,286,19.0743,230,32.1678,92,286,1.1049,97.2028,278,286
09DPR0003L,EFRAIN HUERTA,VESPERTINO,2024-2025 | 2025-2026,09DPR4019N,EFRAIN HUERTA,Primaria,ÁLVARO OBREGÓN,-99.25931111,19.32503333,326,239,22.0921,0,0,24.2678,58,239,50.6276,121,239,35.5649,85,239,19.0061,196,34.3096,82,239,1.1046,100,239,239
09DPR1390A,DR. CAYETANO ANDRADE,MATUTINO,2024-2025 | 2025-2026,09DPR1384Q,DR. CAYETANO ANDRADE,Primaria,GUSTAVO A. MADERO,-99.09320556,19.49855278,424,402,22.0896,7.9602,0,38.0597,153,402,27.8607,112,402,36.5672,147,402,19.0081,347,29.8507,120,402,1.1045,92.0398,370,402
09DPR2577L,DR. JAIME TORRES BODET,MATUTINO,2024-2025,09DPR2577L,DR. JAIME TORRES BODET,Primaria,TLÁHUAC,-99.047625,19.29606944,517,384,22.0833,24.2188,0,34.8958,134,384,13.8021,53,384,37.5,144,384,19.29,291,23.1771,89,384,1.1042,75.7812,291,384
09DPR1977A,CLUB DE LEONES NUMERO 3,MATUTINO,2024-2025 | 2025-2026,09DPR1977A,CLUB DE LEONES NUMERO 3,Primaria,COYOACÁN,-99.14768889,19.33558611,518,518,22.0463,0.5792,0,50.9653,264,518,19.112,99,518,39.5753,205,518,18.7308,426,34.556,179,518,1.1023,99.4208,515,518
09DPR1971G,ESPERANZA LÓPEZ MATEOS,VESPERTINO,2024-2025 | 2025-2026,09DPR1971G,ESPERANZA LÓPEZ MATEOS,Primaria,COYOACÁN,-99.14878056,19.312,177,137,22.0438,0,0,56.9343,78,137,16.0584,22,137,37.2263,51,137,19.1509,114,35.0365,48,137,1.1022,100,137,137
09DPR4008H,PROFRA. CONCEPCION TARAZAGA COLOMER,MATUTINO,2024-2025 | 2025-2026,09DPR4008H,PROFRA. CONCEPCION TARAZAGA COLOMER,Primaria,TLALPAN,-99.241175,19.28284722,428,354,22.0339,15.8192,0,41.2429,146,354,16.3842,58,354,36.7232,130,354,18.7123,269,27.1186,96,354,1.1017,84.1808,298,354
09DPR5157W,ATENEO DE LA JUVENTUD,MATUTINO,2025-2026,09DPR5157W,ATENEO DE LA JUVENTUD,Primaria,TLALPAN,-99.14110556,19.19903333,661,631,22.0285,0,0,53.7242,339,631,18.3835,116,631,38.0349,240,631,19.2067,493,35.6577,225,631,1.1014,100,631,631
09DPR2408Q,REPÚBLICA DE HONDURAS,MATUTINO,2025-2026,09DPR2408Q,REPÚBLICA DE HONDURAS,Primaria,CUAUHTÉMOC,-99.14585,19.44466667,162,148,22.027,1.3514,0,37.8378,56,148,33.7838,50,148,37.1622,55,148,19.2524,103,36.4865,54,148,1.1014,98.6486,146,148
09DPR2227G,MAESTROS MEXICANOS,MATUTINO,2024-2025,09DBA0073D,MAESTROS MEXICANOS,Adultos - Primaria,LA MAGDALENA CONTRERAS,-99.23028889,19.30984444,316,311,21.9936,23.7942,0,41.4791,129,311,12.8617,40,311,31.8328,99,311,18.5776,237,23.1511,72,311,1.0997,76.2058,237,311
09DPR2997V,FERNANDO MONTES DE OCA,VESPERTINO,2024-2025 | 2025-2026,09DES0025Q,FERNANDO MONTES DE OCA,Secundaria,AZCAPOTZALCO,-99.19845833,19.49748889,238,271,21.9926,18.8192,0,41.6974,113,271,27.3063,74,271,22.1402,60,271,18.5465,155,32.4723,88,271,1.0996,81.1808,220,271
09DPR2357Z,LIC. PONCIANO ARRIAGA,MATUTINO,2024-2025 | 2025-2026,09DPR2357Z,LIC. PONCIANO ARRIAGA,Primaria,CUAUHTÉMOC,-99.12793333,19.43373056,141,121,21.9835,0.8264,0,38.0165,46,121,36.3636,44,121,34.7107,42,121,18.8967,90,35.5372,43,121,1.0992,99.1736,120,121
09DPR1347M,JESUS CARLOS ROMERO VILLA,MATUTINO,2024-2025 | 2025-2026,09DPR1347M,JESUS CARLOS ROMERO VILLA,Primaria,GUSTAVO A. MADERO,-99.12488056,19.50883056,240,325,21.9692,28,0,26.7692,87,325,33.5385,109,325,21.5385,70,325,19.1614,145,31.0769,101,325,1.0985,72,234,325
09DPR0134D,AURELIO HIDALGO,MATUTINO,2024-2025 | 2025-2026,09DPR0134D,AURELIO HIDALGO,Primaria,ÁLVARO OBREGÓN,-99.24868333,19.33176111,540,447,21.9687,0.2237,0,55.0336,246,447,15.8837,71,447,38.7025,173,447,18.8116,389,32.8859,147,447,1.0984,99.7763,446,447
09DPR2112F,VOCEADORES DE MÉXICO,MATUTINO,2025-2026,09DPR1010B,VOCEADORES DE MÉXICO,Primaria,IZTAPALAPA,-99.03273056,19.38782778,115,72,21.9444,0,0,37.5,27,72,41.6667,30,72,30.5556,22,72,18.4018,55,37.5,27,72,1.0972,100,72,72
09DPR3212L,GENOVEVA CORTES,VESPERTINO,2024-2025 | 2025-2026,09DPR3212L,GENOVEVA CORTES,Primaria,IZTAPALAPA,-99.04185556,19.33492222,266,216,21.9444,0.463,0,36.1111,78,216,42.1296,91,216,31.0185,67,216,19.6857,133,39.3519,85,216,1.0972,99.537,215,216
09DPR0947Z,ANGEL DE CAMPO,MATUTINO,2024-2025 | 2025-2026,09PES0678U,ANGEL DE CAMPO,Secundaria,IZTAPALAPA,-99.016975,19.362719,252,229,21.9214,0.8734,0,41.9214,96,229,20.0873,46,229,46.7249,107,229,19.5338,195,34.0611,78,229,1.0961,99.1266,227,229
09DPR2431R,FRAY BARTOLOME DE LAS CASAS,MATUTINO,2024-2025 | 2025-2026,09DPR2568D,FRAY BARTOLOMÉ DE LAS CASAS,Primaria,IZTAPALAPA,-99.11003333,19.37703056,263,221,21.9005,0.4525,0,28.0543,62,221,49.3213,109,221,31.6742,70,221,19.0303,152,38.009,84,221,1.095,99.5475,220,221
09DPR2327F,MTRO. SALVADOR M. LIMA,MATUTINO,2024-2025 | 2025-2026,09DPR2327F,MTRO. SALVADOR M. LIMA,Primaria,VENUSTIANO CARRANZA,-99.12542222,19.44951111,145,149,21.8792,0.6711,0,44.2953,66,149,37.5839,56,149,26.8456,40,149,19.0654,78,42.953,64,149,1.094,99.3289,148,149
09DPR1968T,MTRO. FRANCISCO CESAR MORALES,MATUTINO,2025-2026,09DPR1968T,MTRO. FRANCISCO CESAR MORALES,Primaria,COYOACÁN,-99.13924167,19.33962222,128,118,21.8644,5.9322,0,45.7627,54,118,22.8814,27,118,34.7458,41,118,19.6402,92,28.8136,34,118,1.0932,94.0678,111,118
09DPR2859T,PROFRA. ENRIQUETA LEÓN GONZÁLEZ,MATUTINO,2025-2026,09DPR2859T,PROFRA. ENRIQUETA LEÓN GONZÁLEZ,Primaria,ÁLVARO OBREGÓN,-99.20873889,19.39454444,297,279,21.8638,0,0,28.6738,80,279,40.8602,114,279,39.7849,111,279,18.8248,242,33.6918,94,279,1.0932,100,279,279
09DPR2783U,THAILANDIA,VESPERTINO,2024-2025 | 2025-2026,09DPR2783U,THAILANDIA,Primaria,ÁLVARO OBREGÓN,-99.23235278,19.37026667,117,86,21.8605,0,0,45.3488,39,86,31.3953,27,86,32.5581,28,86,18.6344,64,36.0465,31,86,1.093,100,86,86
09DPR1454V,TONANTZIN,MATUTINO,2024-2025 | 2025-2026,09DBA0010S,TONANTZIN,Adultos - Primaria,GUSTAVO A. MADERO,-99.09223889,19.50260278,300,355,21.8592,26.7606,0,33.8028,120,355,26.4789,94,355,22.2535,79,355,18.8618,186,28.4507,101,355,1.093,73.2394,260,355
09DPR1424A,HIDROELECTRICA DE CUPATITZIO,MATUTINO,2024-2025 | 2025-2026,09DPR1424A,HIDROELECTRICA DE CUPATITZIO,Primaria,GUSTAVO A. MADERO,-99.08581667,19.48786944,295,312,21.859,17.6282,0,28.5256,89,312,29.8077,93,312,33.3333,104,312,18.9137,212,29.8077,93,312,1.0929,82.3718,257,312
09DPR1992T,ESTADO DE SAN LUIS POTOSI,MATUTINO,2024-2025 | 2025-2026,09DPR1990V,ESTADO DE SAN LUIS POTOSI,Primaria,TLALPAN,-99.14995278,19.29799167,229,184,21.8478,9.7826,0,36.9565,68,184,32.6087,60,184,29.8913,55,184,18.5814,129,35.3261,65,184,1.0924,90.2174,166,184
09DPR0850O,GUSTAVO PEDRO MAHR,MATUTINO,2024-2025 | 2025-2026,09DPR0850O,GUSTAVO PEDRO MAHR,Primaria,CUAUHTÉMOC,-99.14785833,19.44903333,156,153,21.8301,1.3072,0,19.6078,30,153,60.7843,93,153,27.451,42,153,18.4421,107,35.9477,55,153,1.0915,98.6928,151,153
09DPR2025K,ENRIQUE C. REBSAMEN,MATUTINO,2024-2025,09DBS0040L,ENRIQUE C REBSAMEN,Adultos - Secundaria,XOCHIMILCO,-99.012,19.25468889,789,673,21.8128,12.0357,0,28.8262,194,673,29.5691,199,673,38.633,260,673,19.2172,592,27.0431,182,673,1.0906,87.9643,592,673
09DPR2251G,MA. MAGDALENA PACHECO BLANCO,MATUTINO,2024-2025,09DPR2252F,MA. MAGDALENA PACHECO BLANCO,Primaria,TLÁHUAC,-99.06246111,19.29656667,329,309,21.8123,22.3301,0,41.4239,128,309,12.2977,38,309,33.0097,102,309,18.7208,240,24.5955,76,309,1.0906,77.6699,240,309
09DPR1961Z,JACINTO CANEK,VESPERTINO,2024-2025 | 2025-2026,09DPR1961Z,JACINTO CANEK,Primaria,TLALPAN,-99.21888333,19.28870833,247,158,21.7722,0,0,47.4684,75,158,33.5443,53,158,27.8481,44,158,18.6844,109,35.443,56,158,1.0886,100,158,158
09DPR1468Y,TATA VASCO,MATUTINO,2024-2025 | 2025-2026,09DPR1468Y,TATA VASCO,Primaria,GUSTAVO A. MADERO,-99.09093333,19.49774722,321,387,21.7571,25.0646,0,26.615,103,387,33.5917,130,387,23.5142,91,387,18.4599,197,31.5245,122,387,1.0879,74.9354,290,387
09DPR2811Z,REPÚBLICA FRANCESA,MATUTINO,2024-2025 | 2025-2026,09DPR2811Z,REPÚBLICA FRANCESA,Primaria,ÁLVARO OBREGÓN,-99.19365278,19.35498889,271,251,21.753,0.7968,0,37.0518,93,251,27.0916,68,251,43.8247,110,251,19.6596,228,29.0837,73,251,1.0876,99.2032,249,251
09DPR1412W,JUANA DE ASBAJE,MATUTINO,2024-2025 | 2025-2026,09DPR1412W,JUANA DE ASBAJE,Primaria,GUSTAVO A. MADERO,-99.10957222,19.49110833,345,372,21.7204,18.5484,0,35.2151,131,372,28.7634,107,372,26.0753,97,372,18.5408,240,29.0323,108,372,1.086,81.4516,303,372
09DPR1797Q,PEDRO AGUIRRE DE LA BARRERA,MATUTINO,2024-2025 | 2025-2026,09DPR1797Q,PEDRO AGUIRRE DE LA BARRERA,Primaria,ÁLVARO OBREGÓN,-99.21791389,19.39508056,105,93,21.7204,0,0,50.5376,47,93,18.2796,17,93,39.7849,37,93,28.7712,73,38.7097,36,93,1.086,100,93,93
09DPR1418Q,INSURGENTE MORELOS,MATUTINO,2024-2025 | 2025-2026,09DPR1413V,INSURGENTE MORELOS,Primaria,GUSTAVO A. MADERO,-99.11394722,19.48494444,265,349,21.7192,24.0688,0,30.659,107,349,27.2206,95,349,26.6476,93,349,19.1095,201,27.2206,95,349,1.086,75.9312,265,349
09DPR2728A,JOSÉ DOLORES MEDINA DELGADO,MATUTINO,2025-2026,09DPR2728A,JOSÉ DOLORES MEDINA DELGADO,Primaria,IZTAPALAPA,-99.04891389,19.38663611,214,35,21.7143,8.5714,0,22.8571,8,35,45.7143,16,35,31.4286,11,35,,,37.1429,13,35,1.0857,91.4286,32,35
09DPR3231Z,ALFONSO SIERRA PARTIDA,MATUTINO,2024-2025 | 2025-2026,09DPR3231Z,ALFONSO SIERRA PARTIDA,Primaria,COYOACÁN,-99.17244722,19.33168056,385,378,21.6931,7.1429,0,46.0317,174,378,14.8148,56,378,40.4762,153,378,19.2142,317,28.3069,107,378,1.0847,92.8571,351,378
09DPR2187W,MAHATMA GANDHI,VESPERTINO,2024-2025 | 2025-2026,09PJN0882V,MAHATMA GANDHI,Preescolar,COYOACÁN,-99.121871,19.332599,99,143,21.6783,36.3636,0,25.1748,36,143,30.0699,43,143,16.7832,24,143,18.3816,49,27.2727,39,143,1.0839,63.6364,91,143
09DPR1323C,LIC. EDUARDO NOVOA,MATUTINO,2024-2025 | 2025-2026,09DPR1323C,LIC. EDUARDO NOVOA,Primaria,BENITO JUÁREZ,-99.146625,19.36449444,152,156,21.6667,0.641,0,43.5897,68,156,27.5641,43,156,36.5385,57,156,18.5199,136,32.0513,50,156,1.0833,99.359,155,156
09DPR3026Q,EL SEGURO DEL MAESTRO,MATUTINO,2025-2026,09DPR3126P,EL SEGURO DEL MAESTRO,Primaria,IZTAPALAPA,-98.9953,19.36238611,415,343,21.6327,0,0,40.2332,138,343,24.7813,85,343,43.1487,148,343,19.5232,276,35.277,121,343,1.0816,100,343,343
09DPR1384Q,DR. CAYETANO ANDRADE,VESPERTINO,2024-2025 | 2025-2026,09DPR1384Q,DR. CAYETANO ANDRADE,Primaria,GUSTAVO A. MADERO,-99.09320556,19.49855278,167,161,21.6149,17.3913,0,35.4037,57,161,22.9814,37,161,32.2981,52,161,19.5026,115,24.2236,39,161,1.0807,82.6087,133,161
09DPR1383R,CENTENARIO DEL 47,MATUTINO,2024-2025 | 2025-2026,09DPR1383R,CENTENARIO DEL 47,Primaria,GUSTAVO A. MADERO,-99.10891111,19.46329444,136,149,21.6107,23.4899,0,28.8591,43,149,30.2013,45,149,25.5034,38,149,18.6952,83,27.5168,41,149,1.0805,76.5101,114,149
09DPR2587S,LIC. JOSÉ LÓPEZ PORTILLO Y ROJAS,MATUTINO,2024-2025 | 2025-2026,09DPR2587S,LIC. JOSÉ LÓPEZ PORTILLO Y ROJAS,Primaria,GUSTAVO A. MADERO,-99.13135,19.56062778,530,716,21.5922,37.2905,0,26.257,188,716,29.8883,214,716,14.5251,104,716,18.1657,248,28.2123,202,716,1.0796,62.7095,449,716
09DPR1502O,VIDAL ALCOCER,VESPERTINO,2025-2026,09DPR1501P,VIDAL ALCOCER,Primaria,TLALPAN,-99.16491944,19.28780556,160,90,21.5556,3.3333,0,38.8889,35,90,25.5556,23,90,40,36,90,19.754,63,32.2222,29,90,1.0778,96.6667,87,90
09DPR1251Z,MARIA CURIE SKLODOWSKA,MATUTINO,2024-2025 | 2025-2026,09DPR1251Z,MARIA CURIE SKLODOWSKA,Primaria,BENITO JUÁREZ,-99.13496944,19.38178333,356,335,21.5522,4.1791,0,32.2388,108,335,29.8507,100,335,41.4925,139,335,19.1116,284,26.8657,90,335,1.0776,95.8209,321,335
09DPR2189U,NEPAL,MATUTINO,2024-2025 | 2025-2026,09DBA0170F,NEPAL,Adultos - Primaria,GUSTAVO A. MADERO,-99.09230556,19.46428056,246,323,21.548,28.483,0,26.3158,85,323,32.1981,104,323,20.743,67,323,19.505,139,29.4118,95,323,1.0774,71.517,231,323
09DPR5144S,JUAN JOSÉ ARREOLA,MATUTINO,2024-2025,09DPR5144S,JUAN JOSÉ ARREOLA,Primaria,TLÁHUAC,-99.04761389,19.3112,703,583,21.5437,48.8851,0,27.6158,161,583,7.8902,46,583,23.3276,136,583,22.8916,298,15.7804,92,583,1.0772,51.1149,298,583
09DPR2432Q,FRAY MELCHOR DE TALAMANTES,MATUTINO,2024-2025 | 2025-2026,09DPR2348S,FRAY MELCHOR DE TALAMANTES,Primaria,VENUSTIANO CARRANZA,-99.12141389,19.43741389,400,379,21.5303,0.7916,0,28.496,108,379,47.7573,181,379,30.6069,116,379,18.5537,296,33.2454,126,379,1.0765,99.2084,376,379
09DPR2584V,MTRO. MIGUEL A. QUINTANA,MATUTINO,2024-2025 | 2025-2026,09DPR1371M,MTRO. MIGUEL A. QUINTANA,Primaria,GUSTAVO A. MADERO,-99.13036944,19.5009,387,538,21.5242,58.3643,0,11.71,63,538,25.2788,136,538,12.2677,66,538,17.4602,161,16.7286,90,538,1.0762,41.6357,224,538
09DPR1660D,JUSTO SIERRA,MATUTINO,2024-2025 | 2025-2026,09DES0296I,JUSTO SIERRA,Secundaria,IZTAPALAPA,-99.01963056,19.37964722,277,317,21.5142,66.5615,0,14.1956,45,317,18.9274,60,317,7.8864,25,317,17.982,61,15.142,48,317,1.0757,33.4385,106,317
09DPR2444V,GUELATAO DE JUÁREZ,VESPERTINO,2024-2025 | 2025-2026,09DPR2453C,GUELATAO DE JUÁREZ,Primaria,CUAUHTÉMOC,-99.13561111,19.41990833,91,93,21.5054,0,0,39.7849,37,93,37.6344,35,93,30.1075,28,93,18.9953,64,37.6344,35,93,1.0753,100,93,93
09DPR2838G,MARGARITA MAZA DE JUÁREZ,MATUTINO,2024-2025 | 2025-2026,09DES4099I,MARGARITA MAZA DE JUÁREZ,Secundaria,GUSTAVO A. MADERO,-99.078625,19.49635278,402,312,21.4744,0.3205,0,43.2692,135,312,21.1538,66,312,42.6282,133,312,18.6614,285,31.4103,98,312,1.0737,99.6795,311,312
09DPR0034E,INDIRA GANDHI,MATUTINO,2025-2026,09DDI0040C,INDIRA GANDHI,Educación Inicial,IZTAPALAPA,-99.09781569,19.33900168,475,424,21.4623,0.4717,0,33.0189,140,424,37.2642,158,424,36.5566,155,424,19.0942,343,35.1415,149,424,1.0731,99.5283,422,424
09DPR0020B,SITIO DE CUAUTLA,MATUTINO,2024-2025 | 2025-2026,09DPR0020B,SITIO DE CUAUTLA,Primaria,CUAJIMALPA DE MORELOS,-99.28713611,19.35501389,410,551,21.4519,18.1488,0,34.6642,191,551,21.4156,118,551,33.0309,182,551,19.3373,346,29.0381,160,551,1.0726,81.8512,451,551
09DPR1199U,SUECIA,MATUTINO,2024-2025 | 2025-2026,09DPR1199U,SUECIA,Primaria,IZTAPALAPA,-99.12391667,19.37521667,542,412,21.4078,0.4854,0,36.8932,152,412,18.932,78,412,50.7282,209,412,19.3809,404,29.6117,122,412,1.0704,99.5146,410,412
09DPR1539B,NICOLAS BRAVO,VESPERTINO,2024-2025 | 2025-2026,09DBN0079B,NICOLAS BRAVO,Primaria,GUSTAVO A. MADERO,-99.08130278,19.49550278,109,143,21.3986,32.8671,0,27.2727,39,143,32.1678,46,143,14.6853,21,143,17.965,60,27.972,40,143,1.0699,67.1329,96,143
09DPR1466Z,SUAVE PATRIA,MATUTINO,2024-2025 | 2025-2026,09DPR1466Z,SUAVE PATRIA,Primaria,GUSTAVO A. MADERO,-99.08028056,19.49621944,351,444,21.3964,21.6216,0,30.8559,137,444,25,111,444,29.5045,131,444,19.6675,268,27.2523,121,444,1.0698,78.3784,348,444
09DPR1373K,MÁRTIRES DE RIO BLANCO,MATUTINO,2024-2025 | 2025-2026,09DSN0041P,MÁRTIRES DE RÍO BLANCO,Secundaria,IZTACALCO,-99.11999722,19.38249167,286,335,21.3731,21.791,0,27.4627,92,335,34.3284,115,335,23.2836,78,335,17.7821,201,27.4627,92,335,1.0687,78.209,262,335
09DPR2458Y,JUVENTINO ROSAS,MATUTINO,2024-2025 | 2025-2026,09DPR0935V,JUVENTINO ROSAS,Primaria,GUSTAVO A. MADERO,-99.13183611,19.55981667,532,880,21.3409,12.7273,0,31.3636,276,880,38.1818,336,880,24.4318,215,880,19.3306,421,35.5682,313,880,1.067,87.2727,768,880
09DPR2622H,PROFRA. AMANDA PALAFOX Y BAZ,MATUTINO,2024-2025 | 2025-2026,09DPR2622H,PROFRA. AMANDA PALAFOX Y BAZ,Primaria,TLALPAN,-99.17656944,19.26931944,500,451,21.3304,0.2217,0,40.5765,183,451,26.8293,121,451,39.0244,176,451,18.9366,396,31.929,144,451,1.0665,99.7783,450,451
09DPR4513O,SALVADOR NAVA MARTÍNEZ,MATUTINO,2024-2025 | 2025-2026,09DPR4513O,SALVADOR NAVA MARTÍNEZ,Primaria,ÁLVARO OBREGÓN,-99.24060833,19.37067778,489,467,21.3276,0.2141,0,54.1756,253,467,12.6338,59,467,39.6146,185,467,19.2438,356,32.9764,154,467,1.0664,99.7859,466,467
09DPR5018V,PATRIA Y LIBERTAD,MATUTINO,2024-2025 | 2025-2026,09DPR5018V,PATRIA Y LIBERTAD,Primaria,TLALPAN,-99.18284722,19.28556667,414,467,21.3276,11.1349,0,36.8308,172,467,22.6981,106,467,35.9743,168,467,18.574,415,27.8373,130,467,1.0664,88.8651,415,467
09DPR1962Z,LIC. GABRIEL RAMOS MILLAN,MATUTINO,2025-2026,09DPR1962Z,LIC. GABRIEL RAMOS MILLAN,Primaria,COYOACÁN,-99.13736389,19.32234444,400,303,21.3201,0,0,25.7426,78,303,39.934,121,303,40.9241,124,303,20.0128,265,30.363,92,303,1.066,100,303,303
09DPR1812S,MARIA CARRARO VDA. DE AMBROSSI,MATUTINO,2024-2025 | 2025-2026,09DPR1815P,MARIA CARRARO VDA. DE AMBROSSI,Primaria,ÁLVARO OBREGÓN,-99.22858056,19.38390556,511,440,21.3182,7.9545,0,46.5909,205,440,18.1818,80,440,33.8636,149,440,19.3248,326,30.9091,136,440,1.0659,92.0455,405,440
09DPR2007V,NIÑO ARTILLERO NARCISO MENDOZA,MATUTINO,2025-2026,09DPR2007V,NIÑO ARTILLERO NARCISO MENDOZA,Primaria,TLALPAN,-99.16481111,19.28823333,356,304,21.3158,0,0,33.8816,103,304,32.5658,99,304,40.1316,122,304,18.6003,295,28.2895,86,304,1.0658,100,304,304
09DPR1596T,GRAL. ADALBERTO TEJEDA,MATUTINO,2024-2025 | 2025-2026,09DPR1596T,GRAL. ADALBERTO TEJEDA,Primaria,AZCAPOTZALCO,-99.17408611,19.47329444,171,217,21.2903,32.2581,0,24.424,53,217,24.8848,54,217,24.8848,54,217,19.6564,94,27.6498,60,217,1.0645,67.7419,147,217
09DPR2149T,LEYES DE REFORMA,MATUTINO,2024-2025 | 2025-2026,09DPR2149T,LEYES DE REFORMA,Primaria,AZCAPOTZALCO,-99.14991667,19.4633,144,187,21.2834,39.0374,0,17.1123,32,187,29.4118,55,187,20.8556,39,187,20.2233,60,27.8075,52,187,1.0642,60.9626,114,187
09DPR1440S,GENERACION 21-22,MATUTINO,2024-2025 | 2025-2026,09DPR1440S,GENERACION 21-22,Primaria,GUSTAVO A. MADERO,-99.13638056,19.47570556,309,386,21.2435,26.6839,0,27.9793,108,386,25.3886,98,386,26.1658,101,386,19.6124,194,28.4974,110,386,1.0622,73.3161,283,386
09DPR1789H,SIETE DE ENERO,MATUTINO,2024-2025 | 2025-2026,09DPR1789H,SIETE DE ENERO,Primaria,ÁLVARO OBREGÓN,-99.19991111,19.401475,424,324,21.2346,0,0,48.7654,158,324,13.5802,44,324,43.8272,142,324,20.434,288,30.5556,99,324,1.0617,100,324,324
09DPR4189H,PROFR. CARLOS ESPINOSA ROMERO,VESPERTINO,2025-2026,09DPR0007H,PROFR. CARLOS ESPINOSA ROMERO,Primaria,IZTAPALAPA,-99.05931389,19.33147778,161,101,21.1881,0,0,38.6139,39,101,43.5644,44,101,23.7624,24,101,18.4235,68,35.6436,36,101,1.0594,100,101,101
09DPR2588R,LIC. JOSÉ LÓPEZ PORTILLO Y ROJAS,VESPERTINO,2024-2025 | 2025-2026,09DPR2587S,LIC. JOSÉ LÓPEZ PORTILLO Y ROJAS,Primaria,GUSTAVO A. MADERO,-99.13135,19.56062778,466,643,21.182,20.0622,0,31.8818,205,643,38.7247,249,643,15.2411,98,643,18.8606,289,33.126,213,643,1.0591,79.9378,514,643
09DPR2256B,REPÚBLICA DE SUAZILANDIA,VESPERTINO,2024-2025 | 2025-2026,09DPR2256B,REPÚBLICA DE SUAZILANDIA,Primaria,COYOACÁN,-99.16139722,19.31422222,106,68,21.1765,0,0,50,34,68,17.6471,12,68,38.2353,26,68,21.3458,59,29.4118,20,68,1.0588,100,68,68
09DPR2100A,PRESIDENTE JOHN F KENNEDY,VESPERTINO,2024-2025 | 2025-2026,09DPR1078I,PRESIDENTE JOHN F KENNEDY,Primaria,VENUSTIANO CARRANZA,-99.11802222,19.42242778,165,154,21.1688,3.8961,0,42.2078,65,154,38.961,60,154,20.7792,32,154,18.5,77,37.6623,58,154,1.0584,96.1039,148,154
09DPR1195Y,D. I. F.,MATUTINO,2024-2025 | 2025-2026,09DPR1195Y,D. I. F.,Primaria,BENITO JUÁREZ,-99.15896389,19.36613889,194,120,21.1667,0.8333,0,30,36,120,33.3333,40,120,41.6667,50,120,20.4269,93,30.8333,37,120,1.0583,99.1667,119,120
09DPR2129F,PABLO NERUDA,MATUTINO,2024-2025 | 2025-2026,09DPR2129F,PABLO NERUDA,Primaria,AZCAPOTZALCO,-99.19500278,19.48550278,277,364,21.1538,29.3956,0,15.6593,57,364,38.7363,141,364,21.978,80,364,19.2006,166,26.6484,97,364,1.0577,70.6044,257,364
09DPR2925B,LAURA MENDEZ DE CUENCA,VESPERTINO,2025-2026,09DPR3006C,LAURA MENDEZ DE CUENCA,Primaria,ÁLVARO OBREGÓN,-99.21270833,19.37193889,117,104,21.1538,0.9615,0,46.1538,48,104,25,26,104,33.6538,35,104,20.2615,78,33.6538,35,104,1.0577,99.0385,103,104
09DPR3232Z,ALFONSO SIERRA PARTIDA,VESPERTINO,2024-2025 | 2025-2026,09DPR3231Z,ALFONSO SIERRA PARTIDA,Primaria,COYOACÁN,-99.17244722,19.33168056,183,142,21.1268,4.9296,0,50,71,142,24.6479,35,142,26.0563,37,142,17.7028,108,29.5775,42,142,1.0563,95.0704,135,142
09DPR2759U,ALFREDO V. BONFIL,MATUTINO,2024-2025 | 2025-2026,09DPR2756X,ALFREDO V. BONFIL,Primaria,TLALPAN,-99.20292778,19.28211389,550,362,21.105,1.3812,0,41.7127,151,362,19.0608,69,362,43.3702,157,362,18.9775,347,28.7293,104,362,1.0552,98.6188,357,362
09DPR5040X,LEYES DE REFORMA DEL 57,VESPERTINO,2024-2025 | 2025-2026,09DPR2012G,LEYES DE REFORMA DEL 57,Primaria,TLALPAN,-99.200775,19.22625556,727,493,21.0953,0.8114,0,52.1298,257,493,19.0669,94,493,33.4686,165,493,19.0173,369,33.0629,163,493,1.0548,99.1886,489,493
09DPR2797X,CIRILO CELIS PASTRANA,MATUTINO,2025-2026,09DPR1757P,CIRILO CELIS PASTRANA,Primaria,ÁLVARO OBREGÓN,-99.19280278,19.39504167,199,165,21.0909,0,0,55.7576,92,165,14.5455,24,165,35.1515,58,165,22.1042,120,33.9394,56,165,1.0545,100,165,165
09DPR1856P,REPÚBLICA DE PARAGUAY,MATUTINO,2024-2025 | 2025-2026,09DES4078W,REPÚBLICA DE PARAGUAY,Secundaria,GUSTAVO A. MADERO,-99.13105556,19.48287778,344,374,21.0695,7.754,0,36.8984,138,374,21.123,79,374,39.5722,148,374,19.9367,278,28.3422,106,374,1.0535,92.246,345,374
09DPR1439C,NIÑO HEROE JOSÉ LUIS ORDAZ LÓPEZ,MATUTINO,2024-2025 | 2025-2026,09DPR1439C,NIÑO HEROE JOSÉ LUIS ORDAZ LÓPEZ,Primaria,GUSTAVO A. MADERO,-99.07620278,19.48119167,373,483,21.0352,33.5404,0,20.0828,97,483,34.1615,165,483,17.3913,84,483,18.8392,186,26.087,126,483,1.0518,66.4596,321,483
09DPR2131U,MTRO. ENRIQUE C. REBSAMEN,VESPERTINO,2024-2025 | 2025-2026,09DPR2130V,MTRO. ENRIQUE C. REBSAMEN,Primaria,GUSTAVO A. MADERO,-99.07919167,19.49781667,168,175,21.0286,22.8571,0,40,70,175,22.2857,39,175,20,35,175,17.4567,104,25.7143,45,175,1.0514,77.1429,135,175
09DPR1869T,INDEPENDENCIA,MATUTINO,2025-2026,09DPR1869T,INDEPENDENCIA,Primaria,BENITO JUÁREZ,-99.18458333,19.37203889,198,123,20.9756,4.065,0,30.0813,37,123,34.9593,43,123,35.7724,44,123,18.9472,89,31.7073,39,123,1.0488,95.935,118,123
09DPR2781W,EDUCACIÓN PARA TODOS,VESPERTINO,2024-2025 | 2025-2026,09DPR2781W,EDUCACIÓN PARA TODOS,Primaria,GUSTAVO A. MADERO,-99.14467222,19.5293,72,84,20.9524,23.8095,0,35.7143,30,84,29.7619,25,84,15.4762,13,84,17.3667,45,26.1905,22,84,1.0476,76.1905,64,84
09DPR3038V,PROFR. LUIS VILLARREAL MARTÍNEZ,VESPERTINO,2024-2025 | 2025-2026,09DPR2064M,PROFR. LUIS VILLARREAL MARTÍNEZ,Primaria,XOCHIMILCO,-99.11124444,19.24289167,160,127,20.9449,62.9921,0,22.8346,29,127,4.7244,6,127,14.1732,18,127,19.8532,47,10.2362,13,127,1.0472,37.0079,47,127
09DPR0141N,PROFR. JOSÉ GONZÁLEZ VILLASEÑOR,VESPERTINO,2024-2025 | 2025-2026,09DPR0127U,PROFR. JOSÉ GONZÁLEZ VILLASEÑOR,Primaria,IZTAPALAPA,-99.03801944,19.332175,551,473,20.9302,0.2114,0,27.907,132,473,51.1628,242,473,25.37,120,473,19.5073,273,38.055,180,473,1.0465,99.7886,472,473
09DPR3300F,PROFR. MANUEL ALCALA MARTÍN,VESPERTINO,2025-2026,09DPR0107G,PROFR. MANUEL ALCALA MARTÍN,Primaria,IZTAPALAPA,-99.07499722,19.34556389,164,91,20.8791,0,0,41.7582,38,91,23.0769,21,91,39.5604,36,91,18.964,86,31.8681,29,91,1.044,100,91,91
09DPR5132N,JOHN F. KENNEDY,VESPERTINO,2025-2026,09DES4067Q,JOHN F. KENNEDY,Secundaria,AZCAPOTZALCO,-99.20011389,19.48436667,88,71,20.8451,1.4085,0,35.2113,25,71,33.8028,24,71,33.8028,24,71,18.818,61,32.3944,23,71,1.0423,98.5915,70,71
09DPR1974D,ESPERANZA LÓPEZ MATEOS,MATUTINO,2024-2025 | 2025-2026,09DPR1971G,ESPERANZA LÓPEZ MATEOS,Primaria,COYOACÁN,-99.14878056,19.312,557,481,20.8316,0.8316,0,43.2432,208,481,21.4137,103,481,38.6694,186,481,19.1695,384,31.8087,153,481,1.0416,99.1684,477,481
09DPR2981U,PROFR. MIGUEL SÁNCHEZ RIVERA,VESPERTINO,2025-2026,09DPR2981U,PROFR. MIGUEL SÁNCHEZ RIVERA,Primaria,IZTAPALAPA,-99.06730833,19.30570278,135,102,20.7843,0,0,54.902,56,102,26.4706,27,102,22.549,23,102,18.7695,59,35.2941,36,102,1.0392,100,102,102
09DPR4016Q,MAURITANIA,VESPERTINO,2024-2025 | 2025-2026,09DPR2233R,MAURITANIA,Primaria,TLALPAN,-99.14203889,19.19623889,483,365,20.7671,0.8219,0,58.0822,212,365,19.1781,70,365,25.7534,94,365,18.4564,275,30.9589,113,365,1.0384,99.1781,362,365
09DPR1761B,BARTOLOME DE MEDINA,MATUTINO,2024-2025 | 2025-2026,09DPR1761B,BARTOLOME DE MEDINA,Primaria,ÁLVARO OBREGÓN,-99.19956111,19.40105556,406,368,20.7609,0.5435,0,40.4891,149,368,26.087,96,368,36.6848,135,368,19.1294,313,29.3478,108,368,1.038,99.4565,366,368
09DPR1593W,MAESTRA JUANA PALACIOS,MATUTINO,2024-2025 | 2025-2026,09DPR1593W,MAESTRA JUANA PALACIOS,Primaria,AZCAPOTZALCO,-99.15063056,19.47516111,268,377,20.7427,32.0955,0,24.6684,93,377,31.2997,118,377,15.6499,59,377,18.4514,138,26.7905,101,377,1.0371,67.9045,256,377
09DPR1451Y,PROFR. LUIS DE LA BRENA,MATUTINO,2024-2025 | 2025-2026,09DJN0202U,PROFR. LUIS DE LA BRENA,Preescolar,GUSTAVO A. MADERO,-99.08160278,19.49509722,115,112,20.7143,0,0,38.3929,43,112,25,28,112,40.1786,45,112,18.9033,92,32.1429,36,112,1.0357,100,112,112
09DPR1707H,GRAL. IGNACIO ZARAGOZA,MATUTINO,2024-2025 | 2025-2026,09DES0112L,GENERAL IGNACIO ZARAGOZA,Secundaria,VENUSTIANO CARRANZA,-99.122775,19.42110278,254,197,20.7107,0.5076,0,30.9645,61,197,41.6244,82,197,30.4569,60,197,19.2,120,35.533,70,197,1.0355,99.4924,196,197
09DPR4246I,DOMINGO MARTÍNEZ  PAREDEZ,VESPERTINO,2024-2025 | 2025-2026,09DPR0059N,DOMINGO MARTÍNEZ  PAREDEZ,Primaria,TLALPAN,-99.22241389,19.27457778,169,142,20.7042,1.4085,0,57.7465,82,142,20.4225,29,142,23.9437,34,142,17.982,89,35.2113,50,142,1.0352,98.5915,140,142
09DPR2017B,HÉROES DE CHAPULTEPEC,MATUTINO,2024-2025 | 2025-2026,09DPR2017B,HÉROES DE CHAPULTEPEC,Primaria,TLALPAN,-99.17145833,19.27498611,446,391,20.665,0.2558,0,48.8491,191,391,17.6471,69,391,36.5729,143,391,18.9222,334,28.6445,112,391,1.0332,99.7442,390,391
09DPR3002G,RABINDRANATH TAGORE,VESPERTINO,2024-2025 | 2025-2026,09DPR2674N,RABINDRANATH TAGORE,Primaria,GUSTAVO A. MADERO,-99.13798611,19.52011389,453,391,20.665,0,0,54.7315,214,391,15.0895,59,391,33.5038,131,391,18.6848,302,30.4348,119,391,1.0332,100,391,391
09DPR2459X,FUNDACIÓN DE MÉXICO,MATUTINO,2024-2025 | 2025-2026,09DPR2459X,FUNDACIÓN DE MÉXICO,Primaria,COYOACÁN,-99.11121111,19.32184722,337,243,20.6584,0,0,54.321,132,243,18.93,46,243,30.0412,73,243,18.0894,189,28.8066,70,243,1.0329,100,243,243
09DPR1858N,MOLINO DE ROSAS,MATUTINO,2025-2026,09DPR1858N,MOLINO DE ROSAS,Primaria,ÁLVARO OBREGÓN,-99.20057778,19.37010833,161,122,20.6557,0,0,62.2951,76,122,13.9344,17,122,27.0492,33,122,18.1098,102,28.6885,35,122,1.0328,100,122,122
09DPR1212Y,SILVESTRE REVUELTAS,MATUTINO,2025-2026,09DPR1212Y,SILVESTRE REVUELTAS,Primaria,BENITO JUÁREZ,-99.15498611,19.36900278,286,275,20.6545,0.7273,0,42.5455,117,275,22.9091,63,275,37.0909,102,275,18.5183,252,27.6364,76,275,1.0327,99.2727,273,275
09DPR1605K,PROFR. ESTEBAN BACA CALDERON,VESPERTINO,2024-2025 | 2025-2026,09DPR1605K,PROFR. ESTEBAN BACA CALDERON,Primaria,AZCAPOTZALCO,-99.17893611,19.47581389,94,92,20.6522,27.1739,0,27.1739,25,92,23.913,22,92,25,23,92,19.522,41,27.1739,25,92,1.0326,72.8261,67,92
09DPR1931F,GRAL. JUAN N. ÁLVAREZ,MATUTINO,2024-2025 | 2025-2026,09DPR1931F,GRAL. JUAN N. ÁLVAREZ,Primaria,ÁLVARO OBREGÓN,-99.20147222,19.33354167,248,190,20.6316,0.5263,0,46.8421,89,190,11.5789,22,190,44.2105,84,190,18.7104,173,29.4737,56,190,1.0316,99.4737,189,190
09DPR2719T,REPÚBLICA DE CAMERUN,VESPERTINO,2024-2025 | 2025-2026,09DPR2719T,REPÚBLICA DE CAMERUN,Primaria,ÁLVARO OBREGÓN,-99.22205833,19.37792222,256,191,20.6283,2.6178,0,47.1204,90,191,18.8482,36,191,34.555,66,191,19.0622,156,27.2251,52,191,1.0314,97.3822,186,191
09DPR3101G,LIC. ALFREDO V. BONFIL PINTO,MATUTINO,2024-2025 | 2025-2026,09DPR3101G,LIC. ALFREDO V. BONFIL PINTO,Primaria,GUSTAVO A. MADERO,-99.07862778,19.49749444,361,574,20.6272,37.9791,0,22.1254,127,574,27.7003,159,574,15.331,88,574,18.5612,183,24.9129,143,574,1.0314,62.0209,356,574
09DPR2990B,BELISARIO DOMÍNGUEZ,VESPERTINO,2024-2025 | 2025-2026,09DPR2990B,BELISARIO DOMÍNGUEZ,Primaria,CUAJIMALPA DE MORELOS,-99.29208056,19.36510278,172,226,20.6195,28.7611,0,30.0885,68,226,24.7788,56,226,19.469,44,226,19.3978,93,27.4336,62,226,1.031,71.2389,161,226
09DPR2528C,REVOLUCIÓN,VESPERTINO,2024-2025 | 2025-2026,09DPR1174L,REVOLUCION,Primaria,CUAUHTÉMOC,-99.14862222,19.42673333,135,104,20.5769,0.9615,0,22.1154,23,104,47.1154,49,104,32.6923,34,104,19.9509,57,37.5,39,104,1.0288,99.0385,103,104
09DPR2685T,XOCHICALCO,MATUTINO,2024-2025 | 2025-2026,09DPR2685T,XOCHICALCO,Primaria,IZTAPALAPA,-99.10164722,19.34538333,309,114,20.5263,0,0,51.7544,59,114,8.7719,10,114,42.1053,48,114,18.0575,113,24.5614,28,114,1.0263,100,114,114
09DPR1506K,CUAUHTEMOC,MATUTINO,2024-2025 | 2025-2026,09DES0319C,CUAUHTÉMOC,Secundaria,IZTAPALAPA,-99.06195278,19.32543056,230,304,20.5263,35.5263,0,17.4342,53,304,33.5526,102,304,16.1184,49,304,18.9661,112,23.3553,71,304,1.0263,64.4737,196,304
09DPR4226V,ENRIQUE AGUILAR GONZÁLEZ,MATUTINO,2024-2025 | 2025-2026,09DPR4226V,ENRIQUE AGUILAR GONZÁLEZ,Primaria,COYOACÁN,-99.16901389,19.30533611,320,276,20.5072,4.3478,0,33.3333,92,276,35.8696,99,276,28.9855,80,276,18.7511,186,34.4203,95,276,1.0254,95.6522,264,276
09DPR0118M,FAJA DE ORO,MATUTINO,2024-2025 | 2025-2026,09DPR0118M,FAJA DE ORO,Primaria,AZCAPOTZALCO,-99.20813611,19.50181944,399,463,20.4752,26.7819,0,22.0302,102,463,28.2937,131,463,25.27,117,463,19.8655,238,24.406,113,463,1.0238,73.2181,339,463
09DPR1301R,MAESTRO FEDERICO ÁLVAREZ,MATUTINO,2024-2025 | 2025-2026,09DPR1301R,MAESTRO FEDERICO ÁLVAREZ,Primaria,BENITO JUÁREZ,-99.14629722,19.39050556,159,175,20.4571,97.7143,0,1.1429,2,175,2.2857,4,175,1.1429,2,175,,,1.1429,2,175,1.0229,2.2857,4,175
09DPR1659O,MAESTRO JULIO GARCÍA,MATUTINO,2024-2025 | 2025-2026,09DPR1659O,MAESTRO JULIO GARCÍA,Primaria,AZCAPOTZALCO,-99.19106389,19.47917222,129,181,20.442,29.8343,0,22.0994,40,181,29.8343,54,181,20.442,37,181,18.6418,79,26.5193,48,181,1.0221,70.1657,127,181
09DPR1741O,ASOCIACION DE FERRETEROS DE MÉXICO,MATUTINO,2024-2025 | 2025-2026,09DPR1741O,ASOCIACION DE FERRETEROS DE MÉXICO,Primaria,ÁLVARO OBREGÓN,-99.20019722,19.39356667,143,136,20.4412,0.7353,0,35.2941,48,136,33.0882,45,136,33.0882,45,136,18.988,100,30.1471,41,136,1.0221,99.2647,135,136
09DPR0935V,JUVENTINO ROSAS,VESPERTINO,2024-2025 | 2025-2026,09DPR0935V,JUVENTINO ROSAS,Primaria,GUSTAVO A. MADERO,-99.13183611,19.55981667,471,637,20.4082,26.0597,0,25.2747,161,637,31.7111,202,637,18.9953,121,637,18.7071,254,27.9435,178,637,1.0204,73.9403,471,637
09DPR2467F,DR. ANGEL MA. GARIBAY,MATUTINO,2025-2026,09DPR2467F,DR. ANGEL MA. GARIBAY,Primaria,COYOACÁN,-99.16909167,19.31558333,168,153,20.3922,6.5359,0,47.0588,72,153,15.6863,24,153,32.6797,50,153,18.3424,139,18.9542,29,153,1.0196,93.4641,143,153
09DPR5123F,MANUEL GONZÁLEZ FLORES,MATUTINO,2024-2025 | 2025-2026,09DPR5123F,MANUEL GONZÁLEZ FLORES,Primaria,IZTAPALAPA,-99.00949444,19.33692778,413,314,20.3822,2.2293,0,22.293,70,314,36.3057,114,314,41.0828,129,314,18.4148,291,28.3439,89,314,1.0191,97.7707,307,314
09DPR1895R,GASPAR MELCHOR DE JOVELLANOS,MATUTINO,2024-2025 | 2025-2026,09DPR1895R,GASPAR MELCHOR DE JOVELLANOS,Primaria,ÁLVARO OBREGÓN,-99.19985833,19.34603333,230,215,20.3721,0.4651,0,33.9535,73,215,34.4186,74,215,33.0233,71,215,19.2857,147,33.9535,73,215,1.0186,99.5349,214,215
09DPR3185E,SEBASTIAN LERDO DE TEJADA,MATUTINO,2024-2025 | 2025-2026,09DPR2637J,SEBASTIAN LERDO DE TEJADA,Primaria,TLALPAN,-99.21086111,19.27647778,606,523,20.3442,0.956,0,37.2849,195,523,30.2103,158,523,33.2696,174,523,19.6522,385,31.1663,163,523,1.0172,99.044,518,523
09DPR2016C,IGNACIO RODRÍGUEZ GALVAN,MATUTINO,2024-2025 | 2025-2026,09DBN0069V,IGNACIO RODRIGUEZ GALVAN,Primaria,TLALPAN,-99.16508333,19.28740833,337,292,20.3425,1.0274,0,43.8356,128,292,15.0685,44,292,41.7808,122,292,19.2011,261,27.0548,79,292,1.0171,98.9726,289,292
09DPR1802L,CENTENARIO DEL HIMNO NACIONAL MEXICANO,MATUTINO,2024-2025 | 2025-2026,09DPR1802L,CENTENARIO DEL HIMNO NACIONAL MEXICANO,Primaria,IZTAPALAPA,-99.12652778,19.36280833,333,178,20.3371,0,0,53.3708,95,178,17.9775,32,178,30.3371,54,178,17.9923,143,28.6517,51,178,1.0169,100,178,178
09DPR2117A,JOSÉ MARIA TAPIA FREYDING,MATUTINO,2024-2025 | 2025-2026,09DPR2117A,JOSÉ MARIA TAPIA FREYDING,Primaria,ÁLVARO OBREGÓN,-99.25462222,19.35698611,402,396,20.303,0,0,52.5253,208,396,7.8283,31,396,41.1616,163,396,19.3338,328,29.2929,116,396,1.0152,100,396,396
09DPR3153M,PROFR. AGUSTIN CUE CANOVAS,MATUTINO,2024-2025 | 2025-2026,09DPR3153M,PROFR. AGUSTIN CUE CANOVAS,Primaria,IZTAPALAPA,-99.079475,19.32703889,492,397,20.3023,2.0151,0,40.806,162,397,13.3501,53,397,45.3401,180,397,18.9682,384,24.1814,96,397,1.0151,97.9849,389,397
09DPR2234Q,GRAL. LAZARO CARDENAS DEL RIO,MATUTINO,2024-2025 | 2025-2026,09DPR2234Q,GRAL. LAZARO CARDENAS DEL RIO,Primaria,TLALPAN,-99.14005278,19.29741389,348,207,20.2899,13.0435,0,33.3333,69,207,19.8068,41,207,35.2657,73,207,18.9018,168,22.7053,47,207,1.0145,86.9565,180,207
09DPR2768B,XITLE,VESPERTINO,2024-2025 | 2025-2026,09DPR2768B,XITLE,Primaria,COYOACÁN,-99.16848056,19.32446389,228,209,20.2871,97.1292,0,2.3923,5,209,0,0,209,1.9139,4,209,,,1.4354,3,209,1.0144,2.8708,6,209
09DPR0864R,MADRE MEXICANA,MATUTINO,2025-2026,09DPR0864R,MADRE MEXICANA,Primaria,ÁLVARO OBREGÓN,-99.28443333,19.32732222,212,210,20.2857,0,0,23.8095,50,210,40.4762,85,210,37.1429,78,210,18.7796,191,30,63,210,1.0143,100,210,210
09DPR1944J,REPÚBLICA DE SUAZILANDIA,MATUTINO,2025-2026,09DPR2256B,REPÚBLICA DE SUAZILANDIA,Primaria,COYOACÁN,-99.16139722,19.31422222,400,309,20.2589,0,0,41.7476,129,309,18.7702,58,309,40.7767,126,309,19.1011,268,26.5372,82,309,1.0129,100,309,309
09DPR1188O,ING. VITO ALESSIO ROBLES,MATUTINO,2025-2026,09DPR1188O,ING. VITO ALESSIO ROBLES,Primaria,COYOACÁN,-99.12397778,19.35456667,308,268,20.2239,2.9851,0,41.791,112,268,25,67,268,31.3433,84,268,18.2853,191,30.9701,83,268,1.0112,97.0149,260,268
09DPR1625Y,VICENTE ALCARAZ,VESPERTINO,2024-2025 | 2025-2026,09DPR1624Z,VICENTE ALCARAZ,Primaria,AZCAPOTZALCO,-99.18425,19.48115833,110,109,20.1835,33.945,0,19.2661,21,109,33.0275,36,109,14.6789,16,109,18.1739,46,24.7706,27,109,1.0092,66.055,72,109
09DPR1097X,ESTADO DE ZACATECAS,MATUTINO,2025-2026,09DPR1097X,ESTADO DE ZACATECAS,Primaria,CUAUHTÉMOC,-99.13105556,19.44823611,161,130,20.1538,0.7692,0,29.2308,38,130,42.3077,55,130,28.4615,37,130,18.9178,73,38.4615,50,130,1.0077,99.2308,129,130
09DPR1444O,GERTRUDIS BOCANEGRA DE LAZO DE LA VEGA,VESPERTINO,2024-2025 | 2025-2026,09DPR1443P,GERTRUDIS BOCANEGRA DE LAZO DE LA VEGA,Primaria,GUSTAVO A. MADERO,-99.07343889,19.49264167,293,312,20.1282,22.4359,0,26.9231,84,312,29.1667,91,312,22.1154,69,312,15.7612,188,24.0385,75,312,1.0064,77.5641,242,312
09DPR1118T,LAOS,MATUTINO,2025-2026,09DPR1118T,LAOS,Primaria,BENITO JUÁREZ,-99.14848333,19.39008333,209,180,20.1111,0,0,30,54,180,31.1111,56,180,39.4444,71,180,19.6148,149,30.5556,55,180,1.0056,100,180,180
09DPR1221F,REPÚBLICA ESPAÑOLA,MATUTINO,2024-2025 | 2025-2026,09DPR1221F,REPÚBLICA ESPAÑOLA,Primaria,IZTACALCO,-99.13140278,19.40094167,584,424,20.0943,0.9434,0,36.3208,154,424,14.6226,62,424,48.5849,206,424,20.4719,366,28.7736,122,424,1.0047,99.0566,420,424
09DPR4519I,JULIO DE LA FUENTE,VESPERTINO,2024-2025,09DPR4519I,JULIO DE LA FUENTE,Primaria,TLÁHUAC,-99.06098889,19.28720833,268,229,20.0873,11.7904,0,27.5109,63,229,33.1878,76,229,27.9476,64,229,13.4158,202,27.5109,63,229,1.0044,88.2096,202,229
09DPR1875D,27 DE SEPTIEMBRE,MATUTINO,2024-2025 | 2025-2026,09DPR1875D,27 DE SEPTIEMBRE,Primaria,ÁLVARO OBREGÓN,-99.20602778,19.37217222,283,236,20.0847,0,0,40.678,96,236,24.5763,58,236,35.1695,83,236,18.6523,197,29.661,70,236,1.0042,100,236,236
09DPR0992M,CINCO DE MAYO,MATUTINO,2024-2025 | 2025-2026,09DPR0992M,CINCO DE MAYO,Primaria,VENUSTIANO CARRANZA,-99.10966111,19.43143889,272,282,20.0709,99.6454,0,0,0,282,0.3546,1,282,0.3546,1,282,,,0.3546,1,282,1.0035,0.3546,1,282
09DPR1804J,MIGUEL F MARTÍNEZ,MATUTINO,2024-2025 | 2025-2026,09DJN0365E,MIGUEL F. MARTÍNEZ,Preescolar,IZTAPALAPA,-99.09059167,19.35723056,178,291,20.0687,46.3918,0,14.0893,41,291,25.4296,74,291,14.433,42,291,18.6941,102,17.8694,52,291,1.0034,53.6082,156,291
09DPR2214C,FORD 20,MATUTINO,2025-2026,09DPR2296C,FORD 20,Primaria,ÁLVARO OBREGÓN,-99.23266111,19.34686944,346,317,20.0631,0,0,43.5331,138,317,19.5584,62,317,37.224,118,317,18.4404,270,28.3912,90,317,1.0032,100,317,317
09DPR3008A,ERNESTO GARCÍA CABRAL,MATUTINO,2024-2025 | 2025-2026,09DPR3008A,ERNESTO GARCÍA CABRAL,Primaria,IZTAPALAPA,-99.09507778,19.33289444,521,507,20.0394,0.789,0,43.5897,221,507,21.1045,107,507,34.714,176,507,18.7339,407,29.3886,149,507,1.002,99.211,503,507
09DPR1973E,EJERCITO NACIONAL,VESPERTINO,2025-2026,09DPR1976B,EJERCITO NACIONAL,Primaria,COYOACÁN,-99.17699722,19.33279722,89,72,20,100,0,0,0,72,0,0,72,0,0,72,,,0,0,72,1,0,0,72
09DPR1976B,EJERCITO NACIONAL,MATUTINO,2025-2026,09DPR1976B,EJERCITO NACIONAL,Primaria,COYOACÁN,-99.17699722,19.33279722,130,98,20,100,0,0,0,98,0,0,98,0,0,98,,,0,0,98,1,0,0,98
09DPR2272T,LOS DERECHOS DEL NIÑO,VESPERTINO,2024-2025 | 2025-2026,09DPR2271U,LOS DERECHOS DEL NIÑO,Primaria,IZTAPALAPA,-99.03585,19.34562222,207,66,20,1.5152,0,51.5152,34,66,30.303,20,66,16.6667,11,66,17.3381,42,31.8182,21,66,1,98.4848,65,66
09DPR3160W,SALVADOR TREJO ESCOBEDO,VESPERTINO,2024-2025 | 2025-2026,09DPR3160W,SALVADOR TREJO ESCOBEDO,Primaria,TLALPAN,-99.14176111,19.20118889,545,370,20,2.4324,0,41.6216,154,370,26.4865,98,370,29.4595,109,370,19.1182,258,31.0811,115,370,1,97.5676,361,370
09DPR0024Y,CENTRO DE INNOVACIÓN EDUCATIVA PARA ALUMNOS CON ALTAS CAPACIDADES,MATUTINO,2024-2025 | 2025-2026,09DES0342D,CENTRO DE INNOVACIÓN EDUCATIVA PARA ALUMNOS CON ALTAS CAPACIDADES,Secundaria,MIGUEL HIDALGO,-99.17878809,19.40195084,61,46,20,2.1739,0,26.087,12,46,43.4783,20,46,28.2609,13,46,18.05,34,23.913,11,46,1,97.8261,45,46
09DPR4006J,INDIRA GANDHI,VESPERTINO,2024-2025 | 2025-2026,09DDI0040C,INDIRA GANDHI,Educación Inicial,IZTAPALAPA,-99.09781569,19.33900168,252,186,20,0,0,37.0968,69,186,27.957,52,186,34.9462,65,186,19.6685,130,32.2581,60,186,1,100,186,186
09DPR1007O,24 DE FEBRERO,VESPERTINO,2024-2025 | 2025-2026,09DPR2087X,24 DE FEBRERO,Primaria,IZTAPALAPA,-99.01290556,19.36859167,105,64,20,100,0,0,0,64,0,0,64,0,0,64,,,0,0,64,1,0,0,64
09DPR1498S,DINAMARCA,VESPERTINO,2024-2025,09DJN0571N,DINAMARCA,Preescolar,ÁLVARO OBREGÓN,-99.19928333,19.36723333,107,83,20,97.5904,0,0,0,83,1.2048,1,83,1.2048,1,83,,,1.2048,1,83,1,2.4096,2,83
09DPR1699P,LUIS R. ALARCON,MATUTINO,2024-2025 | 2025-2026,09DPR1699P,LUIS R. ALARCON,Primaria,ÁLVARO OBREGÓN,-99.19737778,19.36585556,479,436,19.9541,0.2294,0,39.6789,173,436,20.8716,91,436,38.9908,170,436,18.9427,354,27.5229,120,436,0.9977,99.7706,435,436
09DPR1507J,QUETZALCOATL,MATUTINO,2024-2025 | 2025-2026,09DPR5119T,QUETZALCOATL,Primaria,CUAJIMALPA DE MORELOS,-99.30938056,19.3535,304,386,19.9482,25.3886,0,36.7876,142,386,13.4715,52,386,24.0933,93,386,19.1338,201,23.8342,92,386,0.9974,74.6114,288,386
09DPR3006C,LAURA MENDEZ DE CUENCA,MATUTINO,2024-2025 | 2025-2026,09DPR3006C,LAURA MENDEZ DE CUENCA,Primaria,ÁLVARO OBREGÓN,-99.21270833,19.37193889,348,312,19.9359,0,0,50.9615,159,312,14.7436,46,312,33.9744,106,312,18.8292,250,27.8846,87,312,0.9968,100,312,312
09DPR2980V,LUCRECIA TORIZ,MATUTINO,2024-2025 | 2025-2026,09DPR2638I,LUCRECIA TORIZ,Primaria,IZTACALCO,-99.09434444,19.38601944,303,270,19.9259,0,0,34.0741,92,270,34.8148,94,270,30.7407,83,270,19.1387,163,35.1852,95,270,0.9963,100,270,270
09DPR2491F,JOAQUIN GARCÍA ICAZBALCETA,MATUTINO,2024-2025 | 2025-2026,09DPR2491F,JOAQUIN GARCÍA ICAZBALCETA,Primaria,CUAUHTÉMOC,-99.131325,19.42763056,206,195,19.8974,1.0256,0,37.4359,73,195,30.7692,60,195,30.2564,59,195,19.8603,116,35.3846,69,195,0.9949,98.9744,193,195
09DPR1422C,PROFR. JUAN B. SALAZAR,MATUTINO,2024-2025 | 2025-2026,09DPR1422C,PROFR. JUAN B. SALAZAR,Primaria,GUSTAVO A. MADERO,-99.15458333,19.51784167,273,266,19.8496,23.6842,0,31.5789,84,266,13.9098,37,266,30.0752,80,266,19.0256,156,21.8045,58,266,0.9925,76.3158,203,266
09DPR2620J,MARIA LUISA ROSS,MATUTINO,2025-2026,09DPR2620J,MARIA LUISA ROSS,Primaria,ÁLVARO OBREGÓN,-99.22988333,19.37256944,249,242,19.8347,0,0,40.4959,98,242,18.595,45,242,40.0826,97,242,19.9052,174,30.5785,74,242,0.9917,100,242,242
09DPR1249L,PROFRA. MA. LUISA CALDERON PONCE,MATUTINO,2025-2026,09DPR1249L,PROFRA. MA. LUISA CALDERON PONCE,Primaria,IZTAPALAPA,-99.13566944,19.36125,229,117,19.8291,0,0,35.0427,41,117,23.9316,28,117,40.1709,47,117,18.2469,113,26.4957,31,117,0.9915,100,117,117
09DPR1828T,JOSÉ LUIS VIEYRA GONZÁLEZ,VESPERTINO,2024-2025 | 2025-2026,09DPR1827U,JOSÉ LUIS VIEYRA GONZÁLEZ,Primaria,CUAJIMALPA DE MORELOS,-99.29626667,19.35344722,101,104,19.8077,19.2308,0,30.7692,32,104,29.8077,31,104,19.2308,20,104,18.2365,63,25,26,104,0.9904,80.7692,84,104
09DPR2457Z,PROFR. MANUEL S. HIDALGO,MATUTINO,2024-2025 | 2025-2026,09DBS0001J,PROFR. MANUEL S HIDALGO,Adultos - Secundaria,AZCAPOTZALCO,-99.19232222,19.50975278,318,300,19.8,21.3333,0,31,93,300,21,63,300,25.6667,77,300,17.7945,236,18.6667,56,300,0.99,78.6667,236,300
09DPR1787J,ERMILO ABREU GÓMEZ,MATUTINO,2024-2025 | 2025-2026,09DES0143E,ERMILO ABREU GÓMEZ,Secundaria,AZCAPOTZALCO,-99.20785833,19.48997778,293,195,19.7949,2.0513,0,37.4359,73,195,23.0769,45,195,36.4103,71,195,18.7712,146,30.7692,60,195,0.9897,97.9487,191,195
09DPR2221M,ZIMBABWE,MATUTINO,2024-2025 | 2025-2026,09DPR2221M,ZIMBABWE,Primaria,ÁLVARO OBREGÓN,-99.19486944,19.37023056,461,460,19.7826,0,0,29.7826,137,460,31.7391,146,460,37.3913,172,460,18.1823,423,25,115,460,0.9891,100,460,460
09DPR2882U,PRESIDENTES DE MÉXICO,MATUTINO,2024-2025 | 2025-2026,09DES0310L,PRESIDENTES DE MÉXICO,Secundaria,IZTAPALAPA,-99.05430556,19.33147778,234,260,19.7692,23.0769,0,34.2308,89,260,16.5385,43,260,25,65,260,18.3113,160,24.2308,63,260,0.9885,76.9231,200,260
09DPR2729Z,PROFR. SAMUEL DELGADO I. MOYA,MATUTINO,2025-2026,09DPR2726C,PROFR. SAMUEL DELGADO I. MOYA,Primaria,COYOACÁN,-99.16319167,19.32963056,327,245,19.7551,5.3061,0,48.5714,119,245,11.8367,29,245,33.0612,81,245,19.2419,167,29.3878,72,245,0.9878,94.6939,232,245
09DPR3029N,FRANCISCO J. MUJICA,MATUTINO,2024-2025 | 2025-2026,09DPR3029N,FRANCISCO J. MUJICA,Primaria,AZCAPOTZALCO,-99.20464167,19.49749722,136,163,19.7546,28.2209,0,23.9264,39,163,20.8589,34,163,25.7669,42,163,20.1397,78,22.6994,37,163,0.9877,71.7791,117,163
09DPR1591Y,PROFR. LUIS DE LA BRENA,MATUTINO,2024-2025 | 2025-2026,09DJN0202U,PROFR. LUIS DE LA BRENA,Preescolar,GUSTAVO A. MADERO,-99.08160278,19.49509722,93,138,19.7101,23.1884,0,39.1304,54,138,10.1449,14,138,26.087,36,138,20.0564,78,21.7391,30,138,0.9855,76.8116,106,138
09DPR4216O,LAZARO PAVIA,MATUTINO,2024-2025 | 2025-2026,09DPR4235C,LAZARO PAVIA,Primaria,TLALPAN,-99.22320556,19.29829722,361,330,19.697,1.5152,0,43.6364,144,330,17.5758,58,330,35.7576,118,330,18.4603,282,26.9697,89,330,0.9848,98.4848,325,330
09DPR1123E,MANUEL ACUÑA,VESPERTINO,2024-2025 | 2025-2026,09DES0306Z,MANUEL ACUÑA,Secundaria,IZTAPALAPA,-99.02557778,19.33202778,335,394,19.6954,15.736,0,43.401,171,394,13.198,52,394,26.1421,103,394,18.6174,258,22.5888,89,394,0.9848,84.264,332,394
09DPR2270V,REPÚBLICA DE MALI,MATUTINO,2024-2025 | 2025-2026,09DPR2270V,REPÚBLICA DE MALI,Primaria,IZTAPALAPA,-99.12838889,19.36,237,131,19.6947,1.5267,0,29.771,39,131,24.4275,32,131,42.7481,56,131,20.6266,128,24.4275,32,131,0.9847,98.4733,129,131
09DPR1770J,ETIOPIA,VESPERTINO,2025-2026,09DPR1769U,ETIOPIA,Primaria,ÁLVARO OBREGÓN,-99.19525,19.39195833,92,61,19.6721,0,0,49.1803,30,61,11.4754,7,61,37.7049,23,61,19.5467,45,32.7869,20,61,0.9836,100,61,61
09DPR0855J,LIC. ALVARO GALVEZ Y FUENTES,MATUTINO,2025-2026,09DJN0217W,LIC. ALVARO GALVEZ Y FUENTES,Preescolar,AZCAPOTZALCO,-99.15388056,19.47079444,261,242,19.6694,0.4132,0,44.2149,107,242,16.1157,39,242,37.6033,91,242,19.0845,181,26.0331,63,242,0.9835,99.5868,241,242
09DPR2283Z,CARMEN SERDAN ALATRISTE,MATUTINO,2024-2025 | 2025-2026,09DPR2283Z,CARMEN SERDAN ALATRISTE,Primaria,COYOACÁN,-99.14419167,19.35441944,82,60,19.6667,3.3333,0,26.6667,16,60,30,18,60,38.3333,23,60,18.3635,52,28.3333,17,60,0.9833,96.6667,58,60
09DPR4245J,PROVINCIA DE QUEBEC,MATUTINO,2024-2025 | 2025-2026,09DPR5129Z,PROVINCIA DE QUEBEC,Primaria,TLALPAN,-99.22575556,19.28439167,236,232,19.6552,0.431,0,36.6379,85,232,26.7241,62,232,34.4828,80,232,18.5856,202,24.1379,56,232,0.9828,99.569,231,232
09DPR2228F,INGENIERO JAVIER BARROS SIERRA,MATUTINO,2025-2026,09DPR3172A,INGENIERO JAVIER BARROS SIERRA,Primaria,ÁLVARO OBREGÓN,-99.23829167,19.33692222,419,400,19.65,0,0,45,180,400,15.25,61,400,38,152,400,18.7421,337,30,120,400,0.9825,100,400,400
09DPR1580S,15 DE SEPTIEMBRE,MATUTINO,2024-2025 | 2025-2026,09DPR1580S,15 DE SEPTIEMBRE,Primaria,AZCAPOTZALCO,-99.16118611,19.472825,128,171,19.6491,35.0877,0,16.9591,29,171,29.8246,51,171,16.3743,28,171,19.5117,60,24.5614,42,171,0.9825,64.9123,111,171
09DPR4212S,ESTADO DE AGUASCALIENTES,VESPERTINO,2024-2025 | 2025-2026,09DPR4200N,ESTADO DE AGUASCALIENTES,Primaria,ÁLVARO OBREGÓN,-99.22935,19.38458611,128,107,19.6262,0,0,50.4673,54,107,13.0841,14,107,34.5794,37,107,18.9753,77,32.7103,35,107,0.9813,100,107,107
09DPR0138Z,PROFR. FERNANDO BROM ROJAS,MATUTINO,2025-2026,09DPR0138Z,PROFR. FERNANDO BROM ROJAS,Primaria,COYOACÁN,-99.12405278,19.31715,295,263,19.6198,0.3802,0,31.9392,84,263,36.8821,97,263,28.8973,76,263,18.0758,207,28.1369,74,263,0.981,99.6198,262,263
09DPR3120V,ANTON SEMIONOVICH MAKARENKO,MATUTINO,2024-2025 | 2025-2026,09DPR3120V,ANTON SEMIONOVICH MAKARENKO,Primaria,COYOACÁN,-99.10689722,19.31756111,170,149,19.5973,0.6711,0,54.3624,81,149,9.396,14,149,33.557,50,149,18.4016,129,26.1745,39,149,0.9799,99.3289,148,149
09DPR2233R,MAURITANIA,MATUTINO,2024-2025 | 2025-2026,09DPR2233R,MAURITANIA,Primaria,TLALPAN,-99.14203889,19.19623889,835,811,19.5808,3.8224,0,42.1702,342,811,23.1813,188,811,28.73,233,811,18.3553,591,29.5931,240,811,0.979,96.1776,780,811
09DPR2296C,FORD 20,VESPERTINO,2024-2025 | 2025-2026,09DPR2296C,FORD 20,Primaria,ÁLVARO OBREGÓN,-99.23266111,19.34686944,117,95,19.5789,1.0526,0,45.2632,43,95,25.2632,24,95,26.3158,25,95,19.4394,66,27.3684,26,95,0.9789,98.9474,94,95
09DPR1019T,MONTES AZULES,MATUTINO,2025-2026,09DPR1019T,MONTES AZULES,Primaria,BENITO JUÁREZ,-99.14822222,19.39292778,183,133,19.5489,1.5038,0,38.3459,51,133,21.8045,29,133,36.0902,48,133,18.9929,112,27.8195,37,133,0.9774,98.4962,131,133
09DPR3093O,DR. ROBERTO SOLIS QUIROGA,MATUTINO,2024-2025 | 2025-2026,09DML0138I,DR. ROBERTO SOLIS QUIROGA,Especial - CAM,IZTAPALAPA,-99.02457222,19.38313611,639,600,19.5333,7.6667,0,38.6667,232,600,18,108,600,33.3333,200,600,18.7097,454,25.1667,151,600,0.9767,92.3333,554,600
09DPR0037B,CESAR VALLEJO,MATUTINO,2025-2026,09DPR0037B,CESAR VALLEJO,Primaria,IZTAPALAPA,-99.09648333,19.35230278,217,200,19.5,1,0,29.5,59,200,43.5,87,200,23.5,47,200,18.5287,115,34.5,69,200,0.975,99,198,200
09DPR1241T,PRESIDENTE MIGUEL ALEMAN,MATUTINO,2024-2025 | 2025-2026,09DPR1063G,PRESIDENTE MIGUEL ALEMAN,Primaria,VENUSTIANO CARRANZA,-99.07162778,19.42785,128,76,19.4737,10.5263,0,34.2105,26,76,15.7895,12,76,36.8421,28,76,21.4667,45,27.6316,21,76,0.9737,89.4737,68,76
09DPR1861A,MANUEL CERVANTES IMAZ,MATUTINO,2024-2025 | 2025-2026,09DJN0548M,MANUEL CERVANTES IMAZ,Preescolar,ÁLVARO OBREGÓN,-99.25726111,19.32861944,333,300,19.4667,22,0,30.6667,92,300,18.6667,56,300,26,78,300,21.0226,164,21,63,300,0.9733,78,234,300
09DPR2832M,PROFR. JORGE CASAHONDA CASTILLO,VESPERTINO,2024-2025 | 2025-2026,09DBA0178Y,PROFR. JORGE CASAHONDA CASTILLO,Adultos - Primaria,CUAUHTÉMOC,-99.12915833,19.44875278,133,148,19.4595,21.6216,0,28.3784,42,148,27.027,40,148,20.2703,30,148,16.2663,83,23.6486,35,148,0.973,78.3784,116,148
09DPR1656R,PROFR. LEOPOLDO KIEL,MATUTINO,2024-2025 | 2025-2026,09DPR1656R,PROFR. LEOPOLDO KIEL,Primaria,AZCAPOTZALCO,-99.19596944,19.47441389,278,363,19.449,23.9669,0,26.4463,96,363,18.7328,68,363,28.0992,102,363,20.2451,195,21.2121,77,363,0.9725,76.0331,276,363
09DPR2546S,MTRA. GABRIELA MISTRAL,MATUTINO,2024-2025 | 2025-2026,09DPR2546S,MTRA. GABRIELA MISTRAL,Primaria,COYOACÁN,-99.16108611,19.31356667,357,332,19.3976,0,0,43.6747,145,332,10.241,34,332,43.0723,143,332,18.4726,307,25,83,332,0.9699,100,332,332
09DPR4200N,ESTADO DE AGUASCALIENTES,MATUTINO,2024-2025 | 2025-2026,09DPR4200N,ESTADO DE AGUASCALIENTES,Primaria,ÁLVARO OBREGÓN,-99.22935,19.38458611,193,196,19.3878,0.5102,0,34.6939,68,196,27.0408,53,196,34.6939,68,196,18.8178,152,27.0408,53,196,0.9694,99.4898,195,196
09DPR1617P,AMERICA LATINA,MATUTINO,2024-2025 | 2025-2026,09DJN0999P,AMERICA LATINA,Preescolar,IZTACALCO,-99.07977222,19.39211111,163,186,19.3548,19.8925,0,23.1183,43,186,25.2688,47,186,28.4946,53,186,19.4851,114,22.5806,42,186,0.9677,80.1075,149,186
09DPR2973L,PROFR. PABLO DE LA LLAVE,MATUTINO,2024-2025 | 2025-2026,09DPR2973L,PROFR. PABLO DE LA LLAVE,Primaria,COYOACÁN,-99.12391389,19.33653611,263,212,19.3396,0.9434,0,46.6981,99,212,16.5094,35,212,32.5472,69,212,18.8072,152,29.717,63,212,0.967,99.0566,210,212
09DPR2355B,ESTADO DE QUINTANA ROO,MATUTINO,2024-2025 | 2025-2026,09DES0151N,ESTADO DE QUINTANA ROO,Secundaria,TLALPAN,-99.18628611,19.23418056,312,242,19.3388,0,0,28.0992,68,242,35.9504,87,242,32.6446,79,242,19.2366,175,28.0992,68,242,0.9669,100,242,242
09DPR1757P,CIRILO CELIS PASTRANA,VESPERTINO,2024-2025 | 2025-2026,09DPR1757P,CIRILO CELIS PASTRANA,Primaria,ÁLVARO OBREGÓN,-99.19280278,19.39504167,138,113,19.292,0,0,46.0177,52,113,19.469,22,113,30.9735,35,113,18.7378,90,26.5487,30,113,0.9646,100,113,113
09DPR1219R,REPÚBLICA DE TUNEZ,MATUTINO,2024-2025 | 2025-2026,09DPR1219R,REPÚBLICA DE TUNEZ,Primaria,BENITO JUÁREZ,-99.15168611,19.37561944,286,275,19.2727,0.3636,0,45.4545,125,275,10.1818,28,275,40.3636,111,275,18.3967,246,25.0909,69,275,0.9636,99.6364,274,275
09DPR0959E,PROFR. GONZALO PEÑA TRONCOSO,VESPERTINO,2024-2025 | 2025-2026,09DPR0961T,PROFR. GONZALO PEÑA TRONCOSO,Primaria,VENUSTIANO CARRANZA,-99.07615556,19.41346389,134,137,19.2701,0,0,35.0365,48,137,41.6058,57,137,19.708,27,137,18.3973,75,35.0365,48,137,0.9635,100,137,137
09DPR2166J,QUETZALCOATL,VESPERTINO,2024-2025 | 2025-2026,09DPR5119T,QUETZALCOATL,Primaria,CUAJIMALPA DE MORELOS,-99.30938056,19.3535,73,81,19.2593,25.9259,0,37.037,30,81,14.8148,12,81,18.5185,15,81,18.55,38,20.9877,17,81,0.963,74.0741,60,81
09DPR1432J,MTRA. GUADALUPE NUÑEZ Y PARRA,MATUTINO,2024-2025 | 2025-2026,09DPR1432J,MTRA. GUADALUPE NUÑEZ Y PARRA,Primaria,GUSTAVO A. MADERO,-99.11930833,19.48255833,427,584,19.2466,41.4384,0,17.2945,101,584,22.4315,131,584,15.0685,88,584,20.23,170,20.0342,117,584,0.9623,58.5616,342,584
09DPR0131G,EFRAIN HUERTA,MATUTINO,2025-2026,09DPR4019N,EFRAIN HUERTA,Primaria,ÁLVARO OBREGÓN,-99.25931111,19.32503333,541,523,19.2352,0.956,0,49.7132,260,523,11.8547,62,523,33.652,176,523,18.5723,394,27.1511,142,523,0.9618,99.044,518,523
09DPR5028B,PROFRA. AURORA LÓPEZ VELARDE BERUMEN,VESPERTINO,2024-2025 | 2025-2026,09DPR0129S,PROFRA. AURORA LÓPEZ VELARDE BERUMEN,Primaria,TLALPAN,-99.10390833,19.29467222,66,49,19.1837,4.0816,0,34.6939,17,49,20.4082,10,49,36.7347,18,49,18.5564,39,30.6122,15,49,0.9592,95.9184,47,49
09DPR1587L,GENERAL FELIPE ANGELES RAMIREZ,MATUTINO,2024-2025 | 2025-2026,09DPR1587L,GENERAL FELIPE ANGELES RAMIREZ,Primaria,AZCAPOTZALCO,-99.15988056,19.47688611,283,363,19.1736,30.5785,0,22.314,81,363,19.5592,71,363,23.416,85,363,18.8872,179,19.0083,69,363,0.9587,69.4215,252,363
09DPR2145X,JUAN AMOS COMENIO,MATUTINO,2025-2026,09DJN0043W,JUAN AMOS COMENIO,Preescolar,GUSTAVO A. MADERO,-99.09963333,19.501325,155,139,19.1367,0,0,30.9353,43,139,31.6547,44,139,33.0935,46,139,19.067,91,30.9353,43,139,0.9568,100,139,139
09DPR1969S,ESTATUTO JURIDICO,MATUTINO,2024-2025 | 2025-2026,09DJN0556V,ESTATUTO JURIDICO,Preescolar,COYOACÁN,-99.14496111,19.33372222,580,485,19.134,1.2371,0,35.6701,173,485,16.2887,79,485,42.4742,206,485,19.0369,428,24.3299,118,485,0.9567,98.7629,479,485
09DPR2285X,REPÚBLICA DE SENEGAL,MATUTINO,2024-2025 | 2025-2026,09DPR2285X,REPÚBLICA DE SENEGAL,Primaria,COYOACÁN,-99.18460833,19.30505833,518,507,19.1321,0.1972,0,41.6174,211,507,13.4122,68,507,40.4339,205,507,18.6395,471,24.2604,123,507,0.9566,99.8028,506,507
09DPR2816V,ESTADO DE QUERETARO,MATUTINO,2024-2025 | 2025-2026,09DPR2816V,ESTADO DE QUERETARO,Primaria,TLALPAN,-99.17845833,19.28064444,471,454,19.1189,0.4405,0,49.3392,224,454,10.5727,48,454,35.2423,160,454,19.1171,362,25.1101,114,454,0.9559,99.5595,452,454
09DPR2181B,JAPÓN,VESPERTINO,2024-2025 | 2025-2026,09DJN0207P,JAPON,Preescolar,GUSTAVO A. MADERO,-99.10925278,19.48650556,194,222,19.0991,27.027,0,32.4324,72,222,16.2162,36,222,19.8198,44,222,18.6873,110,22.973,51,222,0.955,72.973,162,222
09DPR1145Q,DR. MARIANO AZUELA,MATUTINO,2025-2026,09DJN0268C,DR. MARIANO AZUELA,Preescolar,GUSTAVO A. MADERO,-99.09282778,19.50269167,309,309,19.0939,6.1489,0,30.4207,94,309,24.5955,76,309,34.3042,106,309,18.6665,260,21.3592,66,309,0.9547,93.8511,290,309
09DPR3203D,DRA MARIA DEL CARMEN MILLAN,MATUTINO,2024-2025 | 2025-2026,09DPR3203D,DRA MARIA DEL CARMEN MILLAN,Primaria,TLALPAN,-99.11740278,19.29825556,312,238,19.0756,0.4202,0,36.5546,87,238,15.5462,37,238,42.8571,102,238,18.6751,233,21.4286,51,238,0.9538,99.5798,237,238
09DPR1546L,MTRO. MIGUEL LANZ DURET,MATUTINO,2024-2025 | 2025-2026,09DPR1546L,MTRO. MIGUEL LANZ DURET,Primaria,GUSTAVO A. MADERO,-99.10566111,19.46603611,154,171,19.0643,38.0117,0,18.1287,31,171,26.3158,45,171,12.8655,22,171,18.6421,57,23.9766,41,171,0.9532,61.9883,106,171
09DPR1829S,JOSÉ DE JESUS IBARRA Y ROBLES,MATUTINO,2025-2026,09DPR1829S,JOSÉ DE JESUS IBARRA Y ROBLES,Primaria,ÁLVARO OBREGÓN,-99.21278611,19.39196389,254,184,19.0217,0,0,51.087,94,184,11.9565,22,184,32.0652,59,184,18.2166,151,29.8913,55,184,0.9511,100,184,184
09DPR3145D,PROFR. ABEL ORTEGA FLORES,MATUTINO,2024-2025 | 2025-2026,09DPR3145D,PROFR. ABEL ORTEGA FLORES,Primaria,TLALPAN,-99.16454167,19.263725,245,214,18.972,0.9346,0,40.6542,87,214,24.2991,52,214,28.972,62,214,18.9288,153,26.6355,57,214,0.9486,99.0654,212,214
09DPR1590Z,REPÚBLICA DE FRANCIA,MATUTINO,2024-2025 | 2025-2026,09DPR1590Z,REPÚBLICA DE FRANCIA,Primaria,AZCAPOTZALCO,-99.15823611,19.47,112,136,18.9706,36.0294,0,18.3824,25,136,25.7353,35,136,14.7059,20,136,18.487,46,20.5882,28,136,0.9485,63.9706,87,136
09DPR0129S,PROFRA. AURORA LÓPEZ VELARDE BERUMEN,MATUTINO,2024-2025 | 2025-2026,09DPR0129S,PROFRA. AURORA LÓPEZ VELARDE BERUMEN,Primaria,TLALPAN,-99.10390833,19.29467222,266,191,18.9529,0.5236,0,24.6073,47,191,34.555,66,191,35.0785,67,191,18.7712,153,25.6545,49,191,0.9476,99.4764,190,191
09DPR1610W,EL MAESTRO MEXICANO,MATUTINO,2024-2025 | 2025-2026,09DPR1610W,EL MAESTRO MEXICANO,Primaria,AZCAPOTZALCO,-99.19786111,19.47331667,125,142,18.8732,40.8451,0,14.7887,21,142,23.2394,33,142,15.493,22,142,19.7146,41,19.0141,27,142,0.9437,59.1549,84,142
09DPR1547K,MTRO. MIGUEL LANZ DURET,VESPERTINO,2024-2025 | 2025-2026,09DPR1546L,MTRO. MIGUEL LANZ DURET,Primaria,GUSTAVO A. MADERO,-99.10566111,19.46603611,72,69,18.8406,28.9855,0,23.1884,16,69,21.7391,15,69,20.2899,14,69,20.0133,30,28.9855,20,69,0.942,71.0145,49,69
09DPR1679B,REPÚBLICA DE INDONESIA,MATUTINO,2024-2025 | 2025-2026,09DPR1837A,REPÚBLICA DE INDONESIA,Primaria,IZTAPALAPA,-99.07872222,19.32662222,157,120,18.8333,0,0,45,54,120,26.6667,32,120,22.5,27,120,21.7317,82,26.6667,32,120,0.9417,100,120,120
09DPR1850V,CLUB DE LEONES NUMERO 4,MATUTINO,2025-2026,09DPR1850V,CLUB DE LEONES NUMERO 4,Primaria,ÁLVARO OBREGÓN,-99.20187222,19.370925,487,495,18.8283,0,0,33.5354,166,495,21.2121,105,495,39.3939,195,495,19.3176,392,25.8586,128,495,0.9414,100,495,495
09DPR5140W,GUSTAVO BAZ PRADA,VESPERTINO,2024-2025 | 2025-2026,09DPR0046J,GUSTAVO BAZ PRADA,Primaria,TLALPAN,-99.23010556,19.27267222,319,227,18.7665,2.2026,0,37.0044,84,227,17.6211,40,227,37.0044,84,227,19.1924,170,25.9912,59,227,0.9383,97.7974,222,227
09DPR1562C,CLUB DE LEONES NUM. 1,MATUTINO,2024-2025 | 2025-2026,09DPR1562C,CLUB DE LEONES NUM. 1,Primaria,AZCAPOTZALCO,-99.14836944,19.46431944,273,366,18.7432,40.4372,0,15.3005,56,366,24.0437,88,366,13.9344,51,366,19.1764,106,19.3989,71,366,0.9372,59.5628,218,366
09DPR2338L,LIC. MIGUEL SERRANO,VESPERTINO,2024-2025 | 2025-2026,09DPR2338L,LIC. MIGUEL SERRANO,Primaria,CUAUHTÉMOC,-99.1342,19.43676944,112,175,18.7429,0.5714,0,32.5714,57,175,27.4286,48,175,33.1429,58,175,18.4,130,29.7143,52,175,0.9371,99.4286,174,175
09DPR1405M,CLUB DE LEONES DE LA VILLA NUM. 3,MATUTINO,2024-2025 | 2025-2026,09DPR1405M,CLUB DE LEONES DE LA VILLA NUM. 3,Primaria,GUSTAVO A. MADERO,-99.08953056,19.47305556,177,190,18.7368,43.1579,0,12.6316,24,190,20.5263,39,190,17.3684,33,190,20.1766,64,17.8947,34,190,0.9368,56.8421,108,190
09DPR3273Z,AMALIA GONZÁLEZ CABALLERO,MATUTINO,2024-2025 | 2025-2026,09DPR3273Z,AMALIA GONZÁLEZ CABALLERO,Primaria,AZCAPOTZALCO,-99.20179167,19.51085556,450,615,18.6992,35.6098,0,12.5203,77,615,29.1057,179,615,16.2602,100,615,18.5235,217,20.1626,124,615,0.935,64.3902,396,615
09DPR0033F,JOSÉ INES NOVELO,MATUTINO,2024-2025 | 2025-2026,09DPR0033F,JOSÉ INES NOVELO,Primaria,ÁLVARO OBREGÓN,-99.23259444,19.36831667,380,390,18.5641,0.5128,0,39.7436,155,390,18.7179,73,390,33.8462,132,390,18.9941,271,27.4359,107,390,0.9282,99.4872,388,390
09DPR2765E,ROSARIO MA. GUTIERREZ ESKILDSEN,MATUTINO,2024-2025 | 2025-2026,09DPR2765E,ROSARIO MA. GUTIERREZ ESKILDSEN,Primaria,IZTAPALAPA,-99.08135278,19.34660278,411,359,18.5515,1.3928,0,44.2897,159,359,14.2061,51,359,32.8691,118,359,19.585,247,27.5766,99,359,0.9276,98.6072,354,359
09DPR2918S,PROFR. ANTONIO AUDIRAC Y ALFONSIN,MATUTINO,2024-2025 | 2025-2026,09DPR2918S,PROFR. ANTONIO AUDIRAC Y ALFONSIN,Primaria,IZTAPALAPA,-99.06021111,19.33246111,330,227,18.5022,1.3216,0,33.4802,76,227,20.7048,47,227,37.0044,84,227,19.1484,186,24.6696,56,227,0.9251,98.6784,224,227
09DPR3005D,TORIBIO VELASCO FRIAS,VESPERTINO,2024-2025 | 2025-2026,09DPR3073A,TORIBIO VELASCO FRIAS,Primaria,ÁLVARO OBREGÓN,-99.22943333,19.357275,181,145,18.4828,0.6897,0,35.1724,51,145,21.3793,31,145,35.1724,51,145,19.3458,96,31.0345,45,145,0.9241,99.3103,144,145
09DPR2226H,MIGUEL ANGEL DE QUEVEDO,MATUTINO,2024-2025 | 2025-2026,09DPR2226H,MIGUEL ANGEL DE QUEVEDO,Primaria,ÁLVARO OBREGÓN,-99.23725833,19.37846944,203,188,18.4043,0,0,46.2766,87,188,19.6809,37,188,26.0638,49,188,17.5692,133,28.1915,53,188,0.9202,100,188,188
09DPR3139T,ROBERTO OWEN,MATUTINO,2024-2025 | 2025-2026,09DPR3139T,ROBERTO OWEN,Primaria,AZCAPOTZALCO,-99.19955,19.49070833,175,225,18.4,40.8889,0,17.3333,39,225,22.2222,50,225,11.5556,26,225,18.8564,55,19.5556,44,225,0.92,59.1111,133,225
09DPR1278G,JONAS EDWARD SALK,MATUTINO,2024-2025 | 2025-2026,09DPR1278G,JONAS EDWARD SALK,Primaria,BENITO JUÁREZ,-99.14107778,19.38463889,302,251,18.247,3.1873,0,37.0518,93,251,12.3506,31,251,38.6454,97,251,19.3338,216,22.7092,57,251,0.9124,96.8127,243,251
09DPR1576F,VASCO DE QUIROGA,VESPERTINO,2024-2025 | 2025-2026,09DPR1785L,VASCO DE QUIROGA,Primaria,ÁLVARO OBREGÓN,-99.23967778,19.38282222,155,114,18.2456,0,0,52.6316,60,114,15.7895,18,114,22.807,26,114,17.9581,74,28.9474,33,114,0.9123,100,114,114
09DPR2119Z,PROFR. LUIS GUEVARA RAMÍREZ,VESPERTINO,2025-2026,09DPR2426F,PROFR. LUIS GUEVARA RAMÍREZ,Primaria,IZTAPALAPA,-99.07421111,19.33083889,168,66,18.1818,0,0,50,33,66,15.1515,10,66,25.7576,17,66,18.0111,54,21.2121,14,66,0.9091,100,66,66
09DPR1227Z,GRAL. RAMON CORONA,MATUTINO,2025-2026,09DPR1227Z,GRAL. RAMON CORONA,Primaria,IZTAPALAPA,-99.13218611,19.37694444,153,131,18.1679,0,0,34.3511,45,131,13.7405,18,131,42.7481,56,131,19.0388,103,25.1908,33,131,0.9084,100,131,131
09DPR1200T,PEDRO SAINZ DE BARANDA,MATUTINO,2025-2026,09DPR1200T,PEDRO SAINZ DE BARANDA,Primaria,CUAUHTÉMOC,-99.14626944,19.41511389,233,210,18.0952,0,0,45.7143,96,210,11.9048,25,210,32.8571,69,210,19.4041,148,27.619,58,210,0.9048,100,210,210
09DPR3144E,VALENTÍN VAZQUEZ NAVA,VESPERTINO,2025-2026,09DPR3195L,VALENTÍN VAZQUEZ NAVA,Primaria,ÁLVARO OBREGÓN,-99.21365,19.37811389,153,101,18.0198,0,0,46.5347,47,101,8.9109,9,101,34.6535,35,101,18.7947,75,28.7129,29,101,0.901,100,101,101
09DPR1545M,GRAL. MIGUEL NEGRETE,VESPERTINO,2024-2025 | 2025-2026,09DPR1544N,GRAL. MIGUEL NEGRETE,Primaria,GUSTAVO A. MADERO,-99.08605278,19.50009167,165,180,18,25.5556,0,25,45,180,21.1111,38,180,18.3333,33,180,17.5897,87,17.7778,32,180,0.9,74.4444,134,180
09DPR1665Z,MAESTRO JOSÉ VASCONCELOS,MATUTINO,2024-2025 | 2025-2026,09DPR1667X,MAESTRO JOSÉ VASCONCELOS,Primaria,AZCAPOTZALCO,-99.163475,19.46186389,208,246,17.9675,26.4228,0,14.6341,36,246,29.6748,73,246,19.1057,47,246,18.7793,111,19.1057,47,246,0.8984,73.5772,181,246
09DPR1486N,EJIDO DE ZACATENCO,MATUTINO,2024-2025 | 2025-2026,09DPR1486N,EJIDO DE ZACATENCO,Primaria,GUSTAVO A. MADERO,-99.12045278,19.50247778,375,501,17.9641,39.1218,0,15.5689,78,501,23.9521,120,501,11.1776,56,501,18.122,164,16.9661,85,501,0.8982,60.8782,305,501
09DPR2527D,LIC. FELIPE RIVERA,MATUTINO,2025-2026,09DPR0867O,LIC. FELIPE RIVERA,Primaria,CUAUHTÉMOC,-99.14866111,19.40713333,101,106,17.9245,0,0,24.5283,26,106,42.4528,45,106,22.6415,24,106,19.1902,61,28.3019,30,106,0.8962,100,106,106
09DPR2008U,MARTINA ISLAS,VESPERTINO,2024-2025 | 2025-2026,09DPR2008U,MARTINA ISLAS,Primaria,TLALPAN,-99.16790833,19.26588333,202,200,17.9,2.5,0,33,66,200,27,54,200,27,54,200,17.9367,150,25.5,51,200,0.895,97.5,195,200
09DPR0032G,CAJEME,VESPERTINO,2024-2025 | 2025-2026,09DPR0032G,CAJEME,Primaria,TLALPAN,-99.17125,19.25080556,226,195,17.8462,0,0,37.9487,74,195,23.5897,46,195,27.6923,54,195,18.68,115,25.1282,49,195,0.8923,100,195,195
09DPR1204P,PROFR. GRACIANO SÁNCHEZ,MATUTINO,2025-2026,09DPR1204P,PROFR. GRACIANO SÁNCHEZ,Primaria,IZTAPALAPA,-99.10735833,19.33259444,372,330,17.8182,0,0,43.0303,142,330,9.3939,31,330,36.6667,121,330,19.0848,243,26.0606,86,330,0.8909,100,330,330
09DPR5073O,JUAN RULFO,VESPERTINO,2024-2025 | 2025-2026,09DPR5073O,JUAN RULFO,Primaria,IZTAPALAPA,-99.03578333,19.36853333,221,190,17.7895,0,0,44.7368,85,190,23.1579,44,190,21.0526,40,190,18.508,112,28.9474,55,190,0.8895,100,190,190
09DPR2088W,DR. MANUEL GAMIO,MATUTINO,2024-2025 | 2025-2026,09DPR2088W,DR. MANUEL GAMIO,Primaria,IZTAPALAPA,-99.0111,19.36227778,301,241,17.7593,0.4149,0,23.6515,57,241,41.0788,99,241,23.6515,57,241,18.5926,121,31.1203,75,241,0.888,99.5851,240,241
09DPR0130H,PROFRA. VIRGINIA RIVERA LOZANO,VESPERTINO,2025-2026,09DPR0130H,PROFRA. VIRGINIA RIVERA LOZANO,Primaria,ÁLVARO OBREGÓN,-99.21444444,19.35409722,110,78,17.6923,0,0,42.3077,33,78,14.1026,11,78,32.0513,25,78,19.2145,55,26.9231,21,78,0.8846,100,78,78
09DPR2672P,JESUS CARLOS ROMERO VILLA,VESPERTINO,2024-2025 | 2025-2026,09DPR1347M,JESUS CARLOS ROMERO VILLA,Primaria,GUSTAVO A. MADERO,-99.12488056,19.50883056,157,192,17.6042,34.375,0,18.75,36,192,21.3542,41,192,13.5417,26,192,22.0103,68,17.1875,33,192,0.8802,65.625,126,192
09DPR2120O,PROFR. ERASTO VALLE ALCARAZ,VESPERTINO,2025-2026,09DPR1868U,PROFR. ERASTO VALLE ALCARAZ,Primaria,ÁLVARO OBREGÓN,-99.21051944,19.38044167,158,131,17.5573,0,0,45.0382,59,131,16.0305,21,131,26.7176,35,131,21.6213,75,27.4809,36,131,0.8779,100,131,131
09DPR5088Q,JOSÉ GOROSTIZA,MATUTINO,2025-2026,09DPR5088Q,JOSÉ GOROSTIZA,Primaria,CUAUHTÉMOC,-99.14388333,19.44749167,139,138,17.5362,0,0,26.087,36,138,27.5362,38,138,34.058,47,138,18.3743,109,23.913,33,138,0.8768,100,138,138
09DPR4198P,CARLOS PELLICER,MATUTINO,2024-2025 | 2025-2026,09DES0190P,CARLOS PELLICER,Secundaria,COYOACÁN,-99.15274444,19.33871111,384,386,17.513,0,0,35.7513,138,386,27.7202,107,386,24.0933,93,386,18.81,220,28.2383,109,386,0.8756,100,386,386
09DPR1230N,PEDRO ROMERO DE TERREROS,MATUTINO,2024-2025 | 2025-2026,09DPR1048O,PEDRO ROMERO DE TERREROS,Primaria,IZTACALCO,-99.06292778,19.41101389,306,257,17.4319,0.3891,0,29.572,76,257,24.1245,62,257,33.0739,85,257,18.3395,205,23.7354,61,257,0.8716,99.6109,256,257
09DPR2174S,GRAL. VICENTE GUERRERO,VESPERTINO,2024-2025 | 2025-2026,09DPR2174S,GRAL. VICENTE GUERRERO,Primaria,GUSTAVO A. MADERO,-99.10500833,19.49071944,76,83,17.3494,3.6145,0,34.9398,29,83,25.3012,21,83,22.8916,19,83,11.9551,78,30.1205,25,83,0.8675,96.3855,80,83
09DPR0844D,CORONEL ADALBERTO TEJEDA,MATUTINO,2024-2025 | 2025-2026,09DPR0844D,CORONEL ADALBERTO TEJEDA,Primaria,GUSTAVO A. MADERO,-99.16504722,19.52798611,283,360,17.2778,42.2222,0,13.8889,50,360,19.1667,69,360,11.1111,40,360,21.3337,89,16.9444,61,360,0.8639,57.7778,208,360
09DPR2630Q,CENTENARIO DE JUÁREZ,MATUTINO,2025-2026,09DPR2630Q,CENTENARIO DE JUÁREZ,Primaria,COYOACÁN,-99.14657222,19.32496389,318,277,17.2563,1.8051,0,33.574,93,277,16.6065,46,277,34.296,95,277,19.2844,192,24.9097,69,277,0.8628,98.1949,272,277
09DPR4154S,XOCHICALCO,VESPERTINO,2024-2025 | 2025-2026,09DPR2685T,XOCHICALCO,Primaria,IZTAPALAPA,-99.10164722,19.34538333,218,129,17.2093,2.3256,0,39.5349,51,129,6.9767,9,129,37.2093,48,129,19.3937,95,24.8062,32,129,0.8605,97.6744,126,129
09DPR1579C,VIDAL RIVERO,MATUTINO,2024-2025 | 2025-2026,09DPR1579C,VIDAL RIVERO,Primaria,AZCAPOTZALCO,-99.15406667,19.46720556,99,146,17.1233,28.0822,0,12.3288,18,146,28.0822,41,146,17.1233,25,146,17.75,60,21.9178,32,146,0.8562,71.9178,105,146
09DPR2010I,MIGUEL RAMIREZ CASTAÑEDA,MATUTINO,2025-2026,09DPR2010I,MIGUEL RAMÍREZ CASTAÑEDA,Primaria,TLALPAN,-99.18114167,19.28847222,307,205,17.0732,0,0,44.878,92,205,18.5366,38,205,21.9512,45,205,18.0482,141,23.4146,48,205,0.8537,100,205,205
09DPR5044T,RUFINO TAMAYO,VESPERTINO,2024-2025 | 2025-2026,09DPR5038I,RUFINO TAMAYO,Primaria,IZTAPALAPA,-99.00551389,19.37272222,405,328,17.0732,0.6098,0,30.7927,101,328,19.5122,64,328,34.4512,113,328,24.3473,167,29.878,98,328,0.8537,99.3902,326,328
09DPR0025X,NUEVA CREACION,MATUTINO,2025-2026,09DPR0025X,NUEVA CREACION,Primaria,TLALPAN,-99.18145516,19.21404722,174,170,17.0588,0,0,44.7059,76,170,17.0588,29,170,23.5294,40,170,17.9214,112,24.7059,42,170,0.8529,100,170,170
09DPR2291H,PROFR. PONCIANO RODRÍGUEZ,MATUTINO,2024-2025 | 2025-2026,09DPR2291H,PROFR. PONCIANO RODRÍGUEZ,Primaria,BENITO JUÁREZ,-99.16608333,19.35998333,229,224,17.0536,0.4464,0,37.0536,83,224,20.9821,47,224,26.7857,60,224,18.8074,149,26.3393,59,224,0.8527,99.5536,223,224
09DPR1958M,LIBERAL,MATUTINO,2025-2026,09DPR1960A,LIBERAL,Primaria,COYOACÁN,-99.14677778,19.32136667,333,304,16.9737,4.9342,0,31.5789,96,304,21.3816,65,304,26.9737,82,304,19.597,168,26.3158,80,304,0.8487,95.0658,289,304
09DPR0868N,NETZAHUALCOYOTL,VESPERTINO,2024-2025 | 2025-2026,09DJN0211B,NETZAHUALCOYOTL,Preescolar,GUSTAVO A. MADERO,-99.15440833,19.52056667,114,112,16.9643,1.7857,0,43.75,49,112,10.7143,12,112,28.5714,32,112,18.9325,77,21.4286,24,112,0.8482,98.2143,110,112
09DPR5020J,REPÚBLICA DE FILIPINAS,MATUTINO,2025-2026,09DPR5020J,REPÚBLICA DE FILIPINAS,Primaria,IZTAPALAPA,-99.08323889,19.33899722,279,249,16.9478,0,0,38.1526,95,249,5.2209,13,249,41.3655,103,249,19.3598,189,21.6867,54,249,0.8474,100,249,249
09DPR2014E,IGNACIO RODRÍGUEZ GALVAN,VESPERTINO,2025-2026,09DBN0069V,IGNACIO RODRIGUEZ GALVAN,Primaria,TLALPAN,-99.16508333,19.28740833,100,78,16.9231,0,0,29.4872,23,78,21.7949,17,78,33.3333,26,78,19.4018,55,26.9231,21,78,0.8462,100,78,78
09DPR1979Z,PROFR. CARLOS HERNÁNDEZ SELVAS,VESPERTINO,2024-2025 | 2025-2026,09DPR1978Z,PROFR. CARLOS HERNÁNDEZ SELVAS,Primaria,COYOACÁN,-99.15910833,19.32479167,150,144,16.6667,29.1667,0,27.7778,40,144,6.25,9,144,20.1389,29,144,19.5367,60,17.3611,25,144,0.8333,70.8333,102,144
09DPR2196D,GRAL. PEDRO OGAZÓN,MATUTINO,2024-2025 | 2025-2026,09DPR2196D,GRAL. PEDRO OGAZÓN,Primaria,GUSTAVO A. MADERO,-99.06923611,19.46715,266,257,16.6537,50.1946,0,3.5019,9,257,12.0623,31,257,17.5097,45,257,16.9133,128,5.4475,14,257,0.8327,49.8054,128,257
09DPR2790D,PEDRO HENRIQUEZ UREÑA,MATUTINO,2024-2025 | 2025-2026,09DPR1233K,PEDRO HENRIQUEZ UREÑA,Primaria,IZTACALCO,-99.12918889,19.39999444,272,226,16.6372,0.885,0,42.0354,95,226,10.177,23,226,30.0885,68,226,19.1759,145,24.7788,56,226,0.8319,99.115,224,226
09DPR0875X,GEORGES CUISENAIRE,VESPERTINO,2024-2025 | 2025-2026,09DPR0875X,GEORGES CUISENAIRE,Primaria,AZCAPOTZALCO,-99.18223056,19.497225,157,124,16.6129,41.129,0,17.7419,22,124,16.129,20,124,8.0645,10,124,17.43,40,14.5161,18,124,0.8306,58.871,73,124
09DPR1990V,ESTADO DE SAN LUIS POTOSI,VESPERTINO,2025-2026,09DPR1990V,ESTADO DE SAN LUIS POTOSI,Primaria,TLALPAN,-99.14995278,19.29799167,76,45,16.4444,2.2222,0,33.3333,15,45,22.2222,10,45,24.4444,11,45,18.2406,32,20,9,45,0.8222,97.7778,44,45
09DPR1967U,DR. FRANCISCO VAZQUEZ GOMEZ,VESPERTINO,2024-2025 | 2025-2026,09DPR1836B,DR. FRANCISCO VAZQUEZ GOMEZ,Primaria,COYOACÁN,-99.11655833,19.3398,136,102,16.2745,4.902,0,37.2549,38,102,15.6863,16,102,23.5294,24,102,17.9842,57,25.4902,26,102,0.8137,95.098,97,102
09DPR2726C,PROFR. SAMUEL DELGADO I. MOYA,VESPERTINO,2024-2025 | 2025-2026,09DPR2726C,PROFR. SAMUEL DELGADO I. MOYA,Primaria,COYOACÁN,-99.16319167,19.32963056,136,100,16.2,6,0,40,40,100,12,12,100,23,23,100,23.2178,45,27,27,100,0.81,94,94,100
09DPR2245W,REPÚBLICA DE TANZANIA,MATUTINO,2024-2025 | 2025-2026,09DPR2246V,REPÚBLICA DE TANZANIA,Primaria,IZTACALCO,-99.12553056,19.37892222,318,242,16.1983,0,0,7.8512,19,242,30.9917,75,242,42.1488,102,242,19.411,200,18.595,45,242,0.8099,100,242,242
09DPR1222E,REPÚBLICA ESPAÑOLA,VESPERTINO,2025-2026,09DPR1221F,REPÚBLICA ESPAÑOLA,Primaria,IZTACALCO,-99.13140278,19.40094167,138,73,16.1644,0,0,50.6849,37,73,8.2192,6,73,21.9178,16,73,17.588,50,19.1781,14,73,0.8082,100,73,73
09DPR1642O,POLONIA,MATUTINO,2024-2025 | 2025-2026,09DPR1341S,POLONIA,Primaria,AZCAPOTZALCO,-99.18616389,19.46915556,337,383,16.1358,21.9321,0,22.9765,88,383,9.6606,37,383,26.1097,100,383,18.6668,220,15.1436,58,383,0.8068,78.0679,299,383
09DPR1253Y,LUIS G. MONZON,VESPERTINO,2024-2025 | 2025-2026,09DPR1253Y,LUIS G. MONZON,Primaria,IZTAPALAPA,-99.06698611,19.34454722,87,92,16.087,0,0,22.8261,21,92,31.5217,29,92,26.087,24,92,19.1229,48,28.2609,26,92,0.8043,100,92,92
09DPR0847A,JOSÉ ARTURO PICHARDO,MATUTINO,2024-2025 | 2025-2026,09DPR0847A,JOSÉ ARTURO PICHARDO,Primaria,AZCAPOTZALCO,-99.18842222,19.46781389,285,418,16.0766,39.9522,0,10.2871,43,418,20.3349,85,418,9.8086,41,418,14.4866,119,15.5502,65,418,0.8038,60.0478,251,418
09DPR3102F,NARCISO BASSOLS,MATUTINO,2024-2025 | 2025-2026,09DPR3102F,NARCISO BASSOLS,Primaria,AZCAPOTZALCO,-99.20831667,19.512075,263,396,16.0606,45.7071,0,8.3333,33,396,16.9192,67,396,9.3434,37,396,18.481,79,12.1212,48,396,0.803,54.2929,215,396
09DPR1614S,ESTADO DE NUEVO LEON,MATUTINO,2024-2025 | 2025-2026,09DPR1614S,ESTADO DE NUEVO LEON,Primaria,AZCAPOTZALCO,-99.18015278,19.4669,518,803,16.0399,42.9639,0,9.4645,76,803,16.4384,132,803,11.3325,91,803,19.9449,167,14.0722,113,803,0.802,57.0361,458,803
09DPR2666E,FRANCISCO DEL OLMO,VESPERTINO,2024-2025 | 2025-2026,09DPR2078P,FRANCISCO DEL OLMO,Primaria,MILPA ALTA,-98.99759722,19.17547778,314,393,16.0305,30.5344,0,20.6107,81,393,12.2137,48,393,16.7939,66,393,18.76,160,13.7405,54,393,0.8015,69.4656,273,393
09DPR2425G,PROFR. GUILLERMO SHERWELL,MATUTINO,2024-2025 | 2025-2026,09DPR2425G,PROFR. GUILLERMO SHERWELL,Primaria,COYOACÁN,-99.11624444,19.31436667,235,171,16.0234,1.7544,0,23.9766,41,171,25.731,44,171,28.655,49,171,18.9889,117,23.9766,41,171,0.8012,98.2456,168,171
09DPR0128T,PROFR. AVELINO BOLAÑOS PALACIOS,MATUTINO,2025-2026,09DPR0128T,PROFR. AVELINO BOLAÑOS PALACIOS,Primaria,COYOACÁN,-99.11613611,19.32216389,278,206,15.9223,0.9709,0,29.6117,61,206,23.7864,49,206,25.2427,52,206,18.5039,128,21.8447,45,206,0.7961,99.0291,204,206
09DPR2917T,PROFR. ANTONIO AUDIRAC Y ALFONSIN,VESPERTINO,2024-2025 | 2025-2026,09DPR2918S,PROFR. ANTONIO AUDIRAC Y ALFONSIN,Primaria,IZTAPALAPA,-99.06021111,19.33246111,112,86,15.814,2.3256,0,44.186,38,86,8.1395,7,86,24.4186,21,86,18.614,50,23.2558,20,86,0.7907,97.6744,84,86
09DPR2637J,SEBASTIAN LERDO DE TEJADA,VESPERTINO,2024-2025 | 2025-2026,09DPR2637J,SEBASTIAN LERDO DE TEJADA,Primaria,TLALPAN,-99.21086111,19.27647778,174,128,15.7812,3.9062,0,36.7188,47,128,13.2812,17,128,25,32,128,18.8388,67,24.2188,31,128,0.7891,96.0938,123,128
09DPR2564H,PANAMERICANA,MATUTINO,2024-2025 | 2025-2026,09DPR2564H,PANAMERICANA,Primaria,COYOACÁN,-99.17028889,19.30939444,502,488,15.7377,2.0492,0,31.3525,153,488,15.1639,74,488,30.123,147,488,18.4003,331,20.6967,101,488,0.7869,97.9508,478,488
09DPR1234J,TRABAJADORES DEL HIERRO,MATUTINO,2024-2025 | 2025-2026,09DPR1234J,TRABAJADORES DEL HIERRO,Primaria,AZCAPOTZALCO,-99.14905833,19.4792,270,441,15.6916,46.4853,0,9.7506,43,441,14.2857,63,441,7.9365,35,441,19.0414,70,12.4717,55,441,0.7846,53.5147,236,441
09DPR5025E,PROFR. JESÚS SOTELO INCLAN,MATUTINO,2024-2025 | 2025-2026,09DPR5025E,PROFR. JESÚS SOTELO INCLAN,Primaria,IZTAPALAPA,-99.07413611,19.31419444,650,653,15.4671,0.3063,0,34.3032,224,653,11.1792,73,653,31.5467,206,653,20.9337,481,19.4487,127,653,0.7734,99.6937,651,653
09DPR1560E,LIC. ATENEDORO MONROY,MATUTINO,2024-2025 | 2025-2026,09DPR1560E,LIC. ATENEDORO MONROY,Primaria,AZCAPOTZALCO,-99.15186111,19.47226111,108,136,15.4412,37.5,0,8.0882,11,136,22.7941,31,136,8.8235,12,136,18.0257,35,11.7647,16,136,0.7721,62.5,85,136
09DPR1737B,ADOLFO CIENFUEGOS Y CAMUS,MATUTINO,2025-2026,09DPR1737B,ADOLFO CIENFUEGOS Y CAMUS,Primaria,MIGUEL HIDALGO,-99.18414444,19.45736389,103,93,15.2688,0,0,24.7312,23,93,29.0323,27,93,22.5806,21,93,21.8067,30,30.1075,28,93,0.7634,100,93,93
09DPR2923D,CUICUILCO,MATUTINO,2024-2025 | 2025-2026,09DPR2923D,CUICUILCO,Primaria,TLALPAN,-99.17869722,19.29987222,326,628,15.1592,2.3885,0,18.3121,115,628,13.8535,87,628,41.242,259,628,18.7252,608,14.8089,93,628,0.758,97.6115,613,628
09DPR1760C,ISAAC OCHOTERENA,VESPERTINO,2024-2025 | 2025-2026,09DPR1760C,ISAAC OCHOTERENA,Primaria,TLALPAN,-99.16700833,19.27355278,189,89,15.0562,2.2472,0,30.3371,27,89,24.7191,22,89,17.9775,16,89,18.052,50,19.1011,17,89,0.7528,97.7528,87,89
09DPR2949L,MARGARITA MAZA DE JUÁREZ,VESPERTINO,2025-2026,09DES4099I,MARGARITA MAZA DE JUÁREZ,Secundaria,GUSTAVO A. MADERO,-99.078625,19.49635278,171,102,14.902,0,0,43.1373,44,102,6.8627,7,102,24.5098,25,102,18.0469,64,19.6078,20,102,0.7451,100,102,102
09DPR5102T,ROSA MEXICANO,MATUTINO,2024-2025 | 2025-2026,09DPR5102T,ROSA MEXICANO,Primaria,ÁLVARO OBREGÓN,-99.20056389,19.38599722,197,186,14.8387,2.1505,0,30.6452,57,186,17.2043,32,186,24.1935,45,186,18.9221,104,21.5054,40,186,0.7419,97.8495,182,186
09DPR1341S,POLONIA,VESPERTINO,2024-2025 | 2025-2026,09DPR1341S,POLONIA,Primaria,AZCAPOTZALCO,-99.18616389,19.46915556,119,93,14.6237,21.5054,0,24.7312,23,93,8.6022,8,93,18.2796,17,93,17.5246,61,10.7527,10,93,0.7312,78.4946,73,93
09DIX0001O,GERTRUDIS BOCANEGRA DE LAZO DE LA VEGA,MATUTINO,2025-2026,09DPR1443P,GERTRUDIS BOCANEGRA DE LAZO DE LA VEGA,Primaria,GUSTAVO A. MADERO,-99.07343889,19.49264167,61,58,14.4828,0,0,25.8621,15,58,24.1379,14,58,22.4138,13,58,17.9049,41,15.5172,9,58,0.7241,100,58,58
09DPR1205O,PROFR. GRACIANO SÁNCHEZ,VESPERTINO,2025-2026,09DPR1204P,PROFR. GRACIANO SÁNCHEZ,Primaria,IZTAPALAPA,-99.10735833,19.33259444,127,93,14.4086,1.0753,0,37.6344,35,93,3.2258,3,93,30.1075,28,93,18.6618,55,16.129,15,93,0.7204,98.9247,92,93
09DPR2222L,ZAMBIA,MATUTINO,2024-2025 | 2025-2026,09DPR2687R,ZAMBIA,Primaria,ÁLVARO OBREGÓN,-99.20903611,19.36828889,240,211,14.4076,0.4739,0,26.5403,56,211,11.3744,24,211,33.6493,71,211,18.9087,161,17.0616,36,211,0.7204,99.5261,210,211
09DPR2977H,JOSÉ REVUELTAS,MATUTINO,2024-2025 | 2025-2026,09DPR2977H,JOSÉ REVUELTAS,Primaria,GUSTAVO A. MADERO,-99.13151389,19.52093611,352,559,14.347,48.3005,0,7.6923,43,559,10.0179,56,559,5.7245,32,559,18.5063,64,9.1234,51,559,0.7174,51.6995,289,559
09DPR5091D,REPÚBLICA DE FILIPINAS,VESPERTINO,2024-2025 | 2025-2026,09DPR5020J,REPÚBLICA DE FILIPINAS,Primaria,IZTAPALAPA,-99.08323889,19.33899722,123,81,14.321,0,0,33.3333,27,81,6.1728,5,81,32.0988,26,81,18.9941,68,12.3457,10,81,0.716,100,81,81
09DPR1948F,SAUL M. CARASSO,MATUTINO,2025-2026,09DPR1948F,SAUL M. CARASSO,Primaria,COYOACÁN,-99.14653333,19.34742222,121,113,14.1593,0,0,30.0885,34,113,12.3894,14,113,28.3186,32,113,18.8079,76,16.8142,19,113,0.708,100,113,113
09DPR2004Y,RIO PANUCO,MATUTINO,2024-2025 | 2025-2026,09DPR2004Y,RIO PANUCO,Primaria,TLALPAN,-99.16276111,19.29523611,278,222,14.0541,0.4505,0,33.3333,74,222,10.3604,23,222,26.1261,58,222,19.6304,135,18.018,40,222,0.7027,99.5495,221,222
09DPR2121N,HEROES DE LA NAVAL,VESPERTINO,2024-2025 | 2025-2026,09DPR2121N,HEROES DE LA NAVAL,Primaria,ÁLVARO OBREGÓN,-99.20298056,19.37502222,134,146,13.9726,0,0,27.3973,40,146,17.8082,26,146,24.6575,36,146,19.0471,85,19.863,29,146,0.6986,100,146,146
09DPR5016X,JOSÉ MARIA TAPIA FREYDING,VESPERTINO,2024-2025 | 2025-2026,09DPR2117A,JOSÉ MARIA TAPIA FREYDING,Primaria,ÁLVARO OBREGÓN,-99.25462222,19.35698611,195,101,13.8614,0.9901,0,36.6337,37,101,30.6931,31,101,0.9901,1,101,,,13.8614,14,101,0.6931,99.0099,100,101
09DPR0867O,LIC. FELIPE RIVERA,MATUTINO,2024-2025 | 2025-2026,09DPR0867O,LIC. FELIPE RIVERA,Primaria,CUAUHTÉMOC,-99.14866111,19.40713333,107,98,13.0612,2.0408,0,29.5918,29,98,16.3265,16,98,17.3469,17,98,21.7027,37,20.4082,20,98,0.6531,97.9592,96,98
09DPR1247N,DR. MANUEL GAMIO,VESPERTINO,2025-2026,09DPR2088W,DR. MANUEL GAMIO,Primaria,IZTAPALAPA,-99.0111,19.36227778,105,72,13.0556,0,0,48.6111,35,72,13.8889,10,72,2.7778,2,72,,,6.9444,5,72,0.6528,100,72,72
09DPR1290B,HÉROES DE EL CARRIZAL,MATUTINO,2024-2025 | 2025-2026,09DPR1290B,HÉROES DE EL CARRIZAL,Primaria,BENITO JUÁREZ,-99.13524722,19.39295278,181,142,12.1127,1.4085,0,25.3521,36,142,14.0845,20,142,19.7183,28,142,18.1697,66,18.3099,26,142,0.6056,98.5915,140,142
09DPR2240A,FRANCISCO GABILONDO SOLER,VESPERTINO,2025-2026,09DPR2943R,FRANCISCO GABILONDO SOLER,Primaria,IZTACALCO,-99.10873611,19.38710833,125,110,11.6364,0,0,21.8182,24,110,16.3636,18,110,20,22,110,19.7333,42,20.9091,23,110,0.5818,100,110,110
09DPR0009F,PROFR. MANUEL RAFAEL GUTIERREZ,VESPERTINO,2024-2025,09DPR0009F,PROFR. MANUEL RAFAEL GUTIERREZ,Primaria,TLÁHUAC,-99.00582778,19.28943611,269,234,11.3675,1.7094,0,9.4017,22,234,8.1197,19,234,37.6068,88,234,18.2313,230,8.9744,21,234,0.5684,98.2906,230,234
09DPR2197C,GRAL. PEDRO OGAZÓN,VESPERTINO,2024-2025 | 2025-2026,09DPR2196D,GRAL. PEDRO OGAZÓN,Primaria,GUSTAVO A. MADERO,-99.06923611,19.46715,98,86,9.7674,5.814,0,4.6512,4,86,16.2791,14,86,22.093,19,86,13.2137,80,9.3023,8,86,0.4884,94.186,81,86
09DPR1217T,ING. ROBERTO GAYOL,VESPERTINO,2024-2025 | 2025-2026,09DPR1216U,ING. ROBERTO GAYOL,Primaria,IZTAPALAPA,-99.07088333,19.31037778,184,142,9.2958,6.338,0,13.3803,19,142,19.7183,28,142,7.0423,10,142,17.7323,31,14.7887,21,142,0.4648,93.662,133,142
09DPR4153T,PROFRA. ALICIA MARTÍNEZ MONTOYA,VESPERTINO,2024-2025 | 2025-2026,09DPR4153T,PROFRA. ALICIA MARTÍNEZ MONTOYA,Primaria,IZTAPALAPA,-99.02378333,19.37379444,155,108,9.2593,1.8519,0,17.5926,19,108,15.7407,17,108,11.1111,12,108,,,16.6667,18,108,0.463,98.1481,106,108
